/*
Navicat SQL Server Data Transfer

Source Server         : Somee
Source Server Version : 110000
Source Host           : JJSSDB1.mssql.somee.com:1433
Source Database       : JJSSDB1
Source Schema         : dbo

Target Server Type    : SQL Server
Target Server Version : 110000
File Encoding         : 65001

Date: 2017-05-31 23:23:54
*/


-- ----------------------------
-- Table structure for academia
-- ----------------------------
DROP TABLE [dbo].[academia]
GO
CREATE TABLE [dbo].[academia] (
[id_academia] int NOT NULL IDENTITY(1,1) ,
[nombre] nvarchar(45) NULL DEFAULT NULL ,
[telefono] int NULL DEFAULT NULL ,
[id_direccion] int NULL DEFAULT NULL 
)


GO

-- ----------------------------
-- Records of academia
-- ----------------------------
SET IDENTITY_INSERT [dbo].[academia] ON
GO
SET IDENTITY_INSERT [dbo].[academia] OFF
GO

-- ----------------------------
-- Table structure for alumno
-- ----------------------------
DROP TABLE [dbo].[alumno]
GO
CREATE TABLE [dbo].[alumno] (
[id_alumno] int NOT NULL IDENTITY(1,1) ,
[nombre] nvarchar(50) NOT NULL ,
[apellido] nvarchar(50) NOT NULL ,
[fecha_nacimiento] date NULL ,
[id_faja] int NULL ,
[id_categoria] int NULL ,
[sexo] smallint NULL ,
[dni] int NOT NULL ,
[telefono] bigint NULL ,
[mail] nvarchar(80) NULL ,
[id_direccion] int NULL ,
[fecha_ingreso] date NOT NULL ,
[foto_perfil] image NULL ,
[telefono_emergencia] bigint NULL 
)


GO
DBCC CHECKIDENT(N'[dbo].[alumno]', RESEED, 11)
GO

-- ----------------------------
-- Records of alumno
-- ----------------------------
SET IDENTITY_INSERT [dbo].[alumno] ON
GO
INSERT INTO [dbo].[alumno] ([id_alumno], [nombre], [apellido], [fecha_nacimiento], [id_faja], [id_categoria], [sexo], [dni], [telefono], [mail], [id_direccion], [fecha_ingreso], [foto_perfil], [telefono_emergencia]) VALUES (N'9', N'Josesito', N'Paez', N'2017-05-14', N'1', null, N'1', N'38214947', N'351239', N'emiliobucha@gasl.com', null, N'2017-05-26', null, N'3512456')
GO
GO
INSERT INTO [dbo].[alumno] ([id_alumno], [nombre], [apellido], [fecha_nacimiento], [id_faja], [id_categoria], [sexo], [dni], [telefono], [mail], [id_direccion], [fecha_ingreso], [foto_perfil], [telefono_emergencia]) VALUES (N'10', N'Emilio Ezequiel', N'Paez', N'2017-05-14', N'1', null, N'1', N'54326234', N'351239', N'emiliobucha@gasl.com', null, N'2017-05-26', null, N'3512456')
GO
GO
INSERT INTO [dbo].[alumno] ([id_alumno], [nombre], [apellido], [fecha_nacimiento], [id_faja], [id_categoria], [sexo], [dni], [telefono], [mail], [id_direccion], [fecha_ingreso], [foto_perfil], [telefono_emergencia]) VALUES (N'11', N'Susana', N'Legora', N'1995-08-12', N'1', null, N'0', N'5000000', N'3333333', N'33333', N'2', N'2017-05-27', null, N'3333333')
GO
GO
SET IDENTITY_INSERT [dbo].[alumno] OFF
GO

-- ----------------------------
-- Table structure for alumno_imagen
-- ----------------------------
DROP TABLE [dbo].[alumno_imagen]
GO
CREATE TABLE [dbo].[alumno_imagen] (
[id_alumno] int NOT NULL ,
[imagen] binary(8000) NULL ,
[id_alumnoimagen] int NOT NULL IDENTITY(1,1) 
)


GO
DBCC CHECKIDENT(N'[dbo].[alumno_imagen]', RESEED, 2)
GO

-- ----------------------------
-- Records of alumno_imagen
-- ----------------------------
SET IDENTITY_INSERT [dbo].[alumno_imagen] ON
GO
INSERT INTO [dbo].[alumno_imagen] ([id_alumno], [imagen], [id_alumnoimagen]) VALUES (N'10', 0xFFD8FFE000104A46494600010101006000600000FFDB0043000201010201010202020202020202030503030303030604040305070607070706070708090B0908080A0807070A0D0A0A0B0C0C0C0C07090E0F0D0C0E0B0C0C0CFFDB004301020202030303060303060C0807080C0C0C0C0C0C0C0C0C0C0C0C0C0C0C0C0C0C0C0C0C0C0C0C0C0C0C0C0C0C0C0C0C0C0C0C0C0C0C0C0C0C0C0C0C0C0C0C0C0CFFC00011080009000903012200021101031101FFC4001F0000010501010101010100000000000000000102030405060708090A0BFFC400B5100002010303020403050504040000017D01020300041105122131410613516107227114328191A1082342B1C11552D1F02433627282090A161718191A25262728292A3435363738393A434445464748494A535455565758595A636465666768696A737475767778797A838485868788898A92939495969798999AA2A3A4A5A6A7A8A9AAB2B3B4B5B6B7B8B9BAC2C3C4C5C6C7C8C9CAD2D3D4D5D6D7D8D9DAE1E2E3E4E5E6E7E8E9EAF1F2F3F4F5F6F7F8F9FAFFC4001F0100030101010101010101010000000000000102030405060708090A0BFFC400B51100020102040403040705040400010277000102031104052131061241510761711322328108144291A1B1C109233352F0156272D10A162434E125F11718191A262728292A35363738393A434445464748494A535455565758595A636465666768696A737475767778797A82838485868788898A92939495969798999AA2A3A4A5A6A7A8A9AAB2B3B4B5B6B7B8B9BAC2C3C4C5C6C7C8C9CAD2D3D4D5D6D7D8D9DAE2E3E4E5E6E7E8E9EAF2F3F4F5F6F7F8F9FAFFDA000C03010002110311003F00FC000DB4E470474357FF00E12DD57FE825A87FE043FF008D67D7EB05007FFFD900000000000000000000000000000000000000000000000000000000000000000000000000000000000000000000000000000000000000000000000000000000000000000000000000000000000000000000000000000000000000000000000000000000000000000000000000000000000000000000000000000000000000000000000000000000000000000000000000000000000000000000000000000000000000000000000000000000000000000000000000000000000000000000000000000000000000000000000000000000000000000000000000000000000000000000000000000000000000000000000000000000000000000000000000000000000000000000000000000000000000000000000000000000000000000000000000000000000000000000000000000000000000000000000000000000000000000000000000000000000000000000000000000000000000000000000000000000000000000000000000000000000000000000000000000000000000000000000000000000000000000000000000000000000000000000000000000000000000000000000000000000000000000000000000000000000000000000000000000000000000000000000000000000000000000000000000000000000000000000000000000000000000000000000000000000000000000000000000000000000000000000000000000000000000000000000000000000000000000000000000000000000000000000000000000000000000000000000000000000000000000000000000000000000000000000000000000000000000000000000000000000000000000000000000000000000000000000000000000000000000000000000000000000000000000000000000000000000000000000000000000000000000000000000000000000000000000000000000000000000000000000000000000000000000000000000000000000000000000000000000000000000000000000000000000000000000000000000000000000000000000000000000000000000000000000000000000000000000000000000000000000000000000000000000000000000000000000000000000000000000000000000000000000000000000000000000000000000000000000000000000000000000000000000000000000000000000000000000000000000000000000000000000000000000000000000000000000000000000000000000000000000000000000000000000000000000000000000000000000000000000000000000000000000000000000000000000000000000000000000000000000000000000000000000000000000000000000000000000000000000000000000000000000000000000000000000000000000000000000000000000000000000000000000000000000000000000000000000000000000000000000000000000000000000000000000000000000000000000000000000000000000000000000000000000000000000000000000000000000000000000000000000000000000000000000000000000000000000000000000000000000000000000000000000000000000000000000000000000000000000000000000000000000000000000000000000000000000000000000000000000000000000000000000000000000000000000000000000000000000000000000000000000000000000000000000000000000000000000000000000000000000000000000000000000000000000000000000000000000000000000000000000000000000000000000000000000000000000000000000000000000000000000000000000000000000000000000000000000000000000000000000000000000000000000000000000000000000000000000000000000000000000000000000000000000000000000000000000000000000000000000000000000000000000000000000000000000000000000000000000000000000000000000000000000000000000000000000000000000000000000000000000000000000000000000000000000000000000000000000000000000000000000000000000000000000000000000000000000000000000000000000000000000000000000000000000000000000000000000000000000000000000000000000000000000000000000000000000000000000000000000000000000000000000000000000000000000000000000000000000000000000000000000000000000000000000000000000000000000000000000000000000000000000000000000000000000000000000000000000000000000000000000000000000000000000000000000000000000000000000000000000000000000000000000000000000000000000000000000000000000000000000000000000000000000000000000000000000000000000000000000000000000000000000000000000000000000000000000000000000000000000000000000000000000000000000000000000000000000000000000000000000000000000000000000000000000000000000000000000000000000000000000000000000000000000000000000000000000000000000000000000000000000000000000000000000000000000000000000000000000000000000000000000000000000000000000000000000000000000000000000000000000000000000000000000000000000000000000000000000000000000000000000000000000000000000000000000000000000000000000000000000000000000000000000000000000000000000000000000000000000000000000000000000000000000000000000000000000000000000000000000000000000000000000000000000000000000000000000000000000000000000000000000000000000000000000000000000000000000000000000000000000000000000000000000000000000000000000000000000000000000000000000000000000000000000000000000000000000000000000000000000000000000000000000000000000000000000000000000000000000000000000000000000000000000000000000000000000000000000000000000000000000000000000000000000000000000000000000000000000000000000000000000000000000000000000000000000000000000000000000000000000000000000000000000000000000000000000000000000000000000000000000000000000000000000000000000000000000000000000000000000000000000000000000000000000000000000000000000000000000000000000000000000000000000000000000000000000000000000000000000000000000000000000000000000000000000000000000000000000000000000000000000000000000000000000000000000000000000000000000000000000000000000000000000000000000000000000000000000000000000000000000000000000000000000000000000000000000000000000000000000000000000000000000000000000000000000000000000000000000000000000000000000000000000000000000000000000000000000000000000000000000000000000000000000000000000000000000000000000000000000000000000000000000000000000000000000000000000000000000000000000000000000000000000000000000000000000000000000000000000000000000000000000000000000000000000000000000000000000000000000000000000000000000000000000000000000000000000000000000000000000000000000000000000000000000000000000000000000000000000000000000000000000000000000000000000000000000000000000000000000000000000000000000000000000000000000000000000000000000000000000000000000000000000000000000000000000000000000000000000000000000000000000000000000000000000000000000000000000000000000000000000000000000000000000000000000000000000000000000000000000000000000000000000000000000000000000000000000000000000000000000000000000000000000000000000000000000000000000000000000000000000000000000000000000000000000000000000000000000000000000000000000000000000000000000000000000000000000000000000000000000000000000000000000000000000000000000000000000000000000000000000000000000000000000000000000000000000000000000000000000000000000000000000000000000000000000000000000000000000000000000000000000000000000000000000000000000000000000000000000000000000000000000000000000000000000000000000000000000000000000000000000000000000000000000000000000000000000000000000000000000000000000000000000000000000000000000000000000000000000000000000000000000000000000000000000000000000000000000000000000000000000000000000000000000000000000000000000000000000000000000000000000000000000000000000000000000000000000000000000000000000000000000000000000000000000000000000000000000000000000000000000000000000000000000000000000000000000000000000000000000000000000000000000000000000000000000000000000000000000000000000000000000000000000000000000000000000000000000000000000000000000000000000000000000000000000000000000000000000000000000000000000000000000000000000000000000000000000000000000000000000000000000000000000000000000000000000000000000000000000000000000000000000000000000000000000000000000000000000000000000000000000000000000000000000000000000000000000000000000000000000000000000000000000000000000000000000000000000000000000000000000000000000000000000000000000000000000000000000000000000000000000000000000000000000000000000000000000000000000000000000000000000000000000000000000000000000000000000000000000000000000000000000000000000000000000000000000000000000000000000000000000000000000000000000000000000000000000000000000000000000000000000000000000000000000000000000000000000000000000000000000000000000000000000000000000000000000000000000000000000000000000000000000000000000000000000000000000000000000000000000000000000000000000000000000000000000000000000000000000000000000000000000000000000000000000000000000000000000000000000000000000000000000000000000000000000000000000000000000000000000000000000000000000000000000000000000000000000000000000000000000000000000000000000000000000000000000000000000000000000000000000000000000000000000000000000000000000000000000000000000000000000000000000000000000000000000000000000000000000000000000000000000000000000000000000000000000000000000000000000000000000000000000000000000000000000000000000000000000000000000000000000000000000000000000000000000000000000000000000000000000000000000000000000000000000000000000000000000000000000000000000000000000000000000000000000000000000000000000000000000000000000000000000000000000000000000000000000000000000000000000000000000000000000000000000000000000000000000000000000000000000000000000000000000000000000000000000000000000000000000000000000000000000000000000000000000000000000000000000000000000000000000000000000000000000000000000000000000000000000000000000000000000000000000000000000000000000000000000000000000000000000000000000000000000000000000000000000000000000000000000000000000000000000000000000000000000000000000000000000000000000000000000000000000000000000000000000000000000000000000000000000000000000000000000000000000000000000000000000000000000000000000000000000000000000000000000000000000000000000000000000000000000000000000000000000000000000000000000000000000000000000000000000000000000000000000000000000000000000000000000000000000000000000000000000000000000000000000000000000000000000000000000000000000000000000000000000000000000000000000000000000000000000000000000000000000000000000000000000000000000000000000000000000000000000000000000000000000000000000000000000000000000000000000000000000000000000000000000000000000000000000000000000000000000000000000000000000000000000000000000000000000000000000000000000000000000000000000000000000000000000000000000000000000000000000000000000000000000000000000000000000000000000000000000000000000000000000000000000000000000000000000000000000000000000000000000000000000000000000000000000000000000000000000000000000000000000000000000000000000000000000000000000000000000000000000000000000000000000000000000000000000000000000000000000000000000000000000000000000000000000000000000000000000000000000000000000000000000000000000000000000000000000000000000000000000000000000000000000000000000000000000000000000000000000000000000000000000000000000000000000000000000000000000000000000000000000000000000000000000000000000000000000000000000000000000000000000000000000000000000000000000000000000000000000000000000000000000000000000000000000000000000000000000000000000000000000000000000000000000000000000000000000000000000000000000000000000000000000000000000000000000000000000000000000000000000000000000000000000000000000000000000000000000000000000000000000000000000000000000000000000000000000000000000000000000000000000000000000000000000000000000000000000000000000000000000000000000000000000000000000000000000000000000000000000000000000000000000000000000000000000000000000000000000000000000000000000000000000000000000000000000000000000000000000000000000000000000000000000000000000000000000000000000000000000000000000000000000000000000000000000000000000000000000000000000000000000000000000000000000000000000000000000000000000000000000000000000000000000000000000000000000000000000000000000000000000000000000000000000000000000000000000000000000000000000000000000000000000000000000000000000000000000000000000000000000000000000000000000000000000000000000000000000000000000000000000000000000000000000000000000000000000000000000000000000000000000000000000000000000000000000000000000000000000000000000000000000000000000000000000000000000000000000000000000000000000000000000000000000000000000000000000000000000000000000000000000000000000000000000000000000000000000000000000000000000000000000000000000000000000000000000000000000000000000000000000000000000000000000000000000000000000000000000000000000000000000000000000000000000000000000000000000000000000000000000000000000000000000000000000000000000000000000000000000000000000000000000000000000000000000000000000000000000000000000000000000000000000000000000000000000000000000000000000000000000000000000000000000000000000000000000000000000000000000000000000000000000000000000000000000000000000000000000000000000000000000000000000000000000000000000000000000000000000000000000000000000000000000000000000000000000000000000000000000000000000000000000000000000000000000000000000000000000000000000000000000000000000000000000000000000000000000000000000000000000000000000000000000000000000000000000000000000000000000000000000000000000000000000000000000000000000000000000000000000000000000000000000000000000000000000000000000000000000000000000000000000000000000000000000000000000000000000000000000000000000000000000000000000000000000000000000000000000000000000000000000000000000000000000000000000000000000000000000000000000000000000000000000000000000000000000000000000000000000000000000000000000000000000000000000000000000000000000000000000000000000000000000000000000000000000000000000000000000000000000000000000000000000000000000000000000000000000000000000000000000000000000000000000000000000000000000000000000000000000000000000000000000000000000000000000000000000000000000000000000000000000000000000000000000000000000000000000000000000000000000000000000000000000000000000000000000000000000000000000000000000000000000000000000000000000000000000000000000000000000000000000000000000000000000000000000000000000000000000000000000000000000000000000000000000000000000000000000000000000000000000000000000000000000000000000000000000000000000000000000000000000000000000000000000000000000000000000000000000000000000000000000000000000000000000000000000000000000000000000000000000000000000000000000000000000000000000000000000000000000000000000000000000000000000000000000000000000000000000000000000000000000000000000000000000000000000000000000000000000000000000000000000000000000000000000000000000000000000000000000000000000000000000000000000000000000000000000000000000000000000000000000000000000000000000000000000000000000000000000000000000000000000000000000000000000000000000000000000000000000000000000000000000000000000000000000000000000000000000000000000000000000000000000000000000000000000000000000000000000000000000000000000000000000000000000000000000000000000000000000000000000000000000000000000000000000000000000000000000000000000000000000000000000000000000000000000000000000000000000000000000000000000000000000000000000000000000000000000000000000000000000000000000000000000000000000000000000000000000000000000000000000000000000000000000000000000000000000000000000000000000000000000000000000000000000000000000000000000000000000000000000000000000000000000000000000000000000000000000000000000000000000000000000000000000000000000000000000, N'1')
GO
GO
INSERT INTO [dbo].[alumno_imagen] ([id_alumno], [imagen], [id_alumnoimagen]) VALUES (N'11', 0x0000000000000000000000000000000000000000000000000000000000000000000000000000000000000000000000000000000000000000000000000000000000000000000000000000000000000000000000000000000000000000000000000000000000000000000000000000000000000000000000000000000000000000000000000000000000000000000000000000000000000000000000000000000000000000000000000000000000000000000000000000000000000000000000000000000000000000000000000000000000000000000000000000000000000000000000000000000000000000000000000000000000000000000000000000000000000000000000000000000000000000000000000000000000000000000000000000000000000000000000000000000000000000000000000000000000000000000000000000000000000000000000000000000000000000000000000000000000000000000000000000000000000000000000000000000000000000000000000000000000000000000000000000000000000000000000000000000000000000000000000000000000000000000000000000000000000000000000000000000000000000000000000000000000000000000000000000000000000000000000000000000000000000000000000000000000000000000000000000000000000000000000000000000000000000000000000000000000000000000000000000000000000000000000000000000000000000000000000000000000000000000000000000000000000000000000000000000000000000000000000000000000000000000000000000000000000000000000000000000000000000000000000000000000000000000000000000000000000000000000000000000000000000000000000000000000000000000000000000000000000000000000000000000000000000000000000000000000000000000000000000000000000000000000000000000000000000000000000000000000000000000000000000000000000000000000000000000000000000000000000000000000000000000000000000000000000000000000000000000000000000000000000000000000000000000000000000000000000000000000000000000000000000000000000000000000000000000000000000000000000000000000000000000000000000000000000000000000000000000000000000000000000000000000000000000000000000000000000000000000000000000000000000000000000000000000000000000000000000000000000000000000000000000000000000000000000000000000000000000000000000000000000000000000000000000000000000000000000000000000000000000000000000000000000000000000000000000000000000000000000000000000000000000000000000000000000000000000000000000000000000000000000000000000000000000000000000000000000000000000000000000000000000000000000000000000000000000000000000000000000000000000000000000000000000000000000000000000000000000000000000000000000000000000000000000000000000000000000000000000000000000000000000000000000000000000000000000000000000000000000000000000000000000000000000000000000000000000000000000000000000000000000000000000000000000000000000000000000000000000000000000000000000000000000000000000000000000000000000000000000000000000000000000000000000000000000000000000000000000000000000000000000000000000000000000000000000000000000000000000000000000000000000000000000000000000000000000000000000000000000000000000000000000000000000000000000000000000000000000000000000000000000000000000000000000000000000000000000000000000000000000000000000000000000000000000000000000000000000000000000000000000000000000000000000000000000000000000000000000000000000000000000000000000000000000000000000000000000000000000000000000000000000000000000000000000000000000000000000000000000000000000000000000000000000000000000000000000000000000000000000000000000000000000000000000000000000000000000000000000000000000000000000000000000000000000000000000000000000000000000000000000000000000000000000000000000000000000000000000000000000000000000000000000000000000000000000000000000000000000000000000000000000000000000000000000000000000000000000000000000000000000000000000000000000000000000000000000000000000000000000000000000000000000000000000000000000000000000000000000000000000000000000000000000000000000000000000000000000000000000000000000000000000000000000000000000000000000000000000000000000000000000000000000000000000000000000000000000000000000000000000000000000000000000000000000000000000000000000000000000000000000000000000000000000000000000000000000000000000000000000000000000000000000000000000000000000000000000000000000000000000000000000000000000000000000000000000000000000000000000000000000000000000000000000000000000000000000000000000000000000000000000000000000000000000000000000000000000000000000000000000000000000000000000000000000000000000000000000000000000000000000000000000000000000000000000000000000000000000000000000000000000000000000000000000000000000000000000000000000000000000000000000000000000000000000000000000000000000000000000000000000000000000000000000000000000000000000000000000000000000000000000000000000000000000000000000000000000000000000000000000000000000000000000000000000000000000000000000000000000000000000000000000000000000000000000000000000000000000000000000000000000000000000000000000000000000000000000000000000000000000000000000000000000000000000000000000000000000000000000000000000000000000000000000000000000000000000000000000000000000000000000000000000000000000000000000000000000000000000000000000000000000000000000000000000000000000000000000000000000000000000000000000000000000000000000000000000000000000000000000000000000000000000000000000000000000000000000000000000000000000000000000000000000000000000000000000000000000000000000000000000000000000000000000000000000000000000000000000000000000000000000000000000000000000000000000000000000000000000000000000000000000000000000000000000000000000000000000000000000000000000000000000000000000000000000000000000000000000000000000000000000000000000000000000000000000000000000000000000000000000000000000000000000000000000000000000000000000000000000000000000000000000000000000000000000000000000000000000000000000000000000000000000000000000000000000000000000000000000000000000000000000000000000000000000000000000000000000000000000000000000000000000000000000000000000000000000000000000000000000000000000000000000000000000000000000000000000000000000000000000000000000000000000000000000000000000000000000000000000000000000000000000000000000000000000000000000000000000000000000000000000000000000000000000000000000000000000000000000000000000000000000000000000000000000000000000000000000000000000000000000000000000000000000000000000000000000000000000000000000000000000000000000000000000000000000000000000000000000000000000000000000000000000000000000000000000000000000000000000000000000000000000000000000000000000000000000000000000000000000000000000000000000000000000000000000000000000000000000000000000000000000000000000000000000000000000000000000000000000000000000000000000000000000000000000000000000000000000000000000000000000000000000000000000000000000000000000000000000000000000000000000000000000000000000000000000000000000000000000000000000000000000000000000000000000000000000000000000000000000000000000000000000000000000000000000000000000000000000000000000000000000000000000000000000000000000000000000000000000000000000000000000000000000000000000000000000000000000000000000000000000000000000000000000000000000000000000000000000000000000000000000000000000000000000000000000000000000000000000000000000000000000000000000000000000000000000000000000000000000000000000000000000000000000000000000000000000000000000000000000000000000000000000000000000000000000000000000000000000000000000000000000000000000000000000000000000000000000000000000000000000000000000000000000000000000000000000000000000000000000000000000000000000000000000000000000000000000000000000000000000000000000000000000000000000000000000000000000000000000000000000000000000000000000000000000000000000000000000000000000000000000000000000000000000000000000000000000000000000000000000000000000000000000000000000000000000000000000000000000000000000000000000000000000000000000000000000000000000000000000000000000000000000000000000000000000000000000000000000000000000000000000000000000000000000000000000000000000000000000000000000000000000000000000000000000000000000000000000000000000000000000000000000000000000000000000000000000000000000000000000000000000000000000000000000000000000000000000000000000000000000000000000000000000000000000000000000000000000000000000000000000000000000000000000000000000000000000000000000000000000000000000000000000000000000000000000000000000000000000000000000000000000000000000000000000000000000000000000000000000000000000000000000000000000000000000000000000000000000000000000000000000000000000000000000000000000000000000000000000000000000000000000000000000000000000000000000000000000000000000000000000000000000000000000000000000000000000000000000000000000000000000000000000000000000000000000000000000000000000000000000000000000000000000000000000000000000000000000000000000000000000000000000000000000000000000000000000000000000000000000000000000000000000000000000000000000000000000000000000000000000000000000000000000000000000000000000000000000000000000000000000000000000000000000000000000000000000000000000000000000000000000000000000000000000000000000000000000000000000000000000000000000000000000000000000000000000000000000000000000000000000000000000000000000000000000000000000000000000000000000000000000000000000000000000000000000000000000000000000000000000000000000000000000000000000000000000000000000000000000000000000000000000000000000000000000000000000000000000000000000000000000000000000000000000000000000000000000000000000000000000000000000000000000000000000000000000000000000000000000000000000000000000000000000000000000000000000000000000000000000000000000000000000000000000000000000000000000000000000000000000000000000000000000000000000000000000000000000000000000000000000000000000000000000000000000000000000000000000000000000000000000000000000000000000000000000000000000000000000000000000000000000000000000000000000000000000000000000000000000000000000000000000000000000000000000000000000000000000000000000000000000000000000000000000000000000000000000000000000000000000000000000000000000000000000000000000000000000000000000000000000000000000000000000000000000000000000000000000000000000000000000000000000000000000000000000000000000000000000000000000000000000000000000000000000000000000000000000000000000000000000000000000000000000000000000000000000000000000000000000000000000000000000000000000000000000000000000000000000000000000000000000000000000000000000000000000000000000000000000000000000000000000000000000000000000000000000000000000000000000000000000000000000000000000000000000000000000000000000000000000000000000000000000000000000000000000000000000000000000000000000000000000000000000000000000000000000000000000000000000000000000000000000000000000000000000000000000000000000000000000000000000000000000000000000000000000000000000000000000000000000000000000000000000000000000000000000000000000000000000000000000000000000000000000000000000000000000000000000000000000000000000000000000000000000000000000000000000000000000000000000000000000000000000000000000000000000000000000000000000000000000000000000000000000000000000000000000000000000000000000000000000000000000000000000000000000000000000000000000000000000000000000000000000000000000000000000000000000000000000000000000000000000000000000000000000000000000000000000000000000000000000000000000000000000000000000000000000000000000000000000000000000000000000000000000000000000000000000000000000000000000000000000000000000000000000000000000000000000000000000000000000000000000000000000000000000000000000000000000000000000000000000000000000000000000000000000000000000000000000000000000000000000000000000000000000000000000000000000000000000000000000000000000000000000000000000000000000000000000000000000000000000000000000000000000000000000000000000000000000000000000000000000000000000000000000000000000000000000000000000000000000000000000000000000000000000000000000000000000000000000000000000000000000000000000000000000000000000000000000000000000000000000000000000000000000000000000000000000000000000000000000000000000000000000000000000000000000000000000000000000000000000000000000000000000000000000000000000000000000000000000000000000000000000000000000000000000000000000000000000000000000000000000000000000000000000000000000000000000000000000000000000000000000000000000000000000000000000000000000000000000000000000000000000000000000000000000000000000000000000000000000000000000000000000000000000000000000000000000000000000000000000000000000000000000000000000000000000000000000000000000000000000000000000000000000000000000000000000000000000000000000000000000000000000000000000000000000000000000000000000000000000000000000000000000000000000000000000000000000000000000000000000000000000000000000000000000000000000000000000000000000000000000000000000000000000000000000000000000000000000000000000000000000000000000000000000000000000000000000000000000000000000000000000000000000000000000000000000000000000000000000000000000000000000000000000000000000000000000000000000000000000000000000000000000000000000000000000000000000000000000000000000000000000000000000000000000000000000000000000000000000000000000000000000000000000000000000000000000000000000000000000000000000000000000000000000000000000000000000000000000000000000000000000000000000000000000000000000000000000000000000000000000000000000000000000000000000000000000000000000000000000000000000000000000000000000000000000000000000000000000000000000000000000000000000000000000000000000000000000000000000000000000000000000000000000000000000000000000000000000000000000000000000000000000000000000000000000000000000000000000000000000000000000000000000000000000000000000000000000000000000000000000000000000000000000000000000000000000000000000000000000000000000000000000000000000000000000000000000000000000000000000000000000000000000000000000000000000000000000000000000000000000000000000000000000000000000000000000000000000000000000000000000000000000000000000000000000000000000000000000000000000000000000000000000000000000000000000000000000000000000000000000000000000000000000000000000000000000000000000000000000000000000000000000000000000000000000000000000000000000000000000000000000000000000000000000000000000000000000000000000000000000000000000000000000000000000000000000000000000000000000000000000000000000000000000000000000000000000000000000000000000000000000000000000000000000000000000000000000000000000000000000000000000000000000000000000000000000000000000000000000000000000000000000000000000000000000000000000000000000000000000000000000000000000000000000000000000000000000000000000000000000000000000000000000000000000000000000000000000000000000000000000000000000000000000000000000000000000000000000000000000000000000000000000000000000000000000000000000000000000000000000000000000000000000000000000000000000000000000000000000000000000000000000000000000000000000000000000000000000000000000000000000000000000000000000000000000000000000000000000000000000000000000000000000000000000000000000000000000000000000000000000000000000000000000000000000000000000000000000000000000000000000000000000000000000000000000000000000000000000000000000000000000000000000000000000000000000000000000000000000000000000000000000000000000000000000000000000000000000000000000000000000000000000000000000000000000000000000000000000000000000000000000000000000000000000000000000000000000000000000000000000000000000000000000000000000000000000000000000000000000000000000000000000000000000000000000000000000000000000000000000000000000000000000000000000000000000000000000000000000000000000000000000000000000000000000000000000000000000000000000000000000000000000000000000000000000000000000000000000000000000000000000000000000000000000000000000000000000000000000000000000000000000000000000000000000000000000000000000000000000000000000000000000000000000000000000000000000000000000000000000000000000000000000000000000000000000000000000000000000000000000000000000000000000000000000000000000000000000000000000000000000000000000000000000000000000000000000000000000000000000000000000000000000000000000000000000000000000000000000000000000000000000000000000000000000000000000000000000000000000000000000000000000000000000000000000000000000000000000000000000000000000000000000000000000000000000000000000000000000000000000000000000000000000000000000000000000000000000000000000000000000000, N'2')
GO
GO
SET IDENTITY_INSERT [dbo].[alumno_imagen] OFF
GO

-- ----------------------------
-- Table structure for categoria
-- ----------------------------
DROP TABLE [dbo].[categoria]
GO
CREATE TABLE [dbo].[categoria] (
[id_categoria] int NOT NULL IDENTITY(1,1) ,
[nombre] nvarchar(45) NULL DEFAULT NULL ,
[peso_desde] float(53) NULL DEFAULT NULL ,
[peso_hasta] float(53) NULL DEFAULT NULL ,
[edad_desde] int NULL DEFAULT NULL ,
[edad_hasta] int NULL DEFAULT NULL ,
[sexo] smallint NULL 
)


GO
DBCC CHECKIDENT(N'[dbo].[categoria]', RESEED, 34)
GO
IF ((SELECT COUNT(*) from fn_listextendedproperty('MS_Description', 
'SCHEMA', N'dbo', 
'TABLE', N'categoria', 
'COLUMN', N'sexo')) > 0) 
EXEC sp_updateextendedproperty @name = N'MS_Description', @value = N'Mujer Hombre'
, @level0type = 'SCHEMA', @level0name = N'dbo'
, @level1type = 'TABLE', @level1name = N'categoria'
, @level2type = 'COLUMN', @level2name = N'sexo'
ELSE
EXEC sp_addextendedproperty @name = N'MS_Description', @value = N'Mujer Hombre'
, @level0type = 'SCHEMA', @level0name = N'dbo'
, @level1type = 'TABLE', @level1name = N'categoria'
, @level2type = 'COLUMN', @level2name = N'sexo'
GO

-- ----------------------------
-- Records of categoria
-- ----------------------------
SET IDENTITY_INSERT [dbo].[categoria] ON
GO
INSERT INTO [dbo].[categoria] ([id_categoria], [nombre], [peso_desde], [peso_hasta], [edad_desde], [edad_hasta], [sexo]) VALUES (N'1', N'Rooster Juvenile Male', N'0', N'53.5', N'0', N'16', N'1')
GO
GO
INSERT INTO [dbo].[categoria] ([id_categoria], [nombre], [peso_desde], [peso_hasta], [edad_desde], [edad_hasta], [sexo]) VALUES (N'2', N'Light Feather Juvenile Male', N'53.5', N'58.5', N'0', N'16', N'1')
GO
GO
INSERT INTO [dbo].[categoria] ([id_categoria], [nombre], [peso_desde], [peso_hasta], [edad_desde], [edad_hasta], [sexo]) VALUES (N'3', N'Feather Juvenile Male', N'58.5', N'64', N'0', N'16', N'1')
GO
GO
INSERT INTO [dbo].[categoria] ([id_categoria], [nombre], [peso_desde], [peso_hasta], [edad_desde], [edad_hasta], [sexo]) VALUES (N'4', N'Light Juvenile Male', N'64', N'69', N'0', N'16', N'1')
GO
GO
INSERT INTO [dbo].[categoria] ([id_categoria], [nombre], [peso_desde], [peso_hasta], [edad_desde], [edad_hasta], [sexo]) VALUES (N'5', N'Middle Juvenile Male', N'69', N'74', N'0', N'16', N'1')
GO
GO
INSERT INTO [dbo].[categoria] ([id_categoria], [nombre], [peso_desde], [peso_hasta], [edad_desde], [edad_hasta], [sexo]) VALUES (N'6', N'Medium Heavy Juvenile Male', N'74', N'79.3', N'0', N'16', N'1')
GO
GO
INSERT INTO [dbo].[categoria] ([id_categoria], [nombre], [peso_desde], [peso_hasta], [edad_desde], [edad_hasta], [sexo]) VALUES (N'7', N'Heavy Juvenile Male', N'79', N'84.3', N'0', N'16', N'1')
GO
GO
INSERT INTO [dbo].[categoria] ([id_categoria], [nombre], [peso_desde], [peso_hasta], [edad_desde], [edad_hasta], [sexo]) VALUES (N'8', N'Super Heavy Juvenile Male', N'84.3', N'89.3', N'0', N'16', N'1')
GO
GO
INSERT INTO [dbo].[categoria] ([id_categoria], [nombre], [peso_desde], [peso_hasta], [edad_desde], [edad_hasta], [sexo]) VALUES (N'9', N'Ultra Heavy Juvenile Male', N'89.3', N'999', N'0', N'16', N'1')
GO
GO
INSERT INTO [dbo].[categoria] ([id_categoria], [nombre], [peso_desde], [peso_hasta], [edad_desde], [edad_hasta], [sexo]) VALUES (N'10', N'Open Class Juvenile Male', N'69', N'999', N'0', N'16', N'1')
GO
GO
INSERT INTO [dbo].[categoria] ([id_categoria], [nombre], [peso_desde], [peso_hasta], [edad_desde], [edad_hasta], [sexo]) VALUES (N'11', N'Rooster Adult, Master and Senior Male', N'0', N'57.5', N'17', N'99', N'1')
GO
GO
INSERT INTO [dbo].[categoria] ([id_categoria], [nombre], [peso_desde], [peso_hasta], [edad_desde], [edad_hasta], [sexo]) VALUES (N'12', N'Light Feather Adult, Master and Senior Male', N'57.5', N'64', N'17', N'99', N'1')
GO
GO
INSERT INTO [dbo].[categoria] ([id_categoria], [nombre], [peso_desde], [peso_hasta], [edad_desde], [edad_hasta], [sexo]) VALUES (N'13', N'Feather Adult, Master and Senior Male', N'64', N'70', N'17', N'99', N'1')
GO
GO
INSERT INTO [dbo].[categoria] ([id_categoria], [nombre], [peso_desde], [peso_hasta], [edad_desde], [edad_hasta], [sexo]) VALUES (N'14', N'Light Adult, Master and Senior Male', N'70', N'76', N'17', N'99', N'1')
GO
GO
INSERT INTO [dbo].[categoria] ([id_categoria], [nombre], [peso_desde], [peso_hasta], [edad_desde], [edad_hasta], [sexo]) VALUES (N'15', N'Middle Adult, Master and Senior Male', N'76', N'82.3', N'17', N'99', N'1')
GO
GO
INSERT INTO [dbo].[categoria] ([id_categoria], [nombre], [peso_desde], [peso_hasta], [edad_desde], [edad_hasta], [sexo]) VALUES (N'16', N'Medium Heavy Adult, Master and Senior Male', N'82.3', N'88.3', N'17', N'99', N'1')
GO
GO
INSERT INTO [dbo].[categoria] ([id_categoria], [nombre], [peso_desde], [peso_hasta], [edad_desde], [edad_hasta], [sexo]) VALUES (N'17', N'Heavy Adult, Master and Senior Male', N'88.3', N'94.3', N'17', N'99', N'1')
GO
GO
INSERT INTO [dbo].[categoria] ([id_categoria], [nombre], [peso_desde], [peso_hasta], [edad_desde], [edad_hasta], [sexo]) VALUES (N'18', N'Super Heavy Adult, Master and Senior Male', N'94.3', N'100.5', N'17', N'99', N'1')
GO
GO
INSERT INTO [dbo].[categoria] ([id_categoria], [nombre], [peso_desde], [peso_hasta], [edad_desde], [edad_hasta], [sexo]) VALUES (N'19', N'Ultra Heavy Adult, Master and Senior Male', N'100.5', N'999', N'17', N'99', N'1')
GO
GO
INSERT INTO [dbo].[categoria] ([id_categoria], [nombre], [peso_desde], [peso_hasta], [edad_desde], [edad_hasta], [sexo]) VALUES (N'20', N'Open Class Adult, Master and Senior Male', N'0', N'999', N'17', N'99', N'1')
GO
GO
INSERT INTO [dbo].[categoria] ([id_categoria], [nombre], [peso_desde], [peso_hasta], [edad_desde], [edad_hasta], [sexo]) VALUES (N'21', N'Light Feather Adult, Master and Senior Female', N'0', N'53.5', N'17', N'99', N'0')
GO
GO
INSERT INTO [dbo].[categoria] ([id_categoria], [nombre], [peso_desde], [peso_hasta], [edad_desde], [edad_hasta], [sexo]) VALUES (N'22', N'Feather Adult, Master and Senior Female', N'53.5', N'58.5', N'17', N'99', N'0')
GO
GO
INSERT INTO [dbo].[categoria] ([id_categoria], [nombre], [peso_desde], [peso_hasta], [edad_desde], [edad_hasta], [sexo]) VALUES (N'23', N'Light Adult, Master and Senior Female', N'58.5', N'64', N'17', N'99', N'0')
GO
GO
INSERT INTO [dbo].[categoria] ([id_categoria], [nombre], [peso_desde], [peso_hasta], [edad_desde], [edad_hasta], [sexo]) VALUES (N'24', N'Middle Adult, Master and Senior Female', N'64', N'69', N'17', N'99', N'0')
GO
GO
INSERT INTO [dbo].[categoria] ([id_categoria], [nombre], [peso_desde], [peso_hasta], [edad_desde], [edad_hasta], [sexo]) VALUES (N'25', N'Medium Heavy Adult, Master and Senior Female', N'69', N'74', N'17', N'99', N'0')
GO
GO
INSERT INTO [dbo].[categoria] ([id_categoria], [nombre], [peso_desde], [peso_hasta], [edad_desde], [edad_hasta], [sexo]) VALUES (N'26', N'Heavy Adult, Master and Senior Female', N'74', N'999', N'17', N'99', N'0')
GO
GO
INSERT INTO [dbo].[categoria] ([id_categoria], [nombre], [peso_desde], [peso_hasta], [edad_desde], [edad_hasta], [sexo]) VALUES (N'27', N'Open Class Adult, Master and Senior Male', N'0', N'999', N'17', N'99', N'0')
GO
GO
INSERT INTO [dbo].[categoria] ([id_categoria], [nombre], [peso_desde], [peso_hasta], [edad_desde], [edad_hasta], [sexo]) VALUES (N'28', N'Light Feather Juvenile Female', N'0', N'48.3', N'0', N'16', N'0')
GO
GO
INSERT INTO [dbo].[categoria] ([id_categoria], [nombre], [peso_desde], [peso_hasta], [edad_desde], [edad_hasta], [sexo]) VALUES (N'29', N'Feather Juvenile Female', N'48.3', N'52.5', N'0', N'16', N'0')
GO
GO
INSERT INTO [dbo].[categoria] ([id_categoria], [nombre], [peso_desde], [peso_hasta], [edad_desde], [edad_hasta], [sexo]) VALUES (N'30', N'Light Juvenile Female', N'52.5', N'56.5', N'0', N'16', N'0')
GO
GO
INSERT INTO [dbo].[categoria] ([id_categoria], [nombre], [peso_desde], [peso_hasta], [edad_desde], [edad_hasta], [sexo]) VALUES (N'31', N'Middle Juvenile Female', N'56.5', N'60.5', N'0', N'16', N'0')
GO
GO
INSERT INTO [dbo].[categoria] ([id_categoria], [nombre], [peso_desde], [peso_hasta], [edad_desde], [edad_hasta], [sexo]) VALUES (N'32', N'Medium Heavy Juvenile Female', N'60.5', N'65', N'0', N'16', N'0')
GO
GO
INSERT INTO [dbo].[categoria] ([id_categoria], [nombre], [peso_desde], [peso_hasta], [edad_desde], [edad_hasta], [sexo]) VALUES (N'33', N'Heavy Juvenile Female', N'65', N'999', N'0', N'16', N'0')
GO
GO
INSERT INTO [dbo].[categoria] ([id_categoria], [nombre], [peso_desde], [peso_hasta], [edad_desde], [edad_hasta], [sexo]) VALUES (N'34', N'Open Class Juvenile Female', N'60.5', N'999', N'0', N'16', N'0')
GO
GO
SET IDENTITY_INSERT [dbo].[categoria] OFF
GO

-- ----------------------------
-- Table structure for categoria_torneo
-- ----------------------------
DROP TABLE [dbo].[categoria_torneo]
GO
CREATE TABLE [dbo].[categoria_torneo] (
[id_categoria_torneo] int NOT NULL IDENTITY(1,1) ,
[id_categoria] int NULL DEFAULT NULL ,
[sexo] smallint NULL DEFAULT NULL ,
[id_faja] int NULL DEFAULT NULL 
)


GO
DBCC CHECKIDENT(N'[dbo].[categoria_torneo]', RESEED, 13)
GO

-- ----------------------------
-- Records of categoria_torneo
-- ----------------------------
SET IDENTITY_INSERT [dbo].[categoria_torneo] ON
GO
INSERT INTO [dbo].[categoria_torneo] ([id_categoria_torneo], [id_categoria], [sexo], [id_faja]) VALUES (N'1', N'24', N'0', N'1')
GO
GO
INSERT INTO [dbo].[categoria_torneo] ([id_categoria_torneo], [id_categoria], [sexo], [id_faja]) VALUES (N'2', N'13', N'1', N'2')
GO
GO
INSERT INTO [dbo].[categoria_torneo] ([id_categoria_torneo], [id_categoria], [sexo], [id_faja]) VALUES (N'6', N'22', N'0', N'1')
GO
GO
INSERT INTO [dbo].[categoria_torneo] ([id_categoria_torneo], [id_categoria], [sexo], [id_faja]) VALUES (N'7', N'13', N'1', N'1')
GO
GO
INSERT INTO [dbo].[categoria_torneo] ([id_categoria_torneo], [id_categoria], [sexo], [id_faja]) VALUES (N'8', N'11', N'1', N'1')
GO
GO
INSERT INTO [dbo].[categoria_torneo] ([id_categoria_torneo], [id_categoria], [sexo], [id_faja]) VALUES (N'9', N'22', N'0', N'2')
GO
GO
INSERT INTO [dbo].[categoria_torneo] ([id_categoria_torneo], [id_categoria], [sexo], [id_faja]) VALUES (N'10', N'21', N'0', N'2')
GO
GO
SET IDENTITY_INSERT [dbo].[categoria_torneo] OFF
GO

-- ----------------------------
-- Table structure for ciudad
-- ----------------------------
DROP TABLE [dbo].[ciudad]
GO
CREATE TABLE [dbo].[ciudad] (
[id_ciudad] int NOT NULL IDENTITY(1,1) ,
[nombre] nvarchar(40) NULL ,
[id_provincia] int NULL 
)


GO

-- ----------------------------
-- Records of ciudad
-- ----------------------------
SET IDENTITY_INSERT [dbo].[ciudad] ON
GO
INSERT INTO [dbo].[ciudad] ([id_ciudad], [nombre], [id_provincia]) VALUES (N'1', N'La Plata', N'2')
GO
GO
INSERT INTO [dbo].[ciudad] ([id_ciudad], [nombre], [id_provincia]) VALUES (N'2', N'Córdoba', N'1')
GO
GO
INSERT INTO [dbo].[ciudad] ([id_ciudad], [nombre], [id_provincia]) VALUES (N'3', N'Alta Gracia', N'1')
GO
GO
INSERT INTO [dbo].[ciudad] ([id_ciudad], [nombre], [id_provincia]) VALUES (N'4', N'Carlos Paz', N'1')
GO
GO
INSERT INTO [dbo].[ciudad] ([id_ciudad], [nombre], [id_provincia]) VALUES (N'5', N'Villa Allende', N'1')
GO
GO
SET IDENTITY_INSERT [dbo].[ciudad] OFF
GO

-- ----------------------------
-- Table structure for clase
-- ----------------------------
DROP TABLE [dbo].[clase]
GO
CREATE TABLE [dbo].[clase] (
[id_clase] int NOT NULL IDENTITY(1,1) ,
[id_tipo_clase] int NULL ,
[precio] float(53) NULL ,
[id_profe] int NULL ,
[id_direccion] int NULL ,
[nombre] nvarchar(50) NULL 
)


GO
DBCC CHECKIDENT(N'[dbo].[clase]', RESEED, 22)
GO

-- ----------------------------
-- Records of clase
-- ----------------------------
SET IDENTITY_INSERT [dbo].[clase] ON
GO
INSERT INTO [dbo].[clase] ([id_clase], [id_tipo_clase], [precio], [id_profe], [id_direccion], [nombre]) VALUES (N'1', N'1', N'43', null, null, N'Pepitos2')
GO
GO
INSERT INTO [dbo].[clase] ([id_clase], [id_tipo_clase], [precio], [id_profe], [id_direccion], [nombre]) VALUES (N'2', N'1', N'124', null, null, N'Clase Milanesa')
GO
GO
INSERT INTO [dbo].[clase] ([id_clase], [id_tipo_clase], [precio], [id_profe], [id_direccion], [nombre]) VALUES (N'9', N'1', N'43', null, null, N'Pepitos')
GO
GO
INSERT INTO [dbo].[clase] ([id_clase], [id_tipo_clase], [precio], [id_profe], [id_direccion], [nombre]) VALUES (N'12', N'1', N'300', null, null, N'BJJ-Profesional')
GO
GO
INSERT INTO [dbo].[clase] ([id_clase], [id_tipo_clase], [precio], [id_profe], [id_direccion], [nombre]) VALUES (N'13', N'1', N'400', null, null, N'BJJ-Profesional')
GO
GO
INSERT INTO [dbo].[clase] ([id_clase], [id_tipo_clase], [precio], [id_profe], [id_direccion], [nombre]) VALUES (N'14', N'1', N'400', null, null, N'BJJ-Profesional')
GO
GO
INSERT INTO [dbo].[clase] ([id_clase], [id_tipo_clase], [precio], [id_profe], [id_direccion], [nombre]) VALUES (N'15', N'1', N'546', null, null, N'Bjjasas')
GO
GO
INSERT INTO [dbo].[clase] ([id_clase], [id_tipo_clase], [precio], [id_profe], [id_direccion], [nombre]) VALUES (N'16', N'1', N'546', null, null, N'Bjjasas')
GO
GO
INSERT INTO [dbo].[clase] ([id_clase], [id_tipo_clase], [precio], [id_profe], [id_direccion], [nombre]) VALUES (N'17', N'1', N'654', null, null, N'lallaa')
GO
GO
INSERT INTO [dbo].[clase] ([id_clase], [id_tipo_clase], [precio], [id_profe], [id_direccion], [nombre]) VALUES (N'18', N'1', N'43', null, null, N'Alex el León')
GO
GO
INSERT INTO [dbo].[clase] ([id_clase], [id_tipo_clase], [precio], [id_profe], [id_direccion], [nombre]) VALUES (N'19', N'1', N'43', null, null, N'Rapuncel BJJ')
GO
GO
INSERT INTO [dbo].[clase] ([id_clase], [id_tipo_clase], [precio], [id_profe], [id_direccion], [nombre]) VALUES (N'20', N'1', N'43', null, null, N'Muai Tyson')
GO
GO
INSERT INTO [dbo].[clase] ([id_clase], [id_tipo_clase], [precio], [id_profe], [id_direccion], [nombre]) VALUES (N'21', N'1', N'43', null, null, N'Expecto Patronum Defensa Personal')
GO
GO
INSERT INTO [dbo].[clase] ([id_clase], [id_tipo_clase], [precio], [id_profe], [id_direccion], [nombre]) VALUES (N'22', N'1', N'43', null, null, N'Jackie Chan BJJ ')
GO
GO
SET IDENTITY_INSERT [dbo].[clase] OFF
GO

-- ----------------------------
-- Table structure for direccion
-- ----------------------------
DROP TABLE [dbo].[direccion]
GO
CREATE TABLE [dbo].[direccion] (
[id_direccion] int NOT NULL IDENTITY(1,1) ,
[numero] int NULL DEFAULT NULL ,
[calle] nvarchar(50) NULL ,
[barrio] nvarchar(50) NULL ,
[departamento] nvarchar(20) NULL ,
[piso] int NULL ,
[id_ciudad] int NULL 
)


GO
DBCC CHECKIDENT(N'[dbo].[direccion]', RESEED, 2)
GO

-- ----------------------------
-- Records of direccion
-- ----------------------------
SET IDENTITY_INSERT [dbo].[direccion] ON
GO
INSERT INTO [dbo].[direccion] ([id_direccion], [numero], [calle], [barrio], [departamento], [piso], [id_ciudad]) VALUES (N'1', N'123', null, null, null, null, null)
GO
GO
INSERT INTO [dbo].[direccion] ([id_direccion], [numero], [calle], [barrio], [departamento], [piso], [id_ciudad]) VALUES (N'2', N'1373', N'Vieytes', null, N'1', N'1', N'1')
GO
GO
SET IDENTITY_INSERT [dbo].[direccion] OFF
GO

-- ----------------------------
-- Table structure for estado
-- ----------------------------
DROP TABLE [dbo].[estado]
GO
CREATE TABLE [dbo].[estado] (
[id_estado] int NOT NULL IDENTITY(1,1) ,
[nombre] nvarchar(45) NOT NULL 
)


GO
DBCC CHECKIDENT(N'[dbo].[estado]', RESEED, 4)
GO

-- ----------------------------
-- Records of estado
-- ----------------------------
SET IDENTITY_INSERT [dbo].[estado] ON
GO
INSERT INTO [dbo].[estado] ([id_estado], [nombre]) VALUES (N'1', N'InscripcionAbierta')
GO
GO
INSERT INTO [dbo].[estado] ([id_estado], [nombre]) VALUES (N'2', N'InscripcionCerrada')
GO
GO
INSERT INTO [dbo].[estado] ([id_estado], [nombre]) VALUES (N'3', N'EnCurso')
GO
GO
INSERT INTO [dbo].[estado] ([id_estado], [nombre]) VALUES (N'4', N'Finalizado')
GO
GO
SET IDENTITY_INSERT [dbo].[estado] OFF
GO

-- ----------------------------
-- Table structure for faja
-- ----------------------------
DROP TABLE [dbo].[faja]
GO
CREATE TABLE [dbo].[faja] (
[id_faja] int NOT NULL IDENTITY(1,1) ,
[color] nvarchar(45) NULL DEFAULT NULL ,
[grado] int NULL DEFAULT NULL 
)


GO
DBCC CHECKIDENT(N'[dbo].[faja]', RESEED, 2)
GO

-- ----------------------------
-- Records of faja
-- ----------------------------
SET IDENTITY_INSERT [dbo].[faja] ON
GO
INSERT INTO [dbo].[faja] ([id_faja], [color], [grado]) VALUES (N'1', N'Rojo', N'1')
GO
GO
INSERT INTO [dbo].[faja] ([id_faja], [color], [grado]) VALUES (N'2', N'Azul', N'2')
GO
GO
SET IDENTITY_INSERT [dbo].[faja] OFF
GO

-- ----------------------------
-- Table structure for horario
-- ----------------------------
DROP TABLE [dbo].[horario]
GO
CREATE TABLE [dbo].[horario] (
[id_horario] int NOT NULL IDENTITY(1,1) ,
[nombre_dia] varchar(9) NULL ,
[hora_desde] varchar(20) NULL ,
[hora_hasta] varchar(20) NULL ,
[id_clase] int NULL 
)


GO
DBCC CHECKIDENT(N'[dbo].[horario]', RESEED, 19)
GO

-- ----------------------------
-- Records of horario
-- ----------------------------
SET IDENTITY_INSERT [dbo].[horario] ON
GO
INSERT INTO [dbo].[horario] ([id_horario], [nombre_dia], [hora_desde], [hora_hasta], [id_clase]) VALUES (N'1', N'Lunes', N'12:00', N'13:00', N'1')
GO
GO
INSERT INTO [dbo].[horario] ([id_horario], [nombre_dia], [hora_desde], [hora_hasta], [id_clase]) VALUES (N'2', N'Miércoles', N'12:00', N'13:00', N'1')
GO
GO
INSERT INTO [dbo].[horario] ([id_horario], [nombre_dia], [hora_desde], [hora_hasta], [id_clase]) VALUES (N'3', N'Lunes', N'12:00', N'13:00', N'2')
GO
GO
INSERT INTO [dbo].[horario] ([id_horario], [nombre_dia], [hora_desde], [hora_hasta], [id_clase]) VALUES (N'4', N'Jueves', N'12:00', N'13:00', N'2')
GO
GO
INSERT INTO [dbo].[horario] ([id_horario], [nombre_dia], [hora_desde], [hora_hasta], [id_clase]) VALUES (N'5', N'Lunes', N'12:00', N'13:00', N'9')
GO
GO
INSERT INTO [dbo].[horario] ([id_horario], [nombre_dia], [hora_desde], [hora_hasta], [id_clase]) VALUES (N'6', N'Miércoles', N'18:00', N'19:30', N'12')
GO
GO
INSERT INTO [dbo].[horario] ([id_horario], [nombre_dia], [hora_desde], [hora_hasta], [id_clase]) VALUES (N'7', N'Jueves', N'18:00', N'19:30', N'13')
GO
GO
INSERT INTO [dbo].[horario] ([id_horario], [nombre_dia], [hora_desde], [hora_hasta], [id_clase]) VALUES (N'8', N'Jueves', N'18:00', N'19:30', N'14')
GO
GO
INSERT INTO [dbo].[horario] ([id_horario], [nombre_dia], [hora_desde], [hora_hasta], [id_clase]) VALUES (N'9', N'Martes', N'18:30', N'20:00', N'15')
GO
GO
INSERT INTO [dbo].[horario] ([id_horario], [nombre_dia], [hora_desde], [hora_hasta], [id_clase]) VALUES (N'10', N'Martes', N'18:30', N'20:00', N'16')
GO
GO
INSERT INTO [dbo].[horario] ([id_horario], [nombre_dia], [hora_desde], [hora_hasta], [id_clase]) VALUES (N'11', N'Jueves', N'12:00', N'14:00', N'17')
GO
GO
INSERT INTO [dbo].[horario] ([id_horario], [nombre_dia], [hora_desde], [hora_hasta], [id_clase]) VALUES (N'12', N'Lunes', N'11:00', N'13:00', N'18')
GO
GO
INSERT INTO [dbo].[horario] ([id_horario], [nombre_dia], [hora_desde], [hora_hasta], [id_clase]) VALUES (N'13', N'Sábado', N'14:00', N'15:00', N'18')
GO
GO
INSERT INTO [dbo].[horario] ([id_horario], [nombre_dia], [hora_desde], [hora_hasta], [id_clase]) VALUES (N'14', N'Jueves', N'14:00', N'15:00', N'18')
GO
GO
INSERT INTO [dbo].[horario] ([id_horario], [nombre_dia], [hora_desde], [hora_hasta], [id_clase]) VALUES (N'15', N'Jueves', N'12:00', N'13:00', N'19')
GO
GO
INSERT INTO [dbo].[horario] ([id_horario], [nombre_dia], [hora_desde], [hora_hasta], [id_clase]) VALUES (N'16', N'Viernes', N'12:00', N'13:00', N'19')
GO
GO
INSERT INTO [dbo].[horario] ([id_horario], [nombre_dia], [hora_desde], [hora_hasta], [id_clase]) VALUES (N'17', N'Lunes', N'12:00', N'15:00', N'20')
GO
GO
INSERT INTO [dbo].[horario] ([id_horario], [nombre_dia], [hora_desde], [hora_hasta], [id_clase]) VALUES (N'18', N'Lunes', N'11:00', N'11:59', N'21')
GO
GO
INSERT INTO [dbo].[horario] ([id_horario], [nombre_dia], [hora_desde], [hora_hasta], [id_clase]) VALUES (N'19', N'Lunes', N'12:00', N'15:00', N'22')
GO
GO
SET IDENTITY_INSERT [dbo].[horario] OFF
GO

-- ----------------------------
-- Table structure for inscripcion
-- ----------------------------
DROP TABLE [dbo].[inscripcion]
GO
CREATE TABLE [dbo].[inscripcion] (
[id_inscripcion] int NOT NULL IDENTITY(1,1) ,
[hora] varchar(20) NULL DEFAULT NULL ,
[fecha] date NULL DEFAULT NULL ,
[codigo_barra] bigint NULL DEFAULT NULL ,
[id_participante] int NULL DEFAULT NULL ,
[id_torneo] int NULL DEFAULT NULL ,
[id_categoria_torneo] int NULL DEFAULT NULL ,
[peso] float(53) NULL 
)


GO
DBCC CHECKIDENT(N'[dbo].[inscripcion]', RESEED, 8)
GO

-- ----------------------------
-- Records of inscripcion
-- ----------------------------
SET IDENTITY_INSERT [dbo].[inscripcion] ON
GO
INSERT INTO [dbo].[inscripcion] ([id_inscripcion], [hora], [fecha], [codigo_barra], [id_participante], [id_torneo], [id_categoria_torneo], [peso]) VALUES (N'3', N'12:23', N'2017-05-10', null, N'5', N'1', N'1', null)
GO
GO
INSERT INTO [dbo].[inscripcion] ([id_inscripcion], [hora], [fecha], [codigo_barra], [id_participante], [id_torneo], [id_categoria_torneo], [peso]) VALUES (N'4', N'05:42 p. m.', N'2017-05-12', N'123456789', N'9', N'1', N'6', N'56')
GO
GO
INSERT INTO [dbo].[inscripcion] ([id_inscripcion], [hora], [fecha], [codigo_barra], [id_participante], [id_torneo], [id_categoria_torneo], [peso]) VALUES (N'5', N'11:12 AM', N'2017-05-16', N'123456789', N'10', N'1', N'7', N'67')
GO
GO
INSERT INTO [dbo].[inscripcion] ([id_inscripcion], [hora], [fecha], [codigo_barra], [id_participante], [id_torneo], [id_categoria_torneo], [peso]) VALUES (N'6', N'11:13 AM', N'2017-05-16', N'123456789', N'11', N'9', N'8', N'57')
GO
GO
INSERT INTO [dbo].[inscripcion] ([id_inscripcion], [hora], [fecha], [codigo_barra], [id_participante], [id_torneo], [id_categoria_torneo], [peso]) VALUES (N'7', N'04:23 PM', N'2017-05-21', N'123456789', N'12', N'1', N'9', N'56')
GO
GO
INSERT INTO [dbo].[inscripcion] ([id_inscripcion], [hora], [fecha], [codigo_barra], [id_participante], [id_torneo], [id_categoria_torneo], [peso]) VALUES (N'8', N'04:20 PM', N'2017-05-28', N'123456789', N'13', N'1', N'10', N'53')
GO
GO
SET IDENTITY_INSERT [dbo].[inscripcion] OFF
GO

-- ----------------------------
-- Table structure for inscripcion_clase
-- ----------------------------
DROP TABLE [dbo].[inscripcion_clase]
GO
CREATE TABLE [dbo].[inscripcion_clase] (
[id_inscripcion] int NOT NULL IDENTITY(1,1) ,
[fecha] datetime NULL ,
[hora] varchar(7) NULL ,
[id_clase] int NULL ,
[id_alumno] int NULL 
)


GO

-- ----------------------------
-- Records of inscripcion_clase
-- ----------------------------
SET IDENTITY_INSERT [dbo].[inscripcion_clase] ON
GO
SET IDENTITY_INSERT [dbo].[inscripcion_clase] OFF
GO

-- ----------------------------
-- Table structure for lucha
-- ----------------------------
DROP TABLE [dbo].[lucha]
GO
CREATE TABLE [dbo].[lucha] (
[id_lucha] int NOT NULL IDENTITY(1,1) ,
[id_participante1] int NOT NULL ,
[id_participante2] int NOT NULL ,
[id_resultado] int NULL DEFAULT NULL ,
[ronda] int NULL DEFAULT NULL ,
[id_torneo] int NULL DEFAULT NULL 
)


GO

-- ----------------------------
-- Records of lucha
-- ----------------------------
SET IDENTITY_INSERT [dbo].[lucha] ON
GO
SET IDENTITY_INSERT [dbo].[lucha] OFF
GO

-- ----------------------------
-- Table structure for pais
-- ----------------------------
DROP TABLE [dbo].[pais]
GO
CREATE TABLE [dbo].[pais] (
[nombre] nvarchar(30) NULL ,
[id_pais] int NOT NULL IDENTITY(1,1) 
)


GO

-- ----------------------------
-- Records of pais
-- ----------------------------
SET IDENTITY_INSERT [dbo].[pais] ON
GO
INSERT INTO [dbo].[pais] ([nombre], [id_pais]) VALUES (N'Argentina', N'1')
GO
GO
SET IDENTITY_INSERT [dbo].[pais] OFF
GO

-- ----------------------------
-- Table structure for participante
-- ----------------------------
DROP TABLE [dbo].[participante]
GO
CREATE TABLE [dbo].[participante] (
[id_participante] int NOT NULL IDENTITY(1,1) ,
[nombre] nvarchar(45) NOT NULL ,
[apellido] nvarchar(45) NOT NULL ,
[fecha_nacimiento] date NULL DEFAULT NULL ,
[id_faja] int NULL DEFAULT NULL ,
[id_categoria] int NULL DEFAULT NULL ,
[sexo] smallint NULL DEFAULT NULL ,
[dni] int NOT NULL ,
[id_alumno] int NULL 
)


GO
DBCC CHECKIDENT(N'[dbo].[participante]', RESEED, 16)
GO

-- ----------------------------
-- Records of participante
-- ----------------------------
SET IDENTITY_INSERT [dbo].[participante] ON
GO
INSERT INTO [dbo].[participante] ([id_participante], [nombre], [apellido], [fecha_nacimiento], [id_faja], [id_categoria], [sexo], [dni], [id_alumno]) VALUES (N'5', N'Juan ', N'Perez', N'1999-06-23', N'1', N'2', N'0', N'3541543', null)
GO
GO
INSERT INTO [dbo].[participante] ([id_participante], [nombre], [apellido], [fecha_nacimiento], [id_faja], [id_categoria], [sexo], [dni], [id_alumno]) VALUES (N'9', N'asdgahh', N'ahsdhfas', N'1994-01-01', N'1', null, N'0', N'3246', null)
GO
GO
INSERT INTO [dbo].[participante] ([id_participante], [nombre], [apellido], [fecha_nacimiento], [id_faja], [id_categoria], [sexo], [dni], [id_alumno]) VALUES (N'10', N'Juliancito', N'Peron', N'1999-01-01', N'1', null, N'1', N'23441', null)
GO
GO
INSERT INTO [dbo].[participante] ([id_participante], [nombre], [apellido], [fecha_nacimiento], [id_faja], [id_categoria], [sexo], [dni], [id_alumno]) VALUES (N'11', N'Jebus', N'De Nahas', N'2000-01-01', N'1', null, N'1', N'36112', null)
GO
GO
INSERT INTO [dbo].[participante] ([id_participante], [nombre], [apellido], [fecha_nacimiento], [id_faja], [id_categoria], [sexo], [dni], [id_alumno]) VALUES (N'12', N'Luciana', N'Moll', N'1994-01-01', N'2', null, N'0', N'677888', null)
GO
GO
INSERT INTO [dbo].[participante] ([id_participante], [nombre], [apellido], [fecha_nacimiento], [id_faja], [id_categoria], [sexo], [dni], [id_alumno]) VALUES (N'13', N'Luciana', N'Moll', N'1994-01-01', N'2', null, N'0', N'12345678', null)
GO
GO
SET IDENTITY_INSERT [dbo].[participante] OFF
GO

-- ----------------------------
-- Table structure for provincia
-- ----------------------------
DROP TABLE [dbo].[provincia]
GO
CREATE TABLE [dbo].[provincia] (
[id_provincia] int NOT NULL IDENTITY(1,1) ,
[nombre] nvarchar(45) NULL DEFAULT NULL ,
[id_pais] int NULL 
)


GO
DBCC CHECKIDENT(N'[dbo].[provincia]', RESEED, 2)
GO

-- ----------------------------
-- Records of provincia
-- ----------------------------
SET IDENTITY_INSERT [dbo].[provincia] ON
GO
INSERT INTO [dbo].[provincia] ([id_provincia], [nombre], [id_pais]) VALUES (N'1', N'Córdoba', N'1')
GO
GO
INSERT INTO [dbo].[provincia] ([id_provincia], [nombre], [id_pais]) VALUES (N'2', N'Buenos Aires', N'1')
GO
GO
SET IDENTITY_INSERT [dbo].[provincia] OFF
GO

-- ----------------------------
-- Table structure for resultado
-- ----------------------------
DROP TABLE [dbo].[resultado]
GO
CREATE TABLE [dbo].[resultado] (
[id_resultado] int NOT NULL IDENTITY(1,1) ,
[tipo_finalizacion] smallint NULL DEFAULT NULL ,
[tiempo] varchar(10) NULL DEFAULT NULL ,
[punto_participante_1] int NULL DEFAULT NULL ,
[punto_participante_2] int NULL DEFAULT NULL ,
[id_ganador] int NULL DEFAULT NULL 
)


GO

-- ----------------------------
-- Records of resultado
-- ----------------------------
SET IDENTITY_INSERT [dbo].[resultado] ON
GO
SET IDENTITY_INSERT [dbo].[resultado] OFF
GO

-- ----------------------------
-- Table structure for sede
-- ----------------------------
DROP TABLE [dbo].[sede]
GO
CREATE TABLE [dbo].[sede] (
[id_sede] int NOT NULL IDENTITY(1,1) ,
[nombre] nvarchar(45) NULL DEFAULT NULL ,
[id_direccion] int NULL DEFAULT NULL 
)


GO
DBCC CHECKIDENT(N'[dbo].[sede]', RESEED, 3)
GO

-- ----------------------------
-- Records of sede
-- ----------------------------
SET IDENTITY_INSERT [dbo].[sede] ON
GO
INSERT INTO [dbo].[sede] ([id_sede], [nombre], [id_direccion]) VALUES (N'1', N'Sucuchito', N'1')
GO
GO
INSERT INTO [dbo].[sede] ([id_sede], [nombre], [id_direccion]) VALUES (N'2', N'Irak', N'1')
GO
GO
INSERT INTO [dbo].[sede] ([id_sede], [nombre], [id_direccion]) VALUES (N'3', N'Capitalinas', N'1')
GO
GO
SET IDENTITY_INSERT [dbo].[sede] OFF
GO

-- ----------------------------
-- Table structure for tipo_clase
-- ----------------------------
DROP TABLE [dbo].[tipo_clase]
GO
CREATE TABLE [dbo].[tipo_clase] (
[id_tipo_clase] int NOT NULL ,
[nombre] varchar(50) NULL 
)


GO

-- ----------------------------
-- Records of tipo_clase
-- ----------------------------
INSERT INTO [dbo].[tipo_clase] ([id_tipo_clase], [nombre]) VALUES (N'1', N'BJJ')
GO
GO

-- ----------------------------
-- Table structure for torneo
-- ----------------------------
DROP TABLE [dbo].[torneo]
GO
CREATE TABLE [dbo].[torneo] (
[id_torneo] int NOT NULL IDENTITY(1,1) ,
[fecha] date NULL DEFAULT NULL ,
[nombre] nvarchar(45) NOT NULL ,
[hora] varchar(10) NULL DEFAULT NULL ,
[id_estado] int NULL DEFAULT NULL ,
[id_sede] int NULL DEFAULT NULL ,
[fecha_cierre] date NULL ,
[hora_cierre] varchar(10) NULL ,
[precio_absoluto] decimal(18) NULL ,
[precio_categoria] decimal(18) NULL 
)


GO
DBCC CHECKIDENT(N'[dbo].[torneo]', RESEED, 13)
GO

-- ----------------------------
-- Records of torneo
-- ----------------------------
SET IDENTITY_INSERT [dbo].[torneo] ON
GO
INSERT INTO [dbo].[torneo] ([id_torneo], [fecha], [nombre], [hora], [id_estado], [id_sede], [fecha_cierre], [hora_cierre], [precio_absoluto], [precio_categoria]) VALUES (N'1', N'2017-04-20', N'El Torneo con Bronca', N'13:00', N'1', N'2', N'2017-04-27', N'09:00', N'345', N'34')
GO
GO
INSERT INTO [dbo].[torneo] ([id_torneo], [fecha], [nombre], [hora], [id_estado], [id_sede], [fecha_cierre], [hora_cierre], [precio_absoluto], [precio_categoria]) VALUES (N'2', N'2017-04-24', N'El Torneo', N'12:00', N'1', N'2', N'2017-04-30', N'12:00', N'24', N'24')
GO
GO
INSERT INTO [dbo].[torneo] ([id_torneo], [fecha], [nombre], [hora], [id_estado], [id_sede], [fecha_cierre], [hora_cierre], [precio_absoluto], [precio_categoria]) VALUES (N'5', N'2017-04-19', N'Palta Tournament', N'12:00', N'1', N'1', N'2017-04-22', N'12:00', N'1234', N'1243')
GO
GO
INSERT INTO [dbo].[torneo] ([id_torneo], [fecha], [nombre], [hora], [id_estado], [id_sede], [fecha_cierre], [hora_cierre], [precio_absoluto], [precio_categoria]) VALUES (N'6', N'2017-04-28', N'Torneo Lindo', N'12:00', N'1', N'2', N'2017-04-26', N'12:00', N'12', N'13')
GO
GO
INSERT INTO [dbo].[torneo] ([id_torneo], [fecha], [nombre], [hora], [id_estado], [id_sede], [fecha_cierre], [hora_cierre], [precio_absoluto], [precio_categoria]) VALUES (N'7', N'2017-04-28', N'Torneo Lindo1', N'12:00', N'1', N'3', N'2017-04-26', N'12:00', N'12', N'13')
GO
GO
INSERT INTO [dbo].[torneo] ([id_torneo], [fecha], [nombre], [hora], [id_estado], [id_sede], [fecha_cierre], [hora_cierre], [precio_absoluto], [precio_categoria]) VALUES (N'8', N'2017-05-18', N'El Torneo Somee', N'12:00', N'1', N'2', N'2017-05-16', N'12:00', N'142', N'123')
GO
GO
INSERT INTO [dbo].[torneo] ([id_torneo], [fecha], [nombre], [hora], [id_estado], [id_sede], [fecha_cierre], [hora_cierre], [precio_absoluto], [precio_categoria]) VALUES (N'9', N'2017-05-20', N'Torneo Somee 2', N'12:00', N'1', N'1', N'2017-05-19', N'12:00', N'125', N'123')
GO
GO
INSERT INTO [dbo].[torneo] ([id_torneo], [fecha], [nombre], [hora], [id_estado], [id_sede], [fecha_cierre], [hora_cierre], [precio_absoluto], [precio_categoria]) VALUES (N'10', N'2017-07-16', N'Torneo Test 3', N'10:00', N'1', N'3', N'2017-07-15', N'09:00', N'400', N'300')
GO
GO
INSERT INTO [dbo].[torneo] ([id_torneo], [fecha], [nombre], [hora], [id_estado], [id_sede], [fecha_cierre], [hora_cierre], [precio_absoluto], [precio_categoria]) VALUES (N'11', N'2017-06-20', N'LaLaLandJiuJitsu', N'12:00', N'1', N'3', N'2017-06-13', N'09:00', N'580', N'452')
GO
GO
INSERT INTO [dbo].[torneo] ([id_torneo], [fecha], [nombre], [hora], [id_estado], [id_sede], [fecha_cierre], [hora_cierre], [precio_absoluto], [precio_categoria]) VALUES (N'12', N'2017-05-31', N'Pepitos2', N'12:00', N'1', N'1', N'2017-05-29', N'12:00', N'400', N'300')
GO
GO
INSERT INTO [dbo].[torneo] ([id_torneo], [fecha], [nombre], [hora], [id_estado], [id_sede], [fecha_cierre], [hora_cierre], [precio_absoluto], [precio_categoria]) VALUES (N'13', N'2017-04-03', N'Hola', N'12:00', N'1', N'1', N'2017-02-16', N'12:00', N'3000', N'3000')
GO
GO
SET IDENTITY_INSERT [dbo].[torneo] OFF
GO

-- ----------------------------
-- Table structure for torneo_imagen
-- ----------------------------
DROP TABLE [dbo].[torneo_imagen]
GO
CREATE TABLE [dbo].[torneo_imagen] (
[id_torneo_imagen] int NOT NULL IDENTITY(1,1) ,
[id_torneo] int NOT NULL ,
[imagen] binary(8000) NULL 
)


GO
DBCC CHECKIDENT(N'[dbo].[torneo_imagen]', RESEED, 2)
GO

-- ----------------------------
-- Records of torneo_imagen
-- ----------------------------
SET IDENTITY_INSERT [dbo].[torneo_imagen] ON
GO
INSERT INTO [dbo].[torneo_imagen] ([id_torneo_imagen], [id_torneo], [imagen]) VALUES (N'1', N'12', 0xFFD8FFE000104A46494600010101006000600000FFDB0043000201010201010202020202020202030503030303030604040305070607070706070708090B0908080A0807070A0D0A0A0B0C0C0C0C07090E0F0D0C0E0B0C0C0CFFDB004301020202030303060303060C0807080C0C0C0C0C0C0C0C0C0C0C0C0C0C0C0C0C0C0C0C0C0C0C0C0C0C0C0C0C0C0C0C0C0C0C0C0C0C0C0C0C0C0C0C0C0C0C0C0C0CFFC00011080009000903012200021101031101FFC4001F0000010501010101010100000000000000000102030405060708090A0BFFC400B5100002010303020403050504040000017D01020300041105122131410613516107227114328191A1082342B1C11552D1F02433627282090A161718191A25262728292A3435363738393A434445464748494A535455565758595A636465666768696A737475767778797A838485868788898A92939495969798999AA2A3A4A5A6A7A8A9AAB2B3B4B5B6B7B8B9BAC2C3C4C5C6C7C8C9CAD2D3D4D5D6D7D8D9DAE1E2E3E4E5E6E7E8E9EAF1F2F3F4F5F6F7F8F9FAFFC4001F0100030101010101010101010000000000000102030405060708090A0BFFC400B51100020102040403040705040400010277000102031104052131061241510761711322328108144291A1B1C109233352F0156272D10A162434E125F11718191A262728292A35363738393A434445464748494A535455565758595A636465666768696A737475767778797A82838485868788898A92939495969798999AA2A3A4A5A6A7A8A9AAB2B3B4B5B6B7B8B9BAC2C3C4C5C6C7C8C9CAD2D3D4D5D6D7D8D9DAE2E3E4E5E6E7E8E9EAF2F3F4F5F6F7F8F9FAFFDA000C03010002110311003F00FC000DB4E470474357FF00E12DD57FE825A87FE043FF008D67D7EB05007FFFD900000000000000000000000000000000000000000000000000000000000000000000000000000000000000000000000000000000000000000000000000000000000000000000000000000000000000000000000000000000000000000000000000000000000000000000000000000000000000000000000000000000000000000000000000000000000000000000000000000000000000000000000000000000000000000000000000000000000000000000000000000000000000000000000000000000000000000000000000000000000000000000000000000000000000000000000000000000000000000000000000000000000000000000000000000000000000000000000000000000000000000000000000000000000000000000000000000000000000000000000000000000000000000000000000000000000000000000000000000000000000000000000000000000000000000000000000000000000000000000000000000000000000000000000000000000000000000000000000000000000000000000000000000000000000000000000000000000000000000000000000000000000000000000000000000000000000000000000000000000000000000000000000000000000000000000000000000000000000000000000000000000000000000000000000000000000000000000000000000000000000000000000000000000000000000000000000000000000000000000000000000000000000000000000000000000000000000000000000000000000000000000000000000000000000000000000000000000000000000000000000000000000000000000000000000000000000000000000000000000000000000000000000000000000000000000000000000000000000000000000000000000000000000000000000000000000000000000000000000000000000000000000000000000000000000000000000000000000000000000000000000000000000000000000000000000000000000000000000000000000000000000000000000000000000000000000000000000000000000000000000000000000000000000000000000000000000000000000000000000000000000000000000000000000000000000000000000000000000000000000000000000000000000000000000000000000000000000000000000000000000000000000000000000000000000000000000000000000000000000000000000000000000000000000000000000000000000000000000000000000000000000000000000000000000000000000000000000000000000000000000000000000000000000000000000000000000000000000000000000000000000000000000000000000000000000000000000000000000000000000000000000000000000000000000000000000000000000000000000000000000000000000000000000000000000000000000000000000000000000000000000000000000000000000000000000000000000000000000000000000000000000000000000000000000000000000000000000000000000000000000000000000000000000000000000000000000000000000000000000000000000000000000000000000000000000000000000000000000000000000000000000000000000000000000000000000000000000000000000000000000000000000000000000000000000000000000000000000000000000000000000000000000000000000000000000000000000000000000000000000000000000000000000000000000000000000000000000000000000000000000000000000000000000000000000000000000000000000000000000000000000000000000000000000000000000000000000000000000000000000000000000000000000000000000000000000000000000000000000000000000000000000000000000000000000000000000000000000000000000000000000000000000000000000000000000000000000000000000000000000000000000000000000000000000000000000000000000000000000000000000000000000000000000000000000000000000000000000000000000000000000000000000000000000000000000000000000000000000000000000000000000000000000000000000000000000000000000000000000000000000000000000000000000000000000000000000000000000000000000000000000000000000000000000000000000000000000000000000000000000000000000000000000000000000000000000000000000000000000000000000000000000000000000000000000000000000000000000000000000000000000000000000000000000000000000000000000000000000000000000000000000000000000000000000000000000000000000000000000000000000000000000000000000000000000000000000000000000000000000000000000000000000000000000000000000000000000000000000000000000000000000000000000000000000000000000000000000000000000000000000000000000000000000000000000000000000000000000000000000000000000000000000000000000000000000000000000000000000000000000000000000000000000000000000000000000000000000000000000000000000000000000000000000000000000000000000000000000000000000000000000000000000000000000000000000000000000000000000000000000000000000000000000000000000000000000000000000000000000000000000000000000000000000000000000000000000000000000000000000000000000000000000000000000000000000000000000000000000000000000000000000000000000000000000000000000000000000000000000000000000000000000000000000000000000000000000000000000000000000000000000000000000000000000000000000000000000000000000000000000000000000000000000000000000000000000000000000000000000000000000000000000000000000000000000000000000000000000000000000000000000000000000000000000000000000000000000000000000000000000000000000000000000000000000000000000000000000000000000000000000000000000000000000000000000000000000000000000000000000000000000000000000000000000000000000000000000000000000000000000000000000000000000000000000000000000000000000000000000000000000000000000000000000000000000000000000000000000000000000000000000000000000000000000000000000000000000000000000000000000000000000000000000000000000000000000000000000000000000000000000000000000000000000000000000000000000000000000000000000000000000000000000000000000000000000000000000000000000000000000000000000000000000000000000000000000000000000000000000000000000000000000000000000000000000000000000000000000000000000000000000000000000000000000000000000000000000000000000000000000000000000000000000000000000000000000000000000000000000000000000000000000000000000000000000000000000000000000000000000000000000000000000000000000000000000000000000000000000000000000000000000000000000000000000000000000000000000000000000000000000000000000000000000000000000000000000000000000000000000000000000000000000000000000000000000000000000000000000000000000000000000000000000000000000000000000000000000000000000000000000000000000000000000000000000000000000000000000000000000000000000000000000000000000000000000000000000000000000000000000000000000000000000000000000000000000000000000000000000000000000000000000000000000000000000000000000000000000000000000000000000000000000000000000000000000000000000000000000000000000000000000000000000000000000000000000000000000000000000000000000000000000000000000000000000000000000000000000000000000000000000000000000000000000000000000000000000000000000000000000000000000000000000000000000000000000000000000000000000000000000000000000000000000000000000000000000000000000000000000000000000000000000000000000000000000000000000000000000000000000000000000000000000000000000000000000000000000000000000000000000000000000000000000000000000000000000000000000000000000000000000000000000000000000000000000000000000000000000000000000000000000000000000000000000000000000000000000000000000000000000000000000000000000000000000000000000000000000000000000000000000000000000000000000000000000000000000000000000000000000000000000000000000000000000000000000000000000000000000000000000000000000000000000000000000000000000000000000000000000000000000000000000000000000000000000000000000000000000000000000000000000000000000000000000000000000000000000000000000000000000000000000000000000000000000000000000000000000000000000000000000000000000000000000000000000000000000000000000000000000000000000000000000000000000000000000000000000000000000000000000000000000000000000000000000000000000000000000000000000000000000000000000000000000000000000000000000000000000000000000000000000000000000000000000000000000000000000000000000000000000000000000000000000000000000000000000000000000000000000000000000000000000000000000000000000000000000000000000000000000000000000000000000000000000000000000000000000000000000000000000000000000000000000000000000000000000000000000000000000000000000000000000000000000000000000000000000000000000000000000000000000000000000000000000000000000000000000000000000000000000000000000000000000000000000000000000000000000000000000000000000000000000000000000000000000000000000000000000000000000000000000000000000000000000000000000000000000000000000000000000000000000000000000000000000000000000000000000000000000000000000000000000000000000000000000000000000000000000000000000000000000000000000000000000000000000000000000000000000000000000000000000000000000000000000000000000000000000000000000000000000000000000000000000000000000000000000000000000000000000000000000000000000000000000000000000000000000000000000000000000000000000000000000000000000000000000000000000000000000000000000000000000000000000000000000000000000000000000000000000000000000000000000000000000000000000000000000000000000000000000000000000000000000000000000000000000000000000000000000000000000000000000000000000000000000000000000000000000000000000000000000000000000000000000000000000000000000000000000000000000000000000000000000000000000000000000000000000000000000000000000000000000000000000000000000000000000000000000000000000000000000000000000000000000000000000000000000000000000000000000000000000000000000000000000000000000000000000000000000000000000000000000000000000000000000000000000000000000000000000000000000000000000000000000000000000000000000000000000000000000000000000000000000000000000000000000000000000000000000000000000000000000000000000000000000000000000000000000000000000000000000000000000000000000000000000000000000000000000000000000000000000000000000000000000000000000000000000000000000000000000000000000000000000000000000000000000000000000000000000000000000000000000000000000000000000000000000000000000000000000000000000000000000000000000000000000000000000000000000000000000000000000000000000000000000000000000000000000000000000000000000000000000000000000000000000000000000000000000000000000000000000000000000000000000000000000000000000000000000000000000000000000000000000000000000000000000000000000000000000000000000000000000000000000000000000000000000000000000000000000000000000000000000000000000000000000000000000000000000000000000000000000000000000000000000000000000000000000000000000000000000000000000000000000000000000000000000000000000000000000000000000000000000000000000000000000000000000000000000000000000000000000000000000000000000000000000000000000000000000000000000000000000000000000000000000000000000000000000000000000000000000000000000000000000000000000000000000000000000000000000000000000000000000000000000000000000000000000000000000000000000000000000000000000000000000000000000000000000000000000000000000000000000000000000000000000000000000000000000000000000000000000000000000000000000000000000000000000000000000000000000000000000000000000000000000000000000000000000000000000000000000000000000000000000000000000000000000000000000000000000000000000000000000000000000000000000000000000000000000000000000000000000000000000000000000000000000000000000000000000000000000000000000000000000000000000000000000000000000000000000000000000000000000000000000000000000000000000000000000000000000000000000000000000000000000000000000000000000000000000000000000000000000000000000000000000000000000000000000000000000000000000000000000000000000000000000000000000000000000000000000000000000000000000000000000000000000000000000000000000000000000000000000000000000000000000000000000000000000000000000000000000000000000000000000000000000000000000000000000000000000000000000000000000000000000000000000000000000000000000000000000000000000000000000000000000000000000000000000000000000000000000000000000000000000000000000000000000000000000000000000000000000000000000000000000000000000000000000000000000000000000000000000000000000000000000000000000000000000000000000000000000000000000000000000000000000000000000000000000000000000000000000000000000000000000000000000000000000000000000000000000000000000000000000000000000000000000000000000000000000000000000000000000000000000000000000000000000000000000000000000000000000000000000000000000000000000000000000000000000000000000000000000000000000000000000000000000000000000000000000000000000000000000000000000000000000000000000000000000000000000000000000000000000000000000000000000000000000000000000000000000000000000000000000000000000000000000000000000000000000000000000000000000000000000000000000000000000000000000000000000000000000000000000000000000000000000000000000000000000000000000000000000000000000000000000000000000000000000000000000000000000000000000000000000000000000000000000000000000000000000000000000000000000000000000000000000000000000000000000000000000000000000000000000000000000000000000000000000000000000000000000000000000000000000000000000000000000000000000000000000000000000000000000000000000000000000000000000000000000000000000000000000000000000000000000000000000000000000000000000000000000000000000000000000000000000000000000000000000000000000000000000000000000000000000000000000000000000000000000000000000000000000000000000000000000000000000000000000000000000000000000000000000000000000000000000000000000000000000000000000000000000000000000000000000000000000000000000000000000000000000000000000000000000000000000000000000000000000000000000000000000000000000000000000000000000000000000000000000000000000000000000000000000000000000000000000000000000000000000000000000000000000000000000000000000000000000000000000000000000000000000000000000000000000000000000000000000000000000000000000000000000000000000000000000000000000000000000000000000000000000000000000000000000000000000000000000000000000000000000000000000000000000000000000000000000000000000000000000000000000000000000000000000000000000000000000000000000000000000000000000000000000000000000000000000000000000000000000000000000000000000000000000000000000000000000000000000000000000000000000000000000000000000000000000000000000000000000000000000000000000000000000000000000000000000000000000000000000000000000000000000000000000000000000000000000000000000000000000000000000000000000000000000000000000000000000000000000000000000000000000000000000000000000000000000000000000000000000000000000000000000000000000000000000000000000000000000000000000000000000000000000000000000000000000000000000000000000000000000000000000000000000000000000000000000000000000000000000000000000000000000000000000000000000000000000000000000000000000000000000000000000000000000000000000000000000000000000000000000000000000000000000000000000000000000000000000000000000000000000000000000000000000000000000000000000000000000000000000000000000000000000000000000000000000000000000000000000000000000000000000000000000000000000000000000000000000000000000000000000000000000000000000000000000000000000000000000000000000000000000000000000000000000000000000000000000000000000000000000000000000000000000000000000000000000000000000000000000000000000000000000000000000000000000000000000000000000000000000000000000000000000000000000000000000000000000000000000000000000000000000000000000000000000000000000000000000000000000000000000000000000000000000000000000000000000000000000000000000000000000000000000000000000000000000000000000000000)
GO
GO
INSERT INTO [dbo].[torneo_imagen] ([id_torneo_imagen], [id_torneo], [imagen]) VALUES (N'2', N'13', 0x0000000000000000000000000000000000000000000000000000000000000000000000000000000000000000000000000000000000000000000000000000000000000000000000000000000000000000000000000000000000000000000000000000000000000000000000000000000000000000000000000000000000000000000000000000000000000000000000000000000000000000000000000000000000000000000000000000000000000000000000000000000000000000000000000000000000000000000000000000000000000000000000000000000000000000000000000000000000000000000000000000000000000000000000000000000000000000000000000000000000000000000000000000000000000000000000000000000000000000000000000000000000000000000000000000000000000000000000000000000000000000000000000000000000000000000000000000000000000000000000000000000000000000000000000000000000000000000000000000000000000000000000000000000000000000000000000000000000000000000000000000000000000000000000000000000000000000000000000000000000000000000000000000000000000000000000000000000000000000000000000000000000000000000000000000000000000000000000000000000000000000000000000000000000000000000000000000000000000000000000000000000000000000000000000000000000000000000000000000000000000000000000000000000000000000000000000000000000000000000000000000000000000000000000000000000000000000000000000000000000000000000000000000000000000000000000000000000000000000000000000000000000000000000000000000000000000000000000000000000000000000000000000000000000000000000000000000000000000000000000000000000000000000000000000000000000000000000000000000000000000000000000000000000000000000000000000000000000000000000000000000000000000000000000000000000000000000000000000000000000000000000000000000000000000000000000000000000000000000000000000000000000000000000000000000000000000000000000000000000000000000000000000000000000000000000000000000000000000000000000000000000000000000000000000000000000000000000000000000000000000000000000000000000000000000000000000000000000000000000000000000000000000000000000000000000000000000000000000000000000000000000000000000000000000000000000000000000000000000000000000000000000000000000000000000000000000000000000000000000000000000000000000000000000000000000000000000000000000000000000000000000000000000000000000000000000000000000000000000000000000000000000000000000000000000000000000000000000000000000000000000000000000000000000000000000000000000000000000000000000000000000000000000000000000000000000000000000000000000000000000000000000000000000000000000000000000000000000000000000000000000000000000000000000000000000000000000000000000000000000000000000000000000000000000000000000000000000000000000000000000000000000000000000000000000000000000000000000000000000000000000000000000000000000000000000000000000000000000000000000000000000000000000000000000000000000000000000000000000000000000000000000000000000000000000000000000000000000000000000000000000000000000000000000000000000000000000000000000000000000000000000000000000000000000000000000000000000000000000000000000000000000000000000000000000000000000000000000000000000000000000000000000000000000000000000000000000000000000000000000000000000000000000000000000000000000000000000000000000000000000000000000000000000000000000000000000000000000000000000000000000000000000000000000000000000000000000000000000000000000000000000000000000000000000000000000000000000000000000000000000000000000000000000000000000000000000000000000000000000000000000000000000000000000000000000000000000000000000000000000000000000000000000000000000000000000000000000000000000000000000000000000000000000000000000000000000000000000000000000000000000000000000000000000000000000000000000000000000000000000000000000000000000000000000000000000000000000000000000000000000000000000000000000000000000000000000000000000000000000000000000000000000000000000000000000000000000000000000000000000000000000000000000000000000000000000000000000000000000000000000000000000000000000000000000000000000000000000000000000000000000000000000000000000000000000000000000000000000000000000000000000000000000000000000000000000000000000000000000000000000000000000000000000000000000000000000000000000000000000000000000000000000000000000000000000000000000000000000000000000000000000000000000000000000000000000000000000000000000000000000000000000000000000000000000000000000000000000000000000000000000000000000000000000000000000000000000000000000000000000000000000000000000000000000000000000000000000000000000000000000000000000000000000000000000000000000000000000000000000000000000000000000000000000000000000000000000000000000000000000000000000000000000000000000000000000000000000000000000000000000000000000000000000000000000000000000000000000000000000000000000000000000000000000000000000000000000000000000000000000000000000000000000000000000000000000000000000000000000000000000000000000000000000000000000000000000000000000000000000000000000000000000000000000000000000000000000000000000000000000000000000000000000000000000000000000000000000000000000000000000000000000000000000000000000000000000000000000000000000000000000000000000000000000000000000000000000000000000000000000000000000000000000000000000000000000000000000000000000000000000000000000000000000000000000000000000000000000000000000000000000000000000000000000000000000000000000000000000000000000000000000000000000000000000000000000000000000000000000000000000000000000000000000000000000000000000000000000000000000000000000000000000000000000000000000000000000000000000000000000000000000000000000000000000000000000000000000000000000000000000000000000000000000000000000000000000000000000000000000000000000000000000000000000000000000000000000000000000000000000000000000000000000000000000000000000000000000000000000000000000000000000000000000000000000000000000000000000000000000000000000000000000000000000000000000000000000000000000000000000000000000000000000000000000000000000000000000000000000000000000000000000000000000000000000000000000000000000000000000000000000000000000000000000000000000000000000000000000000000000000000000000000000000000000000000000000000000000000000000000000000000000000000000000000000000000000000000000000000000000000000000000000000000000000000000000000000000000000000000000000000000000000000000000000000000000000000000000000000000000000000000000000000000000000000000000000000000000000000000000000000000000000000000000000000000000000000000000000000000000000000000000000000000000000000000000000000000000000000000000000000000000000000000000000000000000000000000000000000000000000000000000000000000000000000000000000000000000000000000000000000000000000000000000000000000000000000000000000000000000000000000000000000000000000000000000000000000000000000000000000000000000000000000000000000000000000000000000000000000000000000000000000000000000000000000000000000000000000000000000000000000000000000000000000000000000000000000000000000000000000000000000000000000000000000000000000000000000000000000000000000000000000000000000000000000000000000000000000000000000000000000000000000000000000000000000000000000000000000000000000000000000000000000000000000000000000000000000000000000000000000000000000000000000000000000000000000000000000000000000000000000000000000000000000000000000000000000000000000000000000000000000000000000000000000000000000000000000000000000000000000000000000000000000000000000000000000000000000000000000000000000000000000000000000000000000000000000000000000000000000000000000000000000000000000000000000000000000000000000000000000000000000000000000000000000000000000000000000000000000000000000000000000000000000000000000000000000000000000000000000000000000000000000000000000000000000000000000000000000000000000000000000000000000000000000000000000000000000000000000000000000000000000000000000000000000000000000000000000000000000000000000000000000000000000000000000000000000000000000000000000000000000000000000000000000000000000000000000000000000000000000000000000000000000000000000000000000000000000000000000000000000000000000000000000000000000000000000000000000000000000000000000000000000000000000000000000000000000000000000000000000000000000000000000000000000000000000000000000000000000000000000000000000000000000000000000000000000000000000000000000000000000000000000000000000000000000000000000000000000000000000000000000000000000000000000000000000000000000000000000000000000000000000000000000000000000000000000000000000000000000000000000000000000000000000000000000000000000000000000000000000000000000000000000000000000000000000000000000000000000000000000000000000000000000000000000000000000000000000000000000000000000000000000000000000000000000000000000000000000000000000000000000000000000000000000000000000000000000000000000000000000000000000000000000000000000000000000000000000000000000000000000000000000000000000000000000000000000000000000000000000000000000000000000000000000000000000000000000000000000000000000000000000000000000000000000000000000000000000000000000000000000000000000000000000000000000000000000000000000000000000000000000000000000000000000000000000000000000000000000000000000000000000000000000000000000000000000000000000000000000000000000000000000000000000000000000000000000000000000000000000000000000000000000000000000000000000000000000000000000000000000000000000000000000000000000000000000000000000000000000000000000000000000000000000000000000000000000000000000000000000000000000000000000000000000000000000000000000000000000000000000000000000000000000000000000000000000000000000000000000000000000000000000000000000000000000000000000000000000000000000000000000000000000000000000000000000000000000000000000000000000000000000000000000000000000000000000000000000000000000000000000000000000000000000000000000000000000000000000000000000000000000000000000000000000000000000000000000000000000000000000000000000000000000000000000000000000000000000000000000000000000000000000000000000000000000000000000000000000000000000000000000000000000000000000000000000000000000000000000000000000000000000000000000000000000000000000000000000000000000000000000000000000000000000000000000000000000000000000000000000000000000000000000000000000000000000000000000000000000000000000000000000000000000000000000000000000000000000000000000000000000000000000000000000000000000000000000000000000000000000000000000000000000000000000000000000000000000000000000000000000000000000000000000000000000000000000000000000000000000000000000000000000000000000000000000000000000000000000000000000000000000000000000000000000000000000000000000000000000000000000000000000000000000000000000000000000000000000000000000000000000000000000000000000000000000000000000000000000000000000000000000000000000000000000000000000000000000000000000000000000000000000000000000000000000000000000000000000000000000000000000000000000000000000000000000000000000000000000000000000000000000000000000000000000000000000000000000000000000000000000000000000000000000000000000000000000000000000000000000000000000000000000000000000000000000000000000000000000000000000000000000000000000000000000000000000000000000000000000000000000000000000000000000000000000000000000000000000000000000000000000000000000000000000000000000000000000000000000000000000000000000000000000000000000000000000000000000000000000000000000000000000000000000000000000000000000000000000000000000000000000000000000000000000000000000000000000000000000000000000000000000000000000000000000000000000000000000000000000000000000000000000000000000000000000000000000000000000000000000000000000000000000000000000000000000000000000000000000000000000000000000000000000000000000000000000000000000000000000000000000000000000000000000000000000000000000000000000000000000000000000000000000000000000000000000000000000000000000000000000000000000000000000000000000000000000000000000000000000000000000000000000000000000000000000000000000000000000000000000000000000000000000000000000000000000000000000000000000000000000000000000000000000000000000000000000000000000000000000000000000000000000000000000000000000000000000000000000000000000000000000000000000000000000000000000000000000000000000000000000000000000000000000000000000000000000000000000000000000000000000000000000000000000000000000000000000000000000000000000000000000000000000000000000000000000000000000000000000000000000000000000000000000000000000000000000000000000000000000000000000000000000000000000000000000000000000000000000000000000000000000000000000000000000000000000000000000000000000000000000000000000000000000000000000000000000000000000000000000000000000000000000000000000000000000000000000000000000000000000000000000000000000000000000000000000000000000000000000000000000000000000000000000000000000000000000000000000000000000000000000000000000000000000000000000000000000000000000000000000000000000000000000000000000000000000000000000000000000000000000000000000000000000000000000000000000000000000000000000000000000000000000000000000000000000000000000000000000000000000000000000000000000000000000000000000000000000000000000000000000000000000000000000000000000000000000000000000000000000000000000000000000000000000000000000000000000000000000000000000000000000000000000000000000000000000000000000000000000000000000000000000000000000000000000000000000000000000000000000000000000000000000000000000000000000000000000000000000000000000000000000000000000000000000000000000000000000000000000000000000000000000000000000000000000000000000000000000000000000000000000000000000000000000000000000000000000000000000000000000000000000000000000000000000000000000000000000000000000000000000000000000000000000000000000000000000000000000000000000000000000000000000000000000000000000000000000000000000000000000000000000000000000000000000000000000000000000000000000000000000000000000000000000000000000000000000000000000000000000000000000000000000000000000000000000000000000000000000000000000000000000000000000000000000000000000000000000000000000000000000000000000000000000000000000000000000000000000000000000000000000000000000000000000000000000000000000000000000000000000000000000000000000000000000000000000000000000000000000000000000000000000000000000000000000000000000000000000000000000000000000000000000000000000000000000000000000000000000000000000000000000000000000000000000000000000000000000000000000000000000000000000000000000000000000000000000000000000000000000000000000000000000000000000000000000000000000000000000000000000000000000000000000000000000000000000000000000000000000000000000000000000000000000000000000000000000000000000000000000000000000000000000000000000000000000000000000000000000000000000000000000000000000000000000000000000000000000000000000000000000000000000000000000000000000000000000000000000000000000000000000000000000000000000000000000000000000000000000000000000000000000000000000000000000000000000000000000000000000000000000000000000000000000000000000000000000000000000000000000000000000000000000000000000000000000000000000000000000000000000000000000000000000000000000000000000000000000000000000000000000000000000000000000000000000000000000000000000000000000000000000000000000000000000000000000000000000000000000000000000000000000000000000000000000000000000000000000000000000000000000000000000000000000000000000000000000000000000000000000000000000000000000000000000000000000000000000000000000000000000000000000000000000000000000000000000000000000000000000000000000000000000000000000000000000000000000000000000000000000000000000000000000000000000000000000000000000000000000000000000000000000000000000000000000000000000000000000000000000000000000000000000000000000000000000000000000000000000000000000000000000000000000000000000000000000000000000000000000000000000000000000000000000000000000000000000000000000000000000000000000000000000000000000000000000000000000000000000000000000000000000000000000000000000000000000000000000000000000000000000000000000000000000000000000000000000000000000000000000000000000000000000000000000000000000000000000000000000000000000000000000000000000000000000000000000000000000000000000000000000000000000000000000000000000000000000000000000000000000000000000000000000000000000000000000000000000000000000000000000000000000000000000000000000000000000000)
GO
GO
SET IDENTITY_INSERT [dbo].[torneo_imagen] OFF
GO

-- ----------------------------
-- Indexes structure for table academia
-- ----------------------------

-- ----------------------------
-- Primary Key structure for table academia
-- ----------------------------
ALTER TABLE [dbo].[academia] ADD PRIMARY KEY ([id_academia])
GO

-- ----------------------------
-- Indexes structure for table alumno
-- ----------------------------

-- ----------------------------
-- Primary Key structure for table alumno
-- ----------------------------
ALTER TABLE [dbo].[alumno] ADD PRIMARY KEY ([id_alumno])
GO

-- ----------------------------
-- Indexes structure for table alumno_imagen
-- ----------------------------

-- ----------------------------
-- Primary Key structure for table alumno_imagen
-- ----------------------------
ALTER TABLE [dbo].[alumno_imagen] ADD PRIMARY KEY ([id_alumnoimagen])
GO

-- ----------------------------
-- Indexes structure for table categoria
-- ----------------------------

-- ----------------------------
-- Primary Key structure for table categoria
-- ----------------------------
ALTER TABLE [dbo].[categoria] ADD PRIMARY KEY ([id_categoria])
GO

-- ----------------------------
-- Indexes structure for table categoria_torneo
-- ----------------------------

-- ----------------------------
-- Primary Key structure for table categoria_torneo
-- ----------------------------
ALTER TABLE [dbo].[categoria_torneo] ADD PRIMARY KEY ([id_categoria_torneo])
GO

-- ----------------------------
-- Indexes structure for table ciudad
-- ----------------------------

-- ----------------------------
-- Primary Key structure for table ciudad
-- ----------------------------
ALTER TABLE [dbo].[ciudad] ADD PRIMARY KEY ([id_ciudad])
GO

-- ----------------------------
-- Indexes structure for table clase
-- ----------------------------

-- ----------------------------
-- Primary Key structure for table clase
-- ----------------------------
ALTER TABLE [dbo].[clase] ADD PRIMARY KEY ([id_clase])
GO

-- ----------------------------
-- Indexes structure for table direccion
-- ----------------------------

-- ----------------------------
-- Primary Key structure for table direccion
-- ----------------------------
ALTER TABLE [dbo].[direccion] ADD PRIMARY KEY ([id_direccion])
GO

-- ----------------------------
-- Indexes structure for table estado
-- ----------------------------

-- ----------------------------
-- Primary Key structure for table estado
-- ----------------------------
ALTER TABLE [dbo].[estado] ADD PRIMARY KEY ([id_estado])
GO

-- ----------------------------
-- Indexes structure for table faja
-- ----------------------------

-- ----------------------------
-- Primary Key structure for table faja
-- ----------------------------
ALTER TABLE [dbo].[faja] ADD PRIMARY KEY ([id_faja])
GO

-- ----------------------------
-- Indexes structure for table horario
-- ----------------------------

-- ----------------------------
-- Primary Key structure for table horario
-- ----------------------------
ALTER TABLE [dbo].[horario] ADD PRIMARY KEY ([id_horario])
GO

-- ----------------------------
-- Indexes structure for table inscripcion
-- ----------------------------

-- ----------------------------
-- Primary Key structure for table inscripcion
-- ----------------------------
ALTER TABLE [dbo].[inscripcion] ADD PRIMARY KEY ([id_inscripcion])
GO

-- ----------------------------
-- Indexes structure for table inscripcion_clase
-- ----------------------------

-- ----------------------------
-- Primary Key structure for table inscripcion_clase
-- ----------------------------
ALTER TABLE [dbo].[inscripcion_clase] ADD PRIMARY KEY ([id_inscripcion])
GO

-- ----------------------------
-- Indexes structure for table lucha
-- ----------------------------

-- ----------------------------
-- Primary Key structure for table lucha
-- ----------------------------
ALTER TABLE [dbo].[lucha] ADD PRIMARY KEY ([id_lucha])
GO

-- ----------------------------
-- Indexes structure for table pais
-- ----------------------------

-- ----------------------------
-- Primary Key structure for table pais
-- ----------------------------
ALTER TABLE [dbo].[pais] ADD PRIMARY KEY ([id_pais])
GO

-- ----------------------------
-- Indexes structure for table participante
-- ----------------------------

-- ----------------------------
-- Primary Key structure for table participante
-- ----------------------------
ALTER TABLE [dbo].[participante] ADD PRIMARY KEY ([id_participante])
GO

-- ----------------------------
-- Indexes structure for table provincia
-- ----------------------------

-- ----------------------------
-- Primary Key structure for table provincia
-- ----------------------------
ALTER TABLE [dbo].[provincia] ADD PRIMARY KEY ([id_provincia])
GO

-- ----------------------------
-- Indexes structure for table resultado
-- ----------------------------

-- ----------------------------
-- Primary Key structure for table resultado
-- ----------------------------
ALTER TABLE [dbo].[resultado] ADD PRIMARY KEY ([id_resultado])
GO

-- ----------------------------
-- Indexes structure for table sede
-- ----------------------------

-- ----------------------------
-- Primary Key structure for table sede
-- ----------------------------
ALTER TABLE [dbo].[sede] ADD PRIMARY KEY ([id_sede])
GO

-- ----------------------------
-- Indexes structure for table tipo_clase
-- ----------------------------

-- ----------------------------
-- Primary Key structure for table tipo_clase
-- ----------------------------
ALTER TABLE [dbo].[tipo_clase] ADD PRIMARY KEY ([id_tipo_clase])
GO

-- ----------------------------
-- Indexes structure for table torneo
-- ----------------------------

-- ----------------------------
-- Primary Key structure for table torneo
-- ----------------------------
ALTER TABLE [dbo].[torneo] ADD PRIMARY KEY ([id_torneo])
GO

-- ----------------------------
-- Indexes structure for table torneo_imagen
-- ----------------------------

-- ----------------------------
-- Primary Key structure for table torneo_imagen
-- ----------------------------
ALTER TABLE [dbo].[torneo_imagen] ADD PRIMARY KEY ([id_torneo_imagen])
GO

-- ----------------------------
-- Foreign Key structure for table [dbo].[academia]
-- ----------------------------
ALTER TABLE [dbo].[academia] ADD FOREIGN KEY ([id_direccion]) REFERENCES [dbo].[direccion] ([id_direccion]) ON DELETE NO ACTION ON UPDATE NO ACTION
GO
ALTER TABLE [dbo].[academia] ADD FOREIGN KEY ([id_direccion]) REFERENCES [dbo].[direccion] ([id_direccion]) ON DELETE NO ACTION ON UPDATE NO ACTION
GO
ALTER TABLE [dbo].[academia] ADD FOREIGN KEY ([id_direccion]) REFERENCES [dbo].[direccion] ([id_direccion]) ON DELETE NO ACTION ON UPDATE NO ACTION
GO

-- ----------------------------
-- Foreign Key structure for table [dbo].[alumno]
-- ----------------------------
ALTER TABLE [dbo].[alumno] ADD FOREIGN KEY ([id_categoria]) REFERENCES [dbo].[categoria] ([id_categoria]) ON DELETE NO ACTION ON UPDATE NO ACTION
GO
ALTER TABLE [dbo].[alumno] ADD FOREIGN KEY ([id_direccion]) REFERENCES [dbo].[direccion] ([id_direccion]) ON DELETE NO ACTION ON UPDATE NO ACTION
GO
ALTER TABLE [dbo].[alumno] ADD FOREIGN KEY ([id_faja]) REFERENCES [dbo].[faja] ([id_faja]) ON DELETE NO ACTION ON UPDATE NO ACTION
GO

-- ----------------------------
-- Foreign Key structure for table [dbo].[alumno_imagen]
-- ----------------------------
ALTER TABLE [dbo].[alumno_imagen] ADD FOREIGN KEY ([id_alumno]) REFERENCES [dbo].[alumno] ([id_alumno]) ON DELETE CASCADE ON UPDATE NO ACTION
GO

-- ----------------------------
-- Foreign Key structure for table [dbo].[categoria_torneo]
-- ----------------------------
ALTER TABLE [dbo].[categoria_torneo] ADD FOREIGN KEY ([id_categoria]) REFERENCES [dbo].[categoria] ([id_categoria]) ON DELETE NO ACTION ON UPDATE NO ACTION
GO
ALTER TABLE [dbo].[categoria_torneo] ADD FOREIGN KEY ([id_categoria]) REFERENCES [dbo].[categoria] ([id_categoria]) ON DELETE NO ACTION ON UPDATE NO ACTION
GO
ALTER TABLE [dbo].[categoria_torneo] ADD FOREIGN KEY ([id_categoria]) REFERENCES [dbo].[categoria] ([id_categoria]) ON DELETE NO ACTION ON UPDATE NO ACTION
GO
ALTER TABLE [dbo].[categoria_torneo] ADD FOREIGN KEY ([id_faja]) REFERENCES [dbo].[faja] ([id_faja]) ON DELETE NO ACTION ON UPDATE NO ACTION
GO
ALTER TABLE [dbo].[categoria_torneo] ADD FOREIGN KEY ([id_faja]) REFERENCES [dbo].[faja] ([id_faja]) ON DELETE NO ACTION ON UPDATE NO ACTION
GO
ALTER TABLE [dbo].[categoria_torneo] ADD FOREIGN KEY ([id_faja]) REFERENCES [dbo].[faja] ([id_faja]) ON DELETE NO ACTION ON UPDATE NO ACTION
GO

-- ----------------------------
-- Foreign Key structure for table [dbo].[ciudad]
-- ----------------------------
ALTER TABLE [dbo].[ciudad] ADD FOREIGN KEY ([id_provincia]) REFERENCES [dbo].[provincia] ([id_provincia]) ON DELETE NO ACTION ON UPDATE NO ACTION
GO

-- ----------------------------
-- Foreign Key structure for table [dbo].[clase]
-- ----------------------------
ALTER TABLE [dbo].[clase] ADD FOREIGN KEY ([id_direccion]) REFERENCES [dbo].[direccion] ([id_direccion]) ON DELETE NO ACTION ON UPDATE NO ACTION
GO
ALTER TABLE [dbo].[clase] ADD FOREIGN KEY ([id_tipo_clase]) REFERENCES [dbo].[tipo_clase] ([id_tipo_clase]) ON DELETE NO ACTION ON UPDATE NO ACTION
GO

-- ----------------------------
-- Foreign Key structure for table [dbo].[direccion]
-- ----------------------------
ALTER TABLE [dbo].[direccion] ADD FOREIGN KEY ([id_ciudad]) REFERENCES [dbo].[ciudad] ([id_ciudad]) ON DELETE NO ACTION ON UPDATE NO ACTION
GO

-- ----------------------------
-- Foreign Key structure for table [dbo].[horario]
-- ----------------------------
ALTER TABLE [dbo].[horario] ADD FOREIGN KEY ([id_clase]) REFERENCES [dbo].[clase] ([id_clase]) ON DELETE NO ACTION ON UPDATE NO ACTION
GO

-- ----------------------------
-- Foreign Key structure for table [dbo].[inscripcion]
-- ----------------------------
ALTER TABLE [dbo].[inscripcion] ADD FOREIGN KEY ([id_categoria_torneo]) REFERENCES [dbo].[categoria_torneo] ([id_categoria_torneo]) ON DELETE NO ACTION ON UPDATE NO ACTION
GO
ALTER TABLE [dbo].[inscripcion] ADD FOREIGN KEY ([id_participante]) REFERENCES [dbo].[participante] ([id_participante]) ON DELETE NO ACTION ON UPDATE NO ACTION
GO
ALTER TABLE [dbo].[inscripcion] ADD FOREIGN KEY ([id_torneo]) REFERENCES [dbo].[torneo] ([id_torneo]) ON DELETE NO ACTION ON UPDATE NO ACTION
GO

-- ----------------------------
-- Foreign Key structure for table [dbo].[inscripcion_clase]
-- ----------------------------
ALTER TABLE [dbo].[inscripcion_clase] ADD FOREIGN KEY ([id_alumno]) REFERENCES [dbo].[alumno] ([id_alumno]) ON DELETE NO ACTION ON UPDATE NO ACTION
GO
ALTER TABLE [dbo].[inscripcion_clase] ADD FOREIGN KEY ([id_clase]) REFERENCES [dbo].[clase] ([id_clase]) ON DELETE NO ACTION ON UPDATE NO ACTION
GO

-- ----------------------------
-- Foreign Key structure for table [dbo].[lucha]
-- ----------------------------
ALTER TABLE [dbo].[lucha] ADD FOREIGN KEY ([id_participante1]) REFERENCES [dbo].[participante] ([id_participante]) ON DELETE NO ACTION ON UPDATE NO ACTION
GO
ALTER TABLE [dbo].[lucha] ADD FOREIGN KEY ([id_participante2]) REFERENCES [dbo].[participante] ([id_participante]) ON DELETE NO ACTION ON UPDATE NO ACTION
GO
ALTER TABLE [dbo].[lucha] ADD FOREIGN KEY ([id_resultado]) REFERENCES [dbo].[resultado] ([id_resultado]) ON DELETE NO ACTION ON UPDATE NO ACTION
GO
ALTER TABLE [dbo].[lucha] ADD FOREIGN KEY ([id_torneo]) REFERENCES [dbo].[torneo] ([id_torneo]) ON DELETE NO ACTION ON UPDATE NO ACTION
GO

-- ----------------------------
-- Foreign Key structure for table [dbo].[participante]
-- ----------------------------
ALTER TABLE [dbo].[participante] ADD FOREIGN KEY ([id_alumno]) REFERENCES [dbo].[alumno] ([id_alumno]) ON DELETE NO ACTION ON UPDATE NO ACTION
GO
ALTER TABLE [dbo].[participante] ADD FOREIGN KEY ([id_categoria]) REFERENCES [dbo].[categoria] ([id_categoria]) ON DELETE NO ACTION ON UPDATE NO ACTION
GO
ALTER TABLE [dbo].[participante] ADD FOREIGN KEY ([id_faja]) REFERENCES [dbo].[faja] ([id_faja]) ON DELETE NO ACTION ON UPDATE NO ACTION
GO

-- ----------------------------
-- Foreign Key structure for table [dbo].[provincia]
-- ----------------------------
ALTER TABLE [dbo].[provincia] ADD FOREIGN KEY ([id_pais]) REFERENCES [dbo].[pais] ([id_pais]) ON DELETE NO ACTION ON UPDATE NO ACTION
GO

-- ----------------------------
-- Foreign Key structure for table [dbo].[sede]
-- ----------------------------
ALTER TABLE [dbo].[sede] ADD FOREIGN KEY ([id_direccion]) REFERENCES [dbo].[direccion] ([id_direccion]) ON DELETE NO ACTION ON UPDATE NO ACTION
GO

-- ----------------------------
-- Foreign Key structure for table [dbo].[torneo]
-- ----------------------------
ALTER TABLE [dbo].[torneo] ADD FOREIGN KEY ([id_estado]) REFERENCES [dbo].[estado] ([id_estado]) ON DELETE NO ACTION ON UPDATE NO ACTION
GO
ALTER TABLE [dbo].[torneo] ADD FOREIGN KEY ([id_sede]) REFERENCES [dbo].[sede] ([id_sede]) ON DELETE NO ACTION ON UPDATE NO ACTION
GO

-- ----------------------------
-- Foreign Key structure for table [dbo].[torneo_imagen]
-- ----------------------------
ALTER TABLE [dbo].[torneo_imagen] ADD FOREIGN KEY ([id_torneo]) REFERENCES [dbo].[torneo] ([id_torneo]) ON DELETE NO ACTION ON UPDATE NO ACTION
GO
