/*
Navicat SQL Server Data Transfer

Source Server         : Somee
Source Server Version : 110000
Source Host           : JJSSDB1.mssql.somee.com:1433
Source Database       : JJSSDB1
Source Schema         : dbo

Target Server Type    : SQL Server
Target Server Version : 110000
File Encoding         : 65001

Date: 2017-08-26 19:14:49
*/


-- ----------------------------
-- Table structure for academia
-- ----------------------------
DROP TABLE [dbo].[academia]
GO
CREATE TABLE [dbo].[academia] (
[id_academia] int NOT NULL IDENTITY(1,1) ,
[nombre] nvarchar(45) NULL DEFAULT NULL ,
[id_direccion] int NULL DEFAULT NULL ,
[telefono] bigint NULL 
)


GO
DBCC CHECKIDENT(N'[dbo].[academia]', RESEED, 5)
GO

-- ----------------------------
-- Records of academia
-- ----------------------------
SET IDENTITY_INSERT [dbo].[academia] ON
GO
INSERT INTO [dbo].[academia] ([id_academia], [nombre], [id_direccion], [telefono]) VALUES (N'2', N'Academia 1', N'6', N'4444444')
GO
GO
INSERT INTO [dbo].[academia] ([id_academia], [nombre], [id_direccion], [telefono]) VALUES (N'3', N'Academia 2', N'2', N'4444444')
GO
GO
INSERT INTO [dbo].[academia] ([id_academia], [nombre], [id_direccion], [telefono]) VALUES (N'4', N'Gimnasio 1', N'9', N'4444444')
GO
GO
INSERT INTO [dbo].[academia] ([id_academia], [nombre], [id_direccion], [telefono]) VALUES (N'5', N'Gimnasio 2', N'1', N'4444444')
GO
GO
SET IDENTITY_INSERT [dbo].[academia] OFF
GO

-- ----------------------------
-- Table structure for alumno
-- ----------------------------
DROP TABLE [dbo].[alumno]
GO
CREATE TABLE [dbo].[alumno] (
[id_alumno] int NOT NULL IDENTITY(1,1) ,
[nombre] nvarchar(50) NOT NULL ,
[apellido] nvarchar(50) NOT NULL ,
[fecha_nacimiento] date NULL ,
[sexo] smallint NULL ,
[dni] int NOT NULL ,
[telefono] bigint NOT NULL ,
[mail] nvarchar(80) NOT NULL ,
[id_direccion] int NULL ,
[fecha_ingreso] date NOT NULL ,
[telefono_emergencia] bigint NOT NULL ,
[id_usuario] int NULL 
)


GO
DBCC CHECKIDENT(N'[dbo].[alumno]', RESEED, 41)
GO

-- ----------------------------
-- Records of alumno
-- ----------------------------
SET IDENTITY_INSERT [dbo].[alumno] ON
GO
INSERT INTO [dbo].[alumno] ([id_alumno], [nombre], [apellido], [fecha_nacimiento], [sexo], [dni], [telefono], [mail], [id_direccion], [fecha_ingreso], [telefono_emergencia], [id_usuario]) VALUES (N'11', N'Susana', N'Legora', N'1995-08-12', N'0', N'5000000', N'3333333', N'33333', N'2', N'2017-05-27', N'3333333', null)
GO
GO
INSERT INTO [dbo].[alumno] ([id_alumno], [nombre], [apellido], [fecha_nacimiento], [sexo], [dni], [telefono], [mail], [id_direccion], [fecha_ingreso], [telefono_emergencia], [id_usuario]) VALUES (N'14', N'Juan Carlos', N'Gimenez', N'1992-08-08', N'1', N'24543564', N'351239', N'emiliobucha@gasl.com', N'5', N'2017-06-01', N'3512456', null)
GO
GO
INSERT INTO [dbo].[alumno] ([id_alumno], [nombre], [apellido], [fecha_nacimiento], [sexo], [dni], [telefono], [mail], [id_direccion], [fecha_ingreso], [telefono_emergencia], [id_usuario]) VALUES (N'17', N'emilio', N'crespin', N'1995-04-07', N'1', N'65464', N'3333333', N'33333@hh.com', N'8', N'2017-06-01', N'3333333', null)
GO
GO
INSERT INTO [dbo].[alumno] ([id_alumno], [nombre], [apellido], [fecha_nacimiento], [sexo], [dni], [telefono], [mail], [id_direccion], [fecha_ingreso], [telefono_emergencia], [id_usuario]) VALUES (N'18', N'Jacinto', N'Marquez', N'2017-06-27', N'0', N'567', N'3333333', N'33333@hh.com', N'9', N'2017-06-01', N'3333333', null)
GO
GO
INSERT INTO [dbo].[alumno] ([id_alumno], [nombre], [apellido], [fecha_nacimiento], [sexo], [dni], [telefono], [mail], [id_direccion], [fecha_ingreso], [telefono_emergencia], [id_usuario]) VALUES (N'20', N'facundo', N'Mendez', N'2017-05-10', N'1', N'876546', N'444', N'33333@hh.com', N'11', N'2017-06-01', N'3333333', null)
GO
GO
INSERT INTO [dbo].[alumno] ([id_alumno], [nombre], [apellido], [fecha_nacimiento], [sexo], [dni], [telefono], [mail], [id_direccion], [fecha_ingreso], [telefono_emergencia], [id_usuario]) VALUES (N'23', N'Luciana', N'Moll', N'1993-02-20', N'0', N'34563344', N'34489111', N'luciana@hotmail.com', N'14', N'2017-06-02', N'3484922', null)
GO
GO
INSERT INTO [dbo].[alumno] ([id_alumno], [nombre], [apellido], [fecha_nacimiento], [sexo], [dni], [telefono], [mail], [id_direccion], [fecha_ingreso], [telefono_emergencia], [id_usuario]) VALUES (N'33', N'Emilio', N'Buchaillot', N'1994-05-14', N'1', N'38214947', N'3512391883', N'asdf@asfda.com', N'2', N'2017-07-09', N'48946541', N'5')
GO
GO
INSERT INTO [dbo].[alumno] ([id_alumno], [nombre], [apellido], [fecha_nacimiento], [sexo], [dni], [telefono], [mail], [id_direccion], [fecha_ingreso], [telefono_emergencia], [id_usuario]) VALUES (N'34', N'Branca', N'Bruno', N'2017-01-16', N'0', N'11112355', N'3333333', N'33333@hh.com', null, N'2017-07-09', N'3333333', N'9')
GO
GO
INSERT INTO [dbo].[alumno] ([id_alumno], [nombre], [apellido], [fecha_nacimiento], [sexo], [dni], [telefono], [mail], [id_direccion], [fecha_ingreso], [telefono_emergencia], [id_usuario]) VALUES (N'37', N'Edna', N'Krabapel', N'1954-01-16', N'0', N'7890', N'3333333', N'33333@hh.com', null, N'2017-07-11', N'3333333', N'12')
GO
GO
INSERT INTO [dbo].[alumno] ([id_alumno], [nombre], [apellido], [fecha_nacimiento], [sexo], [dni], [telefono], [mail], [id_direccion], [fecha_ingreso], [telefono_emergencia], [id_usuario]) VALUES (N'39', N'Carlos', N'Boss', N'1988-05-23', N'1', N'213', N'4569870', N'cboss@hotmail.com', N'27', N'2017-07-18', N'3456983', N'15')
GO
GO
INSERT INTO [dbo].[alumno] ([id_alumno], [nombre], [apellido], [fecha_nacimiento], [sexo], [dni], [telefono], [mail], [id_direccion], [fecha_ingreso], [telefono_emergencia], [id_usuario]) VALUES (N'40', N'Milhouse', N'Van Houten', N'2017-07-20', N'1', N'1110', N'1111', N'milhouse@hotmail.com', N'35', N'2017-07-20', N'1111', N'17')
GO
GO
SET IDENTITY_INSERT [dbo].[alumno] OFF
GO

-- ----------------------------
-- Table structure for alumno_imagen
-- ----------------------------
DROP TABLE [dbo].[alumno_imagen]
GO
CREATE TABLE [dbo].[alumno_imagen] (
[id_alumno] int NOT NULL ,
[imagen] binary(8000) NULL ,
[id_alumnoimagen] int NOT NULL IDENTITY(1,1) 
)


GO
DBCC CHECKIDENT(N'[dbo].[alumno_imagen]', RESEED, 26)
GO

-- ----------------------------
-- Records of alumno_imagen
-- ----------------------------
SET IDENTITY_INSERT [dbo].[alumno_imagen] ON
GO
INSERT INTO [dbo].[alumno_imagen] ([id_alumno], [imagen], [id_alumnoimagen]) VALUES (N'11', 0x0000000000000000000000000000000000000000000000000000000000000000000000000000000000000000000000000000000000000000000000000000000000000000000000000000000000000000000000000000000000000000000000000000000000000000000000000000000000000000000000000000000000000000000000000000000000000000000000000000000000000000000000000000000000000000000000000000000000000000000000000000000000000000000000000000000000000000000000000000000000000000000000000000000000000000000000000000000000000000000000000000000000000000000000000000000000000000000000000000000000000000000000000000000000000000000000000000000000000000000000000000000000000000000000000000000000000000000000000000000000000000000000000000000000000000000000000000000000000000000000000000000000000000000000000000000000000000000000000000000000000000000000000000000000000000000000000000000000000000000000000000000000000000000000000000000000000000000000000000000000000000000000000000000000000000000000000000000000000000000000000000000000000000000000000000000000000000000000000000000000000000000000000000000000000000000000000000000000000000000000000000000000000000000000000000000000000000000000000000000000000000000000000000000000000000000000000000000000000000000000000000000000000000000000000000000000000000000000000000000000000000000000000000000000000000000000000000000000000000000000000000000000000000000000000000000000000000000000000000000000000000000000000000000000000000000000000000000000000000000000000000000000000000000000000000000000000000000000000000000000000000000000000000000000000000000000000000000000000000000000000000000000000000000000000000000000000000000000000000000000000000000000000000000000000000000000000000000000000000000000000000000000000000000000000000000000000000000000000000000000000000000000000000000000000000000000000000000000000000000000000000000000000000000000000000000000000000000000000000000000000000000000000000000000000000000000000000000000000000000000000000000000000000000000000000000000000000000000000000000000000000000000000000000000000000000000000000000000000000000000000000000000000000000000000000000000000000000000000000000000000000000000000000000000000000000000000000000000000000000000000000000000000000000000000000000000000000000000000000000000000000000000000000000000000000000000000000000000000000000000000000000000000000000000000000000000000000000000000000000000000000000000000000000000000000000000000000000000000000000000000000000000000000000000000000000000000000000000000000000000000000000000000000000000000000000000000000000000000000000000000000000000000000000000000000000000000000000000000000000000000000000000000000000000000000000000000000000000000000000000000000000000000000000000000000000000000000000000000000000000000000000000000000000000000000000000000000000000000000000000000000000000000000000000000000000000000000000000000000000000000000000000000000000000000000000000000000000000000000000000000000000000000000000000000000000000000000000000000000000000000000000000000000000000000000000000000000000000000000000000000000000000000000000000000000000000000000000000000000000000000000000000000000000000000000000000000000000000000000000000000000000000000000000000000000000000000000000000000000000000000000000000000000000000000000000000000000000000000000000000000000000000000000000000000000000000000000000000000000000000000000000000000000000000000000000000000000000000000000000000000000000000000000000000000000000000000000000000000000000000000000000000000000000000000000000000000000000000000000000000000000000000000000000000000000000000000000000000000000000000000000000000000000000000000000000000000000000000000000000000000000000000000000000000000000000000000000000000000000000000000000000000000000000000000000000000000000000000000000000000000000000000000000000000000000000000000000000000000000000000000000000000000000000000000000000000000000000000000000000000000000000000000000000000000000000000000000000000000000000000000000000000000000000000000000000000000000000000000000000000000000000000000000000000000000000000000000000000000000000000000000000000000000000000000000000000000000000000000000000000000000000000000000000000000000000000000000000000000000000000000000000000000000000000000000000000000000000000000000000000000000000000000000000000000000000000000000000000000000000000000000000000000000000000000000000000000000000000000000000000000000000000000000000000000000000000000000000000000000000000000000000000000000000000000000000000000000000000000000000000000000000000000000000000000000000000000000000000000000000000000000000000000000000000000000000000000000000000000000000000000000000000000000000000000000000000000000000000000000000000000000000000000000000000000000000000000000000000000000000000000000000000000000000000000000000000000000000000000000000000000000000000000000000000000000000000000000000000000000000000000000000000000000000000000000000000000000000000000000000000000000000000000000000000000000000000000000000000000000000000000000000000000000000000000000000000000000000000000000000000000000000000000000000000000000000000000000000000000000000000000000000000000000000000000000000000000000000000000000000000000000000000000000000000000000000000000000000000000000000000000000000000000000000000000000000000000000000000000000000000000000000000000000000000000000000000000000000000000000000000000000000000000000000000000000000000000000000000000000000000000000000000000000000000000000000000000000000000000000000000000000000000000000000000000000000000000000000000000000000000000000000000000000000000000000000000000000000000000000000000000000000000000000000000000000000000000000000000000000000000000000000000000000000000000000000000000000000000000000000000000000000000000000000000000000000000000000000000000000000000000000000000000000000000000000000000000000000000000000000000000000000000000000000000000000000000000000000000000000000000000000000000000000000000000000000000000000000000000000000000000000000000000000000000000000000000000000000000000000000000000000000000000000000000000000000000000000000000000000000000000000000000000000000000000000000000000000000000000000000000000000000000000000000000000000000000000000000000000000000000000000000000000000000000000000000000000000000000000000000000000000000000000000000000000000000000000000000000000000000000000000000000000000000000000000000000000000000000000000000000000000000000000000000000000000000000000000000000000000000000000000000000000000000000000000000000000000000000000000000000000000000000000000000000000000000000000000000000000000000000000000000000000000000000000000000000000000000000000000000000000000000000000000000000000000000000000000000000000000000000000000000000000000000000000000000000000000000000000000000000000000000000000000000000000000000000000000000000000000000000000000000000000000000000000000000000000000000000000000000000000000000000000000000000000000000000000000000000000000000000000000000000000000000000000000000000000000000000000000000000000000000000000000000000000000000000000000000000000000000000000000000000000000000000000000000000000000000000000000000000000000000000000000000000000000000000000000000000000000000000000000000000000000000000000000000000000000000000000000000000000000000000000000000000000000000000000000000000000000000000000000000000000000000000000000000000000000000000000000000000000000000000000000000000000000000000000000000000000000000000000000000000000000000000000000000000000000000000000000000000000000000000000000000000000000000000000000000000000000000000000000000000000000000000000000000000000000000000000000000000000000000000000000000000000000000000000000000000000000000000000000000000000000000000000000000000000000000000000000000000000000000000000000000000000000000000000000000000000000000000000000000000000000000000000000000000000000000000000000000000000000000000000000000000000000000000000000000000000000000000000000000000000000000000000000000000000000000000000000000000000000000000000000000000000000000000000000000000000000000000000000000000000000000000000000000000000000000000000000000000000000000000000000000000000000000000000000000000000000000000000000000000000000000000000000000000000000000000000000000000000000000000000000000000000000000000000000000000000000000000000000000000000000000000000000000000000000000000000000000000000000000000000000000000000000000000000000000000000000000000000000000000000000000000000000000000000000000000000000000000000000000000000000000000000000000000000000000000000000000000000000000000000000000000000000000000000000000000000000000000000000000000000000000000000000000000000000000000000000000000000000000000000000000000000000000000000000000000000000000000000000000000000000000000000000000000000000000000000000000000000000000000000000000000000000000000000000000000000000000000000000000000000000000000000000000000000000000000000000000000000000000000000000000000000000000000000000000000000000000000000000000000000000000000000000000000000000000000000000000000000000000000000000000000000000000000000000000000000000000000000000000000000000000000000000000000000000000000000000000000000000000000000000000000000000000000000000000000000000000000000000000000000000000000000000000000000000000000000000000000000000000000000000000000000000000000000000000000000000000000000000000000000000000000000000000000000000000000000000000000000000000000000000000000000000000000000000000000000000000000000000000000000000000000000000000000000000000000000000000000000000000000000000000000000000000000000000000000000000000000000000000000000000000000000000000000000000000000000000000000000000000000000000000000000000000000000000000000000000000000000000000000000000000000000000000000000000000000000000000000000000000000000000000000000000000000000000000000000000000000000000000000000000000000000000000000000000000000000000000000000000000000000000000000000000000000000000000000000000000000000000000000000000000000000000000000000000000000000000000000000000000000000000000000000000000000000000000000000000000000000000000000000000000000000000000000000000000000000000000000000000000000000000000000000000000000000000000000000000000000000000000000000000000000000000000000000000000000000000000000000000000000000000000000000000000000000000000000000000000000000000000000000000000000000000000000000000000000000000000000000000000000000000000000000000000000000000000000000000000000000000000000000000000000000000000000000000000000000000000000000000000000000000000000000000000000000000000000000000000000000000000000000000000000000000000000000000000000000000000000000000000000000000000000000000000000000000000000000000000000000000000000000000000000000000000000000000000000000000000000000000000000000000000000000000000000000000000000000000000000000000000000000000000000000000000000000000000000000000000000000000000000000000000000000000000000000000000000000000000000000000000000000000000000000000000000000000000000000000000000000000000000000000000000000000000000000000000000000000000000000000000000000000000000000000000000000000000000000000000000000000000000000000000000000000000000000000000000000000000000000000000000000000000000000000000000000000000000000000000000000000000000000000000000000000000000000000000000000000000000000000000000000000000000000000000000000000000000000000000000000000000000000000000000000000000000000000000000000000000000000000000000000000000000000000000000000000000000000000000000000000000000000000000000000000000000000000000000000000000000000000000000000000000000000000000000000000000000000000000000000000000000000000000000000000000000000000000000000000000000000000000000000000000000000000000000000000000000000000000000000000000000000000000000000000000000000000000000000000000000000000000000000000000000000000000000000000000000000000000000000000000000000000000000000000000000000000000000000000000000000000000000000000000000000000000000000000000000000000000000000000000000000000000000000000000000000000000000000000000000000000000000000000000000000000000000000000000000000000000000000000000000000000000000000000000000000000000000000000000000000000000000000000000000000000000000000000000000000000000000000000000000000000000000000000000000000000000000000000000000000000000000000000000000000000000000000000000000000000000000000000000000000000000000000000000000000000000000000000000000000000000000000000000000000000000000000000000000000000000000000000000000000000000000000000000000000000000000000000000000000000000000000000000000000000000000000000000000000000000000000000000000000000000000000000000000000000000000000000000000000000000000000000000000000000000000000000000000000000000000000000000000000000000000000000000000000000000000000000000000000000000000000000000000000000000000000000000000000000000000000000000000000000000000000000000000000000000000000000000000000000000000000000000000000000000000000000000000000000000000000000000000000000000000000000000000000000000000000000000000000000000000000000000000000000000000000000000000000000000000000000000000000000000000000000000000000000000000000000000000000000000000000000000000000000000000000000000000000000000000000000000000000000000000000000000000000000000000000000000000000000000000000000000000000000000000000000000000000000000000000000000000000000000000000000000000000000000000000000000000000000000000000000000000000000000000000000000000000000000000000000000000000000000000000000000000000000000000000000000000000000000000000000000000000000000000000000000000000000000000000000000000000000000000000000000000000000000000000000000000000000000000000000000000000000000000000000000000000000000000000000000000000000000000000000000000000000000000000000000000000000000000000000000000000000000000000000000000000000000000000000000000000000000000000000000000000000000000000000000000000000000000000000000000000000000000000000000000000000000000000000000000000000000000000000000000000000000000000000000000000000000000000000000000000000000000000000000000000000000000000000000000000000000000000000000000000000000000000000000000000000000000000000000000000000000000000000000000000000000000000000000000000000000000000000000000000000000000000000000000000000000000000000000000000000000000000000000000000000000000000000000000000000000000000000000000000000000000000000000000000000000000000000000000000000000000000000000000000000000000000000000000000000000000000000000000000000000000000000000000000000000000000000000000000000000000000000000000000000000000000000000000000000000000000000000000000000000000000000000000000000000000000000000000000000000000000000000000000000000000000000000000000000000000000000000000000000000000000000000000000000000000000000000000000000000000000000000000000000000000000000000000000000000000000000000000000000000000000000000000000000000000000000000000000000000000000000000000000000000000000000000000000000000000000000000000000000000000000000000000000000000000000000000000000000000000000000000000000000000000000000000000000000000000000000000000000000000000000000000000000000000000000000000000000000000000000000000000000000000000000000000000000000000000000000000000000000000000000000000000000000000000000000000000000000000000000000000000000000000000000000000000000000000000000000000000000000000000000000000000000000000000000000000000000000000000000000000000000000000000000000000000000000000000000000000000000000000000000000000000000000000000000000000000000000000000000000000000000000000000000000000000000000000000000000000000000000000000000000000000000000000000000000000000000000000000000000000000000000000000000000000000000000000000000000000000000000000000000000000000000000000000000000000000000000000000000000000000000000000000000000000000000000000000000000000000000000000000000000000000000000000000000000000000000000000000000000000000000000000000000000000000000000000000000000000000000000000000000000000000000000000000000000000000000000000000000000000000000000000000000000000000000000000000000000000000000000000000000000000000000000000000000000000000000000000000000000000000000000000000000000000000000000000000000000000000000000000000000000000000000000000000000000000000000000000000000000000000000000000000000000000000000000000000000000000000000000, N'2')
GO
GO
INSERT INTO [dbo].[alumno_imagen] ([id_alumno], [imagen], [id_alumnoimagen]) VALUES (N'14', 0xFFD8FFE000104A46494600010101006000600000FFDB0043000201010201010202020202020202030503030303030604040305070607070706070708090B0908080A0807070A0D0A0A0B0C0C0C0C07090E0F0D0C0E0B0C0C0CFFDB004301020202030303060303060C0807080C0C0C0C0C0C0C0C0C0C0C0C0C0C0C0C0C0C0C0C0C0C0C0C0C0C0C0C0C0C0C0C0C0C0C0C0C0C0C0C0C0C0C0C0C0C0C0C0C0CFFC00011080009000903012200021101031101FFC4001F0000010501010101010100000000000000000102030405060708090A0BFFC400B5100002010303020403050504040000017D01020300041105122131410613516107227114328191A1082342B1C11552D1F02433627282090A161718191A25262728292A3435363738393A434445464748494A535455565758595A636465666768696A737475767778797A838485868788898A92939495969798999AA2A3A4A5A6A7A8A9AAB2B3B4B5B6B7B8B9BAC2C3C4C5C6C7C8C9CAD2D3D4D5D6D7D8D9DAE1E2E3E4E5E6E7E8E9EAF1F2F3F4F5F6F7F8F9FAFFC4001F0100030101010101010101010000000000000102030405060708090A0BFFC400B51100020102040403040705040400010277000102031104052131061241510761711322328108144291A1B1C109233352F0156272D10A162434E125F11718191A262728292A35363738393A434445464748494A535455565758595A636465666768696A737475767778797A82838485868788898A92939495969798999AA2A3A4A5A6A7A8A9AAB2B3B4B5B6B7B8B9BAC2C3C4C5C6C7C8C9CAD2D3D4D5D6D7D8D9DAE2E3E4E5E6E7E8E9EAF2F3F4F5F6F7F8F9FAFFDA000C03010002110311003F00FC000DB4E470474357FF00E12DD57FE825A87FE043FF008D67D7EB05007FFFD900000000000000000000000000000000000000000000000000000000000000000000000000000000000000000000000000000000000000000000000000000000000000000000000000000000000000000000000000000000000000000000000000000000000000000000000000000000000000000000000000000000000000000000000000000000000000000000000000000000000000000000000000000000000000000000000000000000000000000000000000000000000000000000000000000000000000000000000000000000000000000000000000000000000000000000000000000000000000000000000000000000000000000000000000000000000000000000000000000000000000000000000000000000000000000000000000000000000000000000000000000000000000000000000000000000000000000000000000000000000000000000000000000000000000000000000000000000000000000000000000000000000000000000000000000000000000000000000000000000000000000000000000000000000000000000000000000000000000000000000000000000000000000000000000000000000000000000000000000000000000000000000000000000000000000000000000000000000000000000000000000000000000000000000000000000000000000000000000000000000000000000000000000000000000000000000000000000000000000000000000000000000000000000000000000000000000000000000000000000000000000000000000000000000000000000000000000000000000000000000000000000000000000000000000000000000000000000000000000000000000000000000000000000000000000000000000000000000000000000000000000000000000000000000000000000000000000000000000000000000000000000000000000000000000000000000000000000000000000000000000000000000000000000000000000000000000000000000000000000000000000000000000000000000000000000000000000000000000000000000000000000000000000000000000000000000000000000000000000000000000000000000000000000000000000000000000000000000000000000000000000000000000000000000000000000000000000000000000000000000000000000000000000000000000000000000000000000000000000000000000000000000000000000000000000000000000000000000000000000000000000000000000000000000000000000000000000000000000000000000000000000000000000000000000000000000000000000000000000000000000000000000000000000000000000000000000000000000000000000000000000000000000000000000000000000000000000000000000000000000000000000000000000000000000000000000000000000000000000000000000000000000000000000000000000000000000000000000000000000000000000000000000000000000000000000000000000000000000000000000000000000000000000000000000000000000000000000000000000000000000000000000000000000000000000000000000000000000000000000000000000000000000000000000000000000000000000000000000000000000000000000000000000000000000000000000000000000000000000000000000000000000000000000000000000000000000000000000000000000000000000000000000000000000000000000000000000000000000000000000000000000000000000000000000000000000000000000000000000000000000000000000000000000000000000000000000000000000000000000000000000000000000000000000000000000000000000000000000000000000000000000000000000000000000000000000000000000000000000000000000000000000000000000000000000000000000000000000000000000000000000000000000000000000000000000000000000000000000000000000000000000000000000000000000000000000000000000000000000000000000000000000000000000000000000000000000000000000000000000000000000000000000000000000000000000000000000000000000000000000000000000000000000000000000000000000000000000000000000000000000000000000000000000000000000000000000000000000000000000000000000000000000000000000000000000000000000000000000000000000000000000000000000000000000000000000000000000000000000000000000000000000000000000000000000000000000000000000000000000000000000000000000000000000000000000000000000000000000000000000000000000000000000000000000000000000000000000000000000000000000000000000000000000000000000000000000000000000000000000000000000000000000000000000000000000000000000000000000000000000000000000000000000000000000000000000000000000000000000000000000000000000000000000000000000000000000000000000000000000000000000000000000000000000000000000000000000000000000000000000000000000000000000000000000000000000000000000000000000000000000000000000000000000000000000000000000000000000000000000000000000000000000000000000000000000000000000000000000000000000000000000000000000000000000000000000000000000000000000000000000000000000000000000000000000000000000000000000000000000000000000000000000000000000000000000000000000000000000000000000000000000000000000000000000000000000000000000000000000000000000000000000000000000000000000000000000000000000000000000000000000000000000000000000000000000000000000000000000000000000000000000000000000000000000000000000000000000000000000000000000000000000000000000000000000000000000000000000000000000000000000000000000000000000000000000000000000000000000000000000000000000000000000000000000000000000000000000000000000000000000000000000000000000000000000000000000000000000000000000000000000000000000000000000000000000000000000000000000000000000000000000000000000000000000000000000000000000000000000000000000000000000000000000000000000000000000000000000000000000000000000000000000000000000000000000000000000000000000000000000000000000000000000000000000000000000000000000000000000000000000000000000000000000000000000000000000000000000000000000000000000000000000000000000000000000000000000000000000000000000000000000000000000000000000000000000000000000000000000000000000000000000000000000000000000000000000000000000000000000000000000000000000000000000000000000000000000000000000000000000000000000000000000000000000000000000000000000000000000000000000000000000000000000000000000000000000000000000000000000000000000000000000000000000000000000000000000000000000000000000000000000000000000000000000000000000000000000000000000000000000000000000000000000000000000000000000000000000000000000000000000000000000000000000000000000000000000000000000000000000000000000000000000000000000000000000000000000000000000000000000000000000000000000000000000000000000000000000000000000000000000000000000000000000000000000000000000000000000000000000000000000000000000000000000000000000000000000000000000000000000000000000000000000000000000000000000000000000000000000000000000000000000000000000000000000000000000000000000000000000000000000000000000000000000000000000000000000000000000000000000000000000000000000000000000000000000000000000000000000000000000000000000000000000000000000000000000000000000000000000000000000000000000000000000000000000000000000000000000000000000000000000000000000000000000000000000000000000000000000000000000000000000000000000000000000000000000000000000000000000000000000000000000000000000000000000000000000000000000000000000000000000000000000000000000000000000000000000000000000000000000000000000000000000000000000000000000000000000000000000000000000000000000000000000000000000000000000000000000000000000000000000000000000000000000000000000000000000000000000000000000000000000000000000000000000000000000000000000000000000000000000000000000000000000000000000000000000000000000000000000000000000000000000000000000000000000000000000000000000000000000000000000000000000000000000000000000000000000000000000000000000000000000000000000000000000000000000000000000000000000000000000000000000000000000000000000000000000000000000000000000000000000000000000000000000000000000000000000000000000000000000000000000000000000000000000000000000000000000000000000000000000000000000000000000000000000000000000000000000000000000000000000000000000000000000000000000000000000000000000000000000000000000000000000000000000000000000000000000000000000000000000000000000000000000000000000000000000000000000000000000000000000000000000000000000000000000000000000000000000000000000000000000000000000000000000000000000000000000000000000000000000000000000000000000000000000000000000000000000000000000000000000000000000000000000000000000000000000000000000000000000000000000000000000000000000000000000000000000000000000000000000000000000000000000000000000000000000000000000000000000000000000000000000000000000000000000000000000000000000000000000000000000000000000000000000000000000000000000000000000000000000000000000000000000000000000000000000000000000000000000000000000000000000000000000000000000000000000000000000000000000000000000000000000000000000000000000000000000000000000000000000000000000000000000000000000000000000000000000000000000000000000000000000000000000000000000000000000000000000000000000000000000000000000000000000000000000000000000000000000000000000000000000000000000000000000000000000000000000000000000000000000000000000000000000000000000000000000000000000000000000000000000000000000000000000000000000000000000000000000000000000000000000000000000000000000000000000000000000000000000000000000000000000000000000000000000000000000000000000000000000000000000000000000000000000000000000000000000000000000000000000000000000000000000000000000000000000000000000000000000000000000000000000000000000000000000000000000000000000000000000000000000000000000000000000000000000000000000000000000000000000000000000000000000000000000000000000000000000000000000000000000000000000000000000000000000000000000000000000000000000000000000000000000000000000000000000000000000000000000000000000000000000000000000000000000000000000000000000000000000000000000000000000000000000000000000000000000000000000000000000000000000000000000000000000000000000000000000000000000000000000000000000000000000000000000000000000000000000000000000000000000000000000000000000000000000000000000000000000000000000000000000000000000000000000000000000000000000000000000000000000000000000000000000000000000000000000000000000000000000000000000000000000000000000000000000000000000000000000000000000000000000000000000000000000000000000000000000000000000000000000000000000000000000000000000000000000000000000000000000000000000000000000000000000000000000000000000000000000000000000000000000000000000000000000000000000000000000000000000000000000000000000000000000000000000000000000000000000000000000000000000000000000000000000000000000000000000000000000000000000000000000000000000000000000000000000000000000000000000000000000000000000000000000000000000000000000000000000000000000000000000000000000000000000000000000000000000000000000000000000000000000000000000000000000000000000000000000000000000000000000000000000000000000000000000000000000000000000000000000000000000000000000000000000000000000000000000000000000000000000000000000000000000000000000000000000000000000000000000000000000000000000000000000000000000000000000000000000000000000000000000000000000000000000000000000000000000000000000000000000000000000000000000000000000000000000000000000000000000000000000000000000000000000000000000000000000000000000000000000000000000000000000000000000000000000000000000000000000000000000000000000000000000000000000000000000000000000000000000000000000000000000000000000000000000000000000000000000000000000000000000000000000000000000000000000000000000000000000000000000000000000000000000000000000000000000000000000000000000000000000000000000000000000000000000000000000000000000000000000000000000000000000000000000000000000000000000000000000000000000000000000000000000000000000000000000000000000000000000000000000000000000000000000000000000000000000000000000000000000000000000000000000000000000000000000000000000000000000000000000000000000000000000000000000000000000000000000000000000000000000000000000000000000000000000000000000000000000000000000000000000000000000000000000000000000000000000000000000000000000000000000000000000000000000000000000000000000000000000000000000000000000000000000000000000000000000000000000000000000000000000000000000000000000000000000000000000000000000000000000000000000000000000000000000000000000000000000000000000000000000000000000000000000000000000000000000000000000000000000000000000000000000000000000000000000000000000000000000000000000000000000000000000000000000000000000000000000000000000000000000000000000000000000000000000000000000000000000000000000000000000000000000000000000000000000000000000000000000000000000000000000000000000000000000000000000000000000000000000000000000000000000000000000000000000000000000000000000000000000000000000000000000000000000000000000000000000000000000000000000000000000000000000000000000000000000000000000000000000000000000000000000000000000000000000000000000000000000000000000000000000000000000000000000000000000000000000000000000000000000000000000000000000000000000000000000000000000000000000000000000000000000000000000000000000000000000000000000000000000000000000000000000000000000000000000000000000000000000000000000000000000000000000000000000000000000000000000000000000000000000000000000000000000000000000000000000000000000000000000000000000000000000000000000000000000000000000000000000000000000000000000000000000000000000000000000000000000000000000000000000000000000000000000000000000000000000000000000000000000000000000000000000000000000000000000000000000000000000000000000000000000000000000000000000000000000000000000000000000000000000000000000000000000000000000000000000000000000000000000000000000000000000000000000000000000000000000000000000000000000000000000000000000000000000000000000000000000000000000000000000000000000000000000000000000000000000000000000000000000000000000000000000000000000000000000000000000000000000000000000000000000000000000000000000000000000000000000000000000000000000000000000000000000000000000000000000000000000000000000000000000000000000000000000000000000000000000000000000000000000000000000000000000000000000000000000000000000000000000000000000000000000000000000000000000000000000000000000000000000000000000000000000000000000000000000000000000000000000000000000000000000000000000000000000000000000000000000000000000000000000000000000000000000000000000000000000000000000000000000000000000000000000000000000000000000000000000000000000000000000000000000000000000000000000000000000000000000000000000000000000000000000000000000000000000000000000000000000000000000000000000000000000000000000000000000000000000000000000000000000000000000000000000000000000000000000000000000000000000000000000000000000000000000000000000000000000000000000000000000000000000000000000000000000000000000000000000000000000000000000000000000000000000000000000000000000000000000000000000000000000000000000000000000000000000000000000000000000000000000000000000000000000000000000000000000000000000000000000000000000000000000000000000000000000000000000000000000000000000000000000000000000000000000000000000000000000000000000000000000000000000000000000000000000000000000000000000000000000000000000000000000000000000000000000000000000000000000000000000000000000000000000000000000000000000000000000000000000000000000000000000000000000000000000000000000000000000000000000000000000000000000000000000000000000000000000000000000000000000000000000000000000000000000000000000000000000000000000000000000000000000000000000000000000000000000000000000, N'5')
GO
GO
INSERT INTO [dbo].[alumno_imagen] ([id_alumno], [imagen], [id_alumnoimagen]) VALUES (N'17', 0x0000000000000000000000000000000000000000000000000000000000000000000000000000000000000000000000000000000000000000000000000000000000000000000000000000000000000000000000000000000000000000000000000000000000000000000000000000000000000000000000000000000000000000000000000000000000000000000000000000000000000000000000000000000000000000000000000000000000000000000000000000000000000000000000000000000000000000000000000000000000000000000000000000000000000000000000000000000000000000000000000000000000000000000000000000000000000000000000000000000000000000000000000000000000000000000000000000000000000000000000000000000000000000000000000000000000000000000000000000000000000000000000000000000000000000000000000000000000000000000000000000000000000000000000000000000000000000000000000000000000000000000000000000000000000000000000000000000000000000000000000000000000000000000000000000000000000000000000000000000000000000000000000000000000000000000000000000000000000000000000000000000000000000000000000000000000000000000000000000000000000000000000000000000000000000000000000000000000000000000000000000000000000000000000000000000000000000000000000000000000000000000000000000000000000000000000000000000000000000000000000000000000000000000000000000000000000000000000000000000000000000000000000000000000000000000000000000000000000000000000000000000000000000000000000000000000000000000000000000000000000000000000000000000000000000000000000000000000000000000000000000000000000000000000000000000000000000000000000000000000000000000000000000000000000000000000000000000000000000000000000000000000000000000000000000000000000000000000000000000000000000000000000000000000000000000000000000000000000000000000000000000000000000000000000000000000000000000000000000000000000000000000000000000000000000000000000000000000000000000000000000000000000000000000000000000000000000000000000000000000000000000000000000000000000000000000000000000000000000000000000000000000000000000000000000000000000000000000000000000000000000000000000000000000000000000000000000000000000000000000000000000000000000000000000000000000000000000000000000000000000000000000000000000000000000000000000000000000000000000000000000000000000000000000000000000000000000000000000000000000000000000000000000000000000000000000000000000000000000000000000000000000000000000000000000000000000000000000000000000000000000000000000000000000000000000000000000000000000000000000000000000000000000000000000000000000000000000000000000000000000000000000000000000000000000000000000000000000000000000000000000000000000000000000000000000000000000000000000000000000000000000000000000000000000000000000000000000000000000000000000000000000000000000000000000000000000000000000000000000000000000000000000000000000000000000000000000000000000000000000000000000000000000000000000000000000000000000000000000000000000000000000000000000000000000000000000000000000000000000000000000000000000000000000000000000000000000000000000000000000000000000000000000000000000000000000000000000000000000000000000000000000000000000000000000000000000000000000000000000000000000000000000000000000000000000000000000000000000000000000000000000000000000000000000000000000000000000000000000000000000000000000000000000000000000000000000000000000000000000000000000000000000000000000000000000000000000000000000000000000000000000000000000000000000000000000000000000000000000000000000000000000000000000000000000000000000000000000000000000000000000000000000000000000000000000000000000000000000000000000000000000000000000000000000000000000000000000000000000000000000000000000000000000000000000000000000000000000000000000000000000000000000000000000000000000000000000000000000000000000000000000000000000000000000000000000000000000000000000000000000000000000000000000000000000000000000000000000000000000000000000000000000000000000000000000000000000000000000000000000000000000000000000000000000000000000000000000000000000000000000000000000000000000000000000000000000000000000000000000000000000000000000000000000000000000000000000000000000000000000000000000000000000000000000000000000000000000000000000000000000000000000000000000000000000000000000000000000000000000000000000000000000000000000000000000000000000000000000000000000000000000000000000000000000000000000000000000000000000000000000000000000000000000000000000000000000000000000000000000000000000000000000000000000000000000000000000000000000000000000000000000000000000000000000000000000000000000000000000000000000000000000000000000000000000000000000000000000000000000000000000000000000000000000000000000000000000000000000000000000000000000000000000000000000000000000000000000000000000000000000000000000000000000000000000000000000000000000000000000000000000000000000000000000000000000000000000000000000000000000000000000000000000000000000000000000000000000000000000000000000000000000000000000000000000000000000000000000000000000000000000000000000000000000000000000000000000000000000000000000000000000000000000000000000000000000000000000000000000000000000000000000000000000000000000000000000000000000000000000000000000000000000000000000000000000000000000000000000000000000000000000000000000000000000000000000000000000000000000000000000000000000000000000000000000000000000000000000000000000000000000000000000000000000000000000000000000000000000000000000000000000000000000000000000000000000000000000000000000000000000000000000000000000000000000000000000000000000000000000000000000000000000000000000000000000000000000000000000000000000000000000000000000000000000000000000000000000000000000000000000000000000000000000000000000000000000000000000000000000000000000000000000000000000000000000000000000000000000000000000000000000000000000000000000000000000000000000000000000000000000000000000000000000000000000000000000000000000000000000000000000000000000000000000000000000000000000000000000000000000000000000000000000000000000000000000000000000000000000000000000000000000000000000000000000000000000000000000000000000000000000000000000000000000000000000000000000000000000000000000000000000000000000000000000000000000000000000000000000000000000000000000000000000000000000000000000000000000000000000000000000000000000000000000000000000000000000000000000000000000000000000000000000000000000000000000000000000000000000000000000000000000000000000000000000000000000000000000000000000000000000000000000000000000000000000000000000000000000000000000000000000000000000000000000000000000000000000000000000000000000000000000000000000000000000000000000000000000000000000000000000000000000000000000000000000000000000000000000000000000000000000000000000000000000000000000000000000000000000000000000000000000000000000000000000000000000000000000000000000000000000000000000000000000000000000000000000000000000000000000000000000000000000000000000000000000000000000000000000000000000000000000000000000000000000000000000000000000000000000000000000000000000000000000000000000000000000000000000000000000000000000000000000000000000000000000000000000000000000000000000000000000000000000000000000000000000000000000000000000000000000000000000000000000000000000000000000000000000000000000000000000000000000000000000000000000000000000000000000000000000000000000000000000000000000000000000000000000000000000000000000000000000000000000000000000000000000000000000000000000000000000000000000000000000000000000000000000000000000000000000000000000000000000000000000000000000000000000000000000000000000000000000000000000000000000000000000000000000000000000000000000000000000000000000000000000000000000000000000000000000000000000000000000000000000000000000000000000000000000000000000000000000000000000000000000000000000000000000000000000000000000000000000000000000000000000000000000000000000000000000000000000000000000000000000000000000000000000000000000000000000000000000000000000000000000000000000000000000000000000000000000000000000000000000000000000000000000000000000000000000000000000000000000000000000000000000000000000000000000000000000000000000000000000000000000000000000000000000000000000000000000000000000000000000000000000000000000000000000000000000000000000000000000000000000000000000000000000000000000000000000000000000000000000000000000000000000000000000000000000000000000000000000000000000000000000000000000000000000000000000000000000000000000000000000000000000000000000000000000000000000000000000000000000000000000000000000000000000000000000000000000000000000000000000000000000000000000000000000000000000000000000000000000000000000000000000000000000000000000000000000000000000000000000000000000000000000000000000000000000000000000000000000000000000000000000000000000000000000000000000000000000000000000000000000000000000000000000000000000000000000000000000000000000000000000000000000000000000000000000000000000000000000000000000000000000000000000000000000000000000000000000000000000000000000000000000000000000000000000000000000000000000000000000000000000000000000000000000000000000000000000000000000000000000000000000000000000000000000000000000000000000000000000000000000000000000000000000000000000000000000000000000000000000000000000000000000000000000000000000000000000000000000000000000000000000000000000000000000000000000000000000000000000000000000000000000000000000000000000000000000000000000000000000000000000000000000000000000000000000000000000000000000000000000000000000000000000000000000000000000000000000000000000000000000000000000000000000000000000000000000000000000000000000000000000000000000000000000000000000000000000000000000000000000000000000000000000000000000000000000000000000000000000000000000000000000000000000000000000000000000000000000000000000000000000000000000000000000000000000000000000000000000000000000000000000000000000000000000000000000000000000000000000000000000000000000000000000000000000000000000000000000000000000000000000000000000000000000000000000000000000000000000000000000000000000000000000000000000000000000000000000000000000000000000000000000000000000000000000000000000000000000000000000000000000000000000000000000000000000000000000000000000000000000000000000000000000000000000000000000000000000000000000000000000000000000000000000000000000000000000000000000000000000000000000000000000000000000000000000000000000000000000000000000000000000000000000000000000000000000000000000000000000000000000000000000000000000000000000000000000000000000000000000000000000000000000000000000000000000000000000000000000000000000000000000000000000000000000000000000000000000000000000000000000000000000000000000000000000000000000000000000000000000000000000000000000000000000000000000000000000000000000000000000000000000000000000000000000000000000000000000000000000000000000000000000000000000000000000000000000000000000000000000000000000000000000000000000000000000000000000000000000000000000000000000000000000000000000000000000000000000000000000000000000000000000000000000000000000000000000000000000000000000000000000000000000000000000000000000000000000000000000000000000000000000000000000000000000000000000000000000000000000000000000000000000000000000000000000000000000000000000000000000000000000000000000000000000000000000000000000000000000000000000000000000000000000000000000000000000000000000000000000000000000000000000000000000000000000000000000000000000000000000000000000000000000000000000000000000000000000000000000000000000000000000000000000000000000000000000000000000000000000000000000000000000000000000000000000000000000000000000000000000000000000000000000000000000000000000000000000000000000000000000000000000000000000000000000000000000000000000000000000000000000000000000000000000000000000000000000000000000000000000000000000000000000000000000000000000000000000000000000000000000000000000000000000000000000000000000000000000000000000000000000000000000000000000000000000000000000000000000000000000000000000000000000000000000000000000000000000000000000000000000000000000000000000000000000000000000000000000000000000000000000000000000000000000000000000000000000000000000000000000000000000000000000000000000000000000000000000000000000000000000000000000000000000000000000000000000000000000000000000000000000000000000000000000000000000000000000000000000000000000000000000000000000000000000000000000000000000000000000000000000000000000000000000000000000000000000000000000000000000000000000000000000000000000000000000000000000000000000000000000000000000000000000000000000000000000000000000000000000000000000000000000000000000000000000000000000000000000000000000000000000000000000000000000000000000000000000000000000000000000000000000000000000000000000000000000000000000000000000000000000000000000000000000000000000000000000000000000000000000000000000000000000000000000000000000000000000000000000000000000000000000000000000000000000000000000000000000000000000000000000000000000000000000000000000000000000000000000000000000000000000000000000000000000000000000000000000000000000000000000000000000000000000000000000000000000000000000000000000000000000000000000000000000000000000000000000000000000000000000000000000000000000000000000000000000000000000000000000000000000000000000000000000000000000000000000000000000000000000000000000000000000000000000000000000000000000000000000000000000000000000000000000000000000000000000000000000000000000000000000000000000000000000000000000000000000000000000000000000000000000000000000000000000000000000000000000000000000000000000000000000000000000000000000000000000000000000000000000000000000000000000000000000000000000000000000000000000000000000000000000000000000000000000000000000000000000000000000000000000000000000000000000000000000000000000000000000000000000000000000000000000000000000000000000000000000000000000000000000000000000000000000000000000000000000000000000000000000000000000000000000000000000000000000000000000000000000000000000000000000000000000000000000000000000000000000000000000000000000000000000000000000000000000000000000000000000000000000000000000000000000000000000000000000000000000000000000000000000000000000000000000000000000000000000000000000000000000000000000000000000000000000000000000000000000000000000000000000000000000000000000000000000000000000000000000000000000000000000000000000000000000000000000000000000000000000000000000000000000000000000000000000000000000000000000000000000000000000000000000000000000000000000000000000000000000000000000000000000000000000000000000000000000000000000000000000000000000000000000000000000000000000000000000000000000000000000000000000000000000000000000000000000000000000000000000000000000000000000000000000000000000000000000000000000000000000000000000000000000000000000000000000000000000000000000000000000000000000000000000000000000000000000000000000000000000000000000000000000000000000000000000000000000000000000000000000000000000000000000000000000000000000000000000000000000000000000000000000000000000000000000000000000000000000000000000000000000000000000000000000000000000000000000000000000000000000000000000000000000000000000000000000000000000000000000000000000000000000000000000000000000000000000000000000000000000000000000000000000000000000000000000000000000000000000000000000000000000000000000000000000000000000000000000000000000000000000000000000000000000000000000000000000000000000000000000000000000000000000000000000000000000000000000000000000000000000000000000000000000000000000000000000000000000000000000000000000000000000000000000000000000000000000000000000000000000000000000000000000000000000000000000000000000000000000000000000000000000000000000000000000000000000000000000000000000000000000000000000000000000000000000000000000000000000000000000000000000000000000000000000000000000000000000000000000000000000000000000000000000000000000000000000000000000000000000000000000000000000000000000000000000000000000000000000000000000000000000000000000000000000000000000000000000000000000000000000000000000000000000000000000000000000000000000000000000000000000000000000000000000000000000000000000000000000000000000000000000000000000000000000000000000000000000000000000000000000000000000000000000000000000000000000000000000000000000000000000000000000000000000000000000000000000000, N'8')
GO
GO
INSERT INTO [dbo].[alumno_imagen] ([id_alumno], [imagen], [id_alumnoimagen]) VALUES (N'18', 0x0000000000000000000000000000000000000000000000000000000000000000000000000000000000000000000000000000000000000000000000000000000000000000000000000000000000000000000000000000000000000000000000000000000000000000000000000000000000000000000000000000000000000000000000000000000000000000000000000000000000000000000000000000000000000000000000000000000000000000000000000000000000000000000000000000000000000000000000000000000000000000000000000000000000000000000000000000000000000000000000000000000000000000000000000000000000000000000000000000000000000000000000000000000000000000000000000000000000000000000000000000000000000000000000000000000000000000000000000000000000000000000000000000000000000000000000000000000000000000000000000000000000000000000000000000000000000000000000000000000000000000000000000000000000000000000000000000000000000000000000000000000000000000000000000000000000000000000000000000000000000000000000000000000000000000000000000000000000000000000000000000000000000000000000000000000000000000000000000000000000000000000000000000000000000000000000000000000000000000000000000000000000000000000000000000000000000000000000000000000000000000000000000000000000000000000000000000000000000000000000000000000000000000000000000000000000000000000000000000000000000000000000000000000000000000000000000000000000000000000000000000000000000000000000000000000000000000000000000000000000000000000000000000000000000000000000000000000000000000000000000000000000000000000000000000000000000000000000000000000000000000000000000000000000000000000000000000000000000000000000000000000000000000000000000000000000000000000000000000000000000000000000000000000000000000000000000000000000000000000000000000000000000000000000000000000000000000000000000000000000000000000000000000000000000000000000000000000000000000000000000000000000000000000000000000000000000000000000000000000000000000000000000000000000000000000000000000000000000000000000000000000000000000000000000000000000000000000000000000000000000000000000000000000000000000000000000000000000000000000000000000000000000000000000000000000000000000000000000000000000000000000000000000000000000000000000000000000000000000000000000000000000000000000000000000000000000000000000000000000000000000000000000000000000000000000000000000000000000000000000000000000000000000000000000000000000000000000000000000000000000000000000000000000000000000000000000000000000000000000000000000000000000000000000000000000000000000000000000000000000000000000000000000000000000000000000000000000000000000000000000000000000000000000000000000000000000000000000000000000000000000000000000000000000000000000000000000000000000000000000000000000000000000000000000000000000000000000000000000000000000000000000000000000000000000000000000000000000000000000000000000000000000000000000000000000000000000000000000000000000000000000000000000000000000000000000000000000000000000000000000000000000000000000000000000000000000000000000000000000000000000000000000000000000000000000000000000000000000000000000000000000000000000000000000000000000000000000000000000000000000000000000000000000000000000000000000000000000000000000000000000000000000000000000000000000000000000000000000000000000000000000000000000000000000000000000000000000000000000000000000000000000000000000000000000000000000000000000000000000000000000000000000000000000000000000000000000000000000000000000000000000000000000000000000000000000000000000000000000000000000000000000000000000000000000000000000000000000000000000000000000000000000000000000000000000000000000000000000000000000000000000000000000000000000000000000000000000000000000000000000000000000000000000000000000000000000000000000000000000000000000000000000000000000000000000000000000000000000000000000000000000000000000000000000000000000000000000000000000000000000000000000000000000000000000000000000000000000000000000000000000000000000000000000000000000000000000000000000000000000000000000000000000000000000000000000000000000000000000000000000000000000000000000000000000000000000000000000000000000000000000000000000000000000000000000000000000000000000000000000000000000000000000000000000000000000000000000000000000000000000000000000000000000000000000000000000000000000000000000000000000000000000000000000000000000000000000000000000000000000000000000000000000000000000000000000000000000000000000000000000000000000000000000000000000000000000000000000000000000000000000000000000000000000000000000000000000000000000000000000000000000000000000000000000000000000000000000000000000000000000000000000000000000000000000000000000000000000000000000000000000000000000000000000000000000000000000000000000000000000000000000000000000000000000000000000000000000000000000000000000000000000000000000000000000000000000000000000000000000000000000000000000000000000000000000000000000000000000000000000000000000000000000000000000000000000000000000000000000000000000000000000000000000000000000000000000000000000000000000000000000000000000000000000000000000000000000000000000000000000000000000000000000000000000000000000000000000000000000000000000000000000000000000000000000000000000000000000000000000000000000000000000000000000000000000000000000000000000000000000000000000000000000000000000000000000000000000000000000000000000000000000000000000000000000000000000000000000000000000000000000000000000000000000000000000000000000000000000000000000000000000000000000000000000000000000000000000000000000000000000000000000000000000000000000000000000000000000000000000000000000000000000000000000000000000000000000000000000000000000000000000000000000000000000000000000000000000000000000000000000000000000000000000000000000000000000000000000000000000000000000000000000000000000000000000000000000000000000000000000000000000000000000000000000000000000000000000000000000000000000000000000000000000000000000000000000000000000000000000000000000000000000000000000000000000000000000000000000000000000000000000000000000000000000000000000000000000000000000000000000000000000000000000000000000000000000000000000000000000000000000000000000000000000000000000000000000000000000000000000000000000000000000000000000000000000000000000000000000000000000000000000000000000000000000000000000000000000000000000000000000000000000000000000000000000000000000000000000000000000000000000000000000000000000000000000000000000000000000000000000000000000000000000000000000000000000000000000000000000000000000000000000000000000000000000000000000000000000000000000000000000000000000000000000000000000000000000000000000000000000000000000000000000000000000000000000000000000000000000000000000000000000000000000000000000000000000000000000000000000000000000000000000000000000000000000000000000000000000000000000000000000000000000000000000000000000000000000000000000000000000000000000000000000000000000000000000000000000000000000000000000000000000000000000000000000000000000000000000000000000000000000000000000000000000000000000000000000000000000000000000000000000000000000000000000000000000000000000000000000000000000000000000000000000000000000000000000000000000000000000000000000000000000000000000000000000000000000000000000000000000000000000000000000000000000000000000000000000000000000000000000000000000000000000000000000000000000000000000000000000000000000000000000000000000000000000000000000000000000000000000000000000000000000000000000000000000000000000000000000000000000000000000000000000000000000000000000000000000000000000000000000000000000000000000000000000000000000000000000000000000000000000000000000000000000000000000000000000000000000000000000000000000000000000000000000000000000000000000000000000000000000000000000000000000000000000000000000000000000000000000000000000000000000000000000000000000000000000000000000000000000000000000000000000000000000000000000000000000000000000000000000000000000000000000000000000000000000000000000000000000000000000000000000000000000000000000000000000000000000000000000000000000000000000000000000000000000000000000000000000000000000000000000000000000000000000000000000000000000000000000000000000000000000000000000000000000000000000000000000000000000000000000000000000000000000000000000000000000000000000000000000000000000000000000000000000000000000000000000000000000000000000000000000000000000000000000000000000000000000000000000000000000000000000000000000000000000000000000000000000000000000000000000000000000000000000000000000000000000000000000000000000000000000000000000000000000000000000000000000000000000000000000000000000000000000000000000000000000000000000000000000000000000000000000000000000000000000000000000000000000000000000000000000000000000000000000000000000000000000000000000000000000000000000000000000000000000000000000000000000000000000000000000000000000000000000000000000000000000000000000000000000000000000000000000000000000000000000000000000000000000000000000000000000000000000000000000000000000000000000000000000000000000000000000000000000000000000000000000000000000000000000000000000000000000000000000000000000000000000000000000000000000000000000000000000000000000000000000000000000000000000000000000000000000000000000000000000000000000000000000000000000000000000000000000000000000000000000000000000000000000000000000000000000000000000000000000000000000000000000000000000000000000000000000000000000000000000000000000000000000000000000000000000000000000000000000000000000000000000000000000000000000000000000000000000000000000000000000000000000000000000000000000000000000000000000000000000000000000000000000000000000000000000000000000000000000000000000000000000000000000000000000000000000000000000000000000000000000000000000000000000000000000000000000000000000000000000000000000000000000000000000000000000000000000000000000000000000000000000000000000000000000000000000000000000000000000000000000000000000000000000000000000000000000000000000000000000000000000000000000000000000000000000000000000000000000000000000000000000000000000000000000000000000000000000000000000000000000000000000000000000000000000000000000000000000000000000000000000000000000000000000000000000000000000000000000000000000000000000000000000000000000000000000000000000000000000000000000000000000000000000000000000000000000000000000000000000000000000000000000000000000000000000000000000000000000000000000000000000000000000000000000000000000000000000000000000000000000000000000000000000000000000000000000000000000000000000000000000000000000000000000000000000000000000000000000000000000000000000000000000000000000000000000000000000000000000000000000000000000000000000000000000000000000000000000000000000000000000000000000000000000000000000000000000000000000000000000000000000000000000000000000000000000000000000000000000000000000000000000000000000000000000000000000000000000000000000000000000000000000000000000000000000000000000000000000000000000000000000000000000000000000000000000000000000000000000000000000000000000000000000000000000000000000000000000000000000000000000000000000000000000000000000000000000000000000000000000000000000000000000000000000000000000000000000000000000000000000000000000000000000000000000000000000000000000000000000000000000000000000000000000000000000000000000000000000000000000000000000000000000000000000000000000000000000000000000000000000000000000000000000000000000000000000000000000000000000000000000000000000000000000000000000000000000000000000000000000000000000000000000000000000000000000000000000000000000000000000000000000000000000000000000000000000000000000000000000000000000000000000000000000000000000000000000000000000000000000000000000000000000000000000000000000000000000000000000000000000000000000000000000000000000000000000000000000000000000000000000000000000000000000000000000000000000000000000000000000000000000000000000000000000000000000000000000000000000000000000000000000000000000000000000000000000000000000000000000000000000000000000000000000000000000000000000000000000000000000000000000000000000000000000000000000000000000000000000000000000000000000000000000000000000000000000000000000000000000000000000000000000000000000000000000000000000000000000000000000000000000000000000000000000000000000000000000000000000000000000000000000000000000000000000000000000000000000000000000000000000000000000000000000000000000000000000000000000000000000000000000000000000000000000000000000000000000000000000000000000000000000000000000000000000000000000000000000000000000000000000000000000000000000000000000000000000000000000000000000000000000000000000000000000000000000000000000000000000000000000000000000000000000000000000000000000000000000000000000000000000000000000000000000000000000000000000000000000000000000000000000000000000000000000000000000000000000000000000000000000000000000000000000000000000000000000000000000000000000000000000000000000000000000000000000000000000000000000000000000000000000000000000000000000000000000000000000000000000000000000000000000000000000000000000000000000000000000000000000000000000000000000000000000000000000000000000000000000000000000000000000000000000000000000000000000000000000000000000000000000000000000000000000000000000000000000000000000000000000000000000000000000000000000000000000000000000000000000000000000000000000000000000000000000000000000000000000000000000000000000000000000000000000000000000000000000000000000000000000000000000000000000000000000000000000000000000000000000000000000000000000000000000000000000000000000000000000000000000000000000000000000000000000000000000000000000000000000000000000000000000000000000000000000000000000000000000000000000000000000000000000000000000000000000000000000000000000000000000000000000000000000000000000000000000000000000000000000000000000000000000000000000000000000000000000000000000000000000000000000000000000000000000000000000000000000000000000000000000000000000000000000000000000000000000000000000000000000000000000000000000000000000000000000000000000000000000000000000000000000000000000000000000000000000000000000000000000000000000000000000000000000000000000000000000000000000000000000000000000000000000000000000000000000000000000000000000000000000000000000000000000000000000000000000000000000000000000000000000000000000000000000000000000000000000000000000000000000000000000000000000000000000000000000000000000000000000000000000000000000000000000000000000000000000000000000000000000000000000000000000000000000000000000000000000000000000000000000000000000000000000000000000000000000000000000000000000000000000000000000000000000000000000000000000000000000000000000000000000000000000000000000000000000000000000000000000000000000000000000000000000000000000000000000000000000000000000000000000000000000000000000000000000000000000000000000000000000000000000000000000000000000000000000000000000000000000000000000000000000000000000000000000000000000000000000000000000000000000000000000000000000000000000000000000000000000000000000000000000000000000000000000000000000000000000000000000000000000000000000000000000000000000000000000000000000000000000000000000000000000000000000000000000000000000000000000000000000000000000000000000000000000000000000000000000000000000000000000000000000000000000000000000000000000000000000000000000000000000000000000000000000000000000000000000000000000000000000000000000000000000000000000000000000000000000000000000000000000000000000000000000000000000000000000000000000000000000000000000000000000000000000000000000000000000000000000000000000000000000000000000000000000000000000000000000000000000000000000000000000000000000000000000000000000000000000000000000000000000000000000000000000000000000000000000000000000000000000000000000000000000000000000000000000000000000000000000000000000000000000000000000000000000000000000000000000000000000000000000000000000000000000000000000000000000000000000000000000000000000000000000000000000000000000000000000000000000000000000000000000000000000000000000000000000000000000000000000000000000000000000000000000000000000000000000000000000000000000000000000000000000000000000000000000000000000000000000000000000000000000000000000000000000000000000000000000000000000000000000000000000000000000000000000000000000000000000000000000000000, N'9')
GO
GO
INSERT INTO [dbo].[alumno_imagen] ([id_alumno], [imagen], [id_alumnoimagen]) VALUES (N'20', 0x0000000000000000000000000000000000000000000000000000000000000000000000000000000000000000000000000000000000000000000000000000000000000000000000000000000000000000000000000000000000000000000000000000000000000000000000000000000000000000000000000000000000000000000000000000000000000000000000000000000000000000000000000000000000000000000000000000000000000000000000000000000000000000000000000000000000000000000000000000000000000000000000000000000000000000000000000000000000000000000000000000000000000000000000000000000000000000000000000000000000000000000000000000000000000000000000000000000000000000000000000000000000000000000000000000000000000000000000000000000000000000000000000000000000000000000000000000000000000000000000000000000000000000000000000000000000000000000000000000000000000000000000000000000000000000000000000000000000000000000000000000000000000000000000000000000000000000000000000000000000000000000000000000000000000000000000000000000000000000000000000000000000000000000000000000000000000000000000000000000000000000000000000000000000000000000000000000000000000000000000000000000000000000000000000000000000000000000000000000000000000000000000000000000000000000000000000000000000000000000000000000000000000000000000000000000000000000000000000000000000000000000000000000000000000000000000000000000000000000000000000000000000000000000000000000000000000000000000000000000000000000000000000000000000000000000000000000000000000000000000000000000000000000000000000000000000000000000000000000000000000000000000000000000000000000000000000000000000000000000000000000000000000000000000000000000000000000000000000000000000000000000000000000000000000000000000000000000000000000000000000000000000000000000000000000000000000000000000000000000000000000000000000000000000000000000000000000000000000000000000000000000000000000000000000000000000000000000000000000000000000000000000000000000000000000000000000000000000000000000000000000000000000000000000000000000000000000000000000000000000000000000000000000000000000000000000000000000000000000000000000000000000000000000000000000000000000000000000000000000000000000000000000000000000000000000000000000000000000000000000000000000000000000000000000000000000000000000000000000000000000000000000000000000000000000000000000000000000000000000000000000000000000000000000000000000000000000000000000000000000000000000000000000000000000000000000000000000000000000000000000000000000000000000000000000000000000000000000000000000000000000000000000000000000000000000000000000000000000000000000000000000000000000000000000000000000000000000000000000000000000000000000000000000000000000000000000000000000000000000000000000000000000000000000000000000000000000000000000000000000000000000000000000000000000000000000000000000000000000000000000000000000000000000000000000000000000000000000000000000000000000000000000000000000000000000000000000000000000000000000000000000000000000000000000000000000000000000000000000000000000000000000000000000000000000000000000000000000000000000000000000000000000000000000000000000000000000000000000000000000000000000000000000000000000000000000000000000000000000000000000000000000000000000000000000000000000000000000000000000000000000000000000000000000000000000000000000000000000000000000000000000000000000000000000000000000000000000000000000000000000000000000000000000000000000000000000000000000000000000000000000000000000000000000000000000000000000000000000000000000000000000000000000000000000000000000000000000000000000000000000000000000000000000000000000000000000000000000000000000000000000000000000000000000000000000000000000000000000000000000000000000000000000000000000000000000000000000000000000000000000000000000000000000000000000000000000000000000000000000000000000000000000000000000000000000000000000000000000000000000000000000000000000000000000000000000000000000000000000000000000000000000000000000000000000000000000000000000000000000000000000000000000000000000000000000000000000000000000000000000000000000000000000000000000000000000000000000000000000000000000000000000000000000000000000000000000000000000000000000000000000000000000000000000000000000000000000000000000000000000000000000000000000000000000000000000000000000000000000000000000000000000000000000000000000000000000000000000000000000000000000000000000000000000000000000000000000000000000000000000000000000000000000000000000000000000000000000000000000000000000000000000000000000000000000000000000000000000000000000000000000000000000000000000000000000000000000000000000000000000000000000000000000000000000000000000000000000000000000000000000000000000000000000000000000000000000000000000000000000000000000000000000000000000000000000000000000000000000000000000000000000000000000000000000000000000000000000000000000000000000000000000000000000000000000000000000000000000000000000000000000000000000000000000000000000000000000000000000000000000000000000000000000000000000000000000000000000000000000000000000000000000000000000000000000000000000000000000000000000000000000000000000000000000000000000000000000000000000000000000000000000000000000000000000000000000000000000000000000000000000000000000000000000000000000000000000000000000000000000000000000000000000000000000000000000000000000000000000000000000000000000000000000000000000000000000000000000000000000000000000000000000000000000000000000000000000000000000000000000000000000000000000000000000000000000000000000000000000000000000000000000000000000000000000000000000000000000000000000000000000000000000000000000000000000000000000000000000000000000000000000000000000000000000000000000000000000000000000000000000000000000000000000000000000000000000000000000000000000000000000000000000000000000000000000000000000000000000000000000000000000000000000000000000000000000000000000000000000000000000000000000000000000000000000000000000000000000000000000000000000000000000000000000000000000000000000000000000000000000000000000000000000000000000000000000000000000000000000000000000000000000000000000000000000000000000000000000000000000000000000000000000000000000000000000000000000000000000000000000000000000000000000000000000000000000000000000000000000000000000000000000000000000000000000000000000000000000000000000000000000000000000000000000000000000000000000000000000000000000000000000000000000000000000000000000000000000000000000000000000000000000000000000000000000000000000000000000000000000000000000000000000000000000000000000000000000000000000000000000000000000000000000000000000000000000000000000000000000000000000000000000000000000000000000000000000000000000000000000000000000000000000000000000000000000000000000000000000000000000000000000000000000000000000000000000000000000000000000000000000000000000000000000000000000000000000000000000000000000000000000000000000000000000000000000000000000000000000000000000000000000000000000000000000000000000000000000000000000000000000000000000000000000000000000000000000000000000000000000000000000000000000000000000000000000000000000000000000000000000000000000000000000000000000000000000000000000000000000000000000000000000000000000000000000000000000000000000000000000000000000000000000000000000000000000000000000000000000000000000000000000000000000000000000000000000000000000000000000000000000000000000000000000000000000000000000000000000000000000000000000000000000000000000000000000000000000000000000000000000000000000000000000000000000000000000000000000000000000000000000000000000000000000000000000000000000000000000000000000000000000000000000000000000000000000000000000000000000000000000000000000000000000000000000000000000000000000000000000000000000000000000000000000000000000000000000000000000000000000000000000000000000000000000000000000000000000000000000000000000000000000000000000000000000000000000000000000000000000000000000000000000000000000000000000000000000000000000000000000000000000000000000000000000000000000000000000000000000000000000000000000000000000000000000000000000000000000000000000000000000000000000000000000000000000000000000000000000000000000000000000000000000000000000000000000000000000000000000000000000000000000000000000000000000000000000000000000000000000000000000000000000000000000000000000000000000000000000000000000000000000000000000000000000000000000000000000000000000000000000000000000000000000000000000000000000000000000000000000000000000000000000000000000000000000000000000000000000000000000000000000000000000000000000000000000000000000000000000000000000000000000000000000000000000000000000000000000000000000000000000000000000000000000000000000000000000000000000000000000000000000000000000000000000000000000000000000000000000000000000000000000000000000000000000000000000000000000000000000000000000000000000000000000000000000000000000000000000000000000000000000000000000000000000000000000000000000000000000000000000000000000000000000000000000000000000000000000000000000000000000000000000000000000000000000000000000000000000000000000000000000000000000000000000000000000000000000000000000000000000000000000000000000000000000000000000000000000000000000000000000000000000000000000000000000000000000000000000000000000000000000000000000000000000000000000000000000000000000000000000000000000000000000000000000000000000000000000000000000000000000000000000000000000000000000000000000000000000000000000000000000000000000000000000000000000000000000000000000000000000000000000000000000000000000000000000000000000000000000000000000000000000000000000000000000000000000000000000000000000000000000000000000000000000000000000000000000000000000000000000000000000000000000000000000000000000000000000000000000000000000000000000000000000000000000000000000000000000000000000000000000000000000000000000000000000000000000000000000000000000000000000000000000000000000000000000000000000000000000000000000000000000000000000000000000000000000000000000000000000000000000000000000000000000000000000000000000000000000000000000000000000000000000000000000000000000000000000000000000000000000000000000000000000000000000000000000000000000000000000000000000000000000000000000000000000000000000000000000000000000000000000000000000000000000000000000000000000000000000000000000000000000000000000000000000000000000000000000000000000000000000000000000000000000000000000000000000000000000000000000000000000000000000000000000000000000000000000000000000000000000000000000000000000000000000000000000000000000000000000000000000000000000000000000000000000000000000000000000000000000000000000000000000000000000000000000000000000000000000000000000000000000000000000000000000000000000000000000000000000000000000000000000000000000000000000000000000000000000000000000000000000000000000000000000000000000000000000000000000000000000000000000000000000000000000000000000000000000000000000000000000000000000000000000000000000000000000000000000000000000000000000000000000000000000000000000000000000000000000000000000000000000000000000000000000000000000000000000000000000000000000000000000000000000000000000000000000000000000000000000000000000000000000000000000000000000000000000000000000000000000000000000000000000000000000000000000000000000000000000000000000000000000000000000000000000000000000000000000000000000000000000000000000000000000000000000000000000000000000000000000000000000000000000000000000000000000000000000000000000000000000000000000000000000000000000000000000000000000000000000000000000000000000000000000000000000000000000000000000000000000000000000000000000000000000000000000000000000000000000000000000000000000000000000000000000000000000000000000000000000000000000000000000000000000000000000000000000000000000000000000000000000000000000000000000000000000000000000000000000000000000000000000000000000000000000000000000000000000000000000000000000000000000000000000000000000000000000000000000000000000000000000000000000000000000000000000000000000000000000000000000000000000000000000000000000000000000000000000000000000000000000000000000000000000000000000000000000000000000000000000000000000000000000000000000000000000000000000000000000000000000000000000000000000000000000000000000000000000000000000000000000000000000000000000000000000000000000000000000000000000000000000000000000000000000000000000000000000000000000000000000000000000000000000000000000000000000000000000000000000000000000000000000000000000000000000000000000000000000000000000000000000000000000000000000000000000000000000000000000000000000000000000000000000000000000000000000000000000000000000000000000000000000000000000000000000000000000000000000000000000000000000000000000000000000000000000000000000000000000000000000000000000000000000000000000000000000000000000000000000000000000000000000000000000000000000000000000000000000000000000000000000000000000000000000000000000000000000000000000000000000000000000000000000000000000000000000000000000000000000000000000000000000000000000000000000000000000000000000000000000000000000000000000000000000000000000000000000000000000000000000000000000000000000000000000000000000000000000000000000000000000000000000000000000000000000000000000000000000000000000000000000000000000000000000000000000000000000000000000000000000000000000000000000000000000000000000000000000000000000000000000000000000000000000000000000000000000000000000000000000000000000000000000000000000000000000000000000000000000000000000000000000000000000000000000000000000000000000000000000000000000000000000000000000000000000000000000000000000000000000000000000000000000000000000000000000000000000000000000000000000000000000000000000000000000000000000000000000000000000000000000000000000000000000000000000000000000000000000000000000000000000000000000000000000000000000000000000000000000000000000000000000000000000000000000000000000000000000000000000000000000000000000000000000000000000000000000000000000000000000000000000000000000000000000000000000000000000000000000000000000000000000000000000000000000000000000000000000000000000000000000000000000000000000000000000000000000000000000000000000000000000000000000000000000000000000000000000000000000000000000000000000000000000000000000000000000000000000000000000000000000000000000000000000000000000000000000000000000000000000000000000000000000000000000000000000000000000000000000000000000000000000000000000000000000000000000000000000000000000000000000000000000000000000000000000000000000000000000000000000000000000000000000000000000000000000000000000000000000000000000000000000000000000000000000000000000000000000000000000000000000000000000000000000000000000000000000000000000000000000000000000000000000000000000000000000000000000000000000000000000000000000000000000000000000000000000000000000000000000000000000000000000000000000000000000000000000000000000000000000000000000000000000000000000000000000000000000000000000000000000000000000000000000000000000000000000000000000000000000000000000000000000000000000000000000000000000000000000000000000000000000000000000000000000000000000000000000000000000000000000000000000000000000000000000000000000000000000000000000000000000000000000000000000000000000000000000000000000000000000000000000000000000000000000000000000000000000000000000000000000000000000000000000000000000000000000000000000000000000000000000000000000000000000000000000000000000000000000000000000000000000000000000000000000000000000000000000000000000000000000000000000000000000000000000000000000000000000000000000000000000000000000000000000000000000000000000000000000000000000000000000000000000000000000000000000000000000000000000000000000000000000000000000000000000000000000000000000000000000000000000000000000000000000000000000000000000000000000000000000000000000000000000000000000000000000000000000000000000000000000000000000000000000000000000000000000000000000000000000000000000000000000000000000000000000000000000000000000000000000000000000000000000000000000000000000000000000000000000000000000000000000000000000000000000000000000000000000000000000000000000000000000000000000000000000000000000000000000000000000000000000000000000000000000000000000000000000000000000000000000000000000000000000000000000000000000000000000000000000000000000000000000000000000000000000000000000, N'11')
GO
GO
INSERT INTO [dbo].[alumno_imagen] ([id_alumno], [imagen], [id_alumnoimagen]) VALUES (N'23', 0x0000000000000000000000000000000000000000000000000000000000000000000000000000000000000000000000000000000000000000000000000000000000000000000000000000000000000000000000000000000000000000000000000000000000000000000000000000000000000000000000000000000000000000000000000000000000000000000000000000000000000000000000000000000000000000000000000000000000000000000000000000000000000000000000000000000000000000000000000000000000000000000000000000000000000000000000000000000000000000000000000000000000000000000000000000000000000000000000000000000000000000000000000000000000000000000000000000000000000000000000000000000000000000000000000000000000000000000000000000000000000000000000000000000000000000000000000000000000000000000000000000000000000000000000000000000000000000000000000000000000000000000000000000000000000000000000000000000000000000000000000000000000000000000000000000000000000000000000000000000000000000000000000000000000000000000000000000000000000000000000000000000000000000000000000000000000000000000000000000000000000000000000000000000000000000000000000000000000000000000000000000000000000000000000000000000000000000000000000000000000000000000000000000000000000000000000000000000000000000000000000000000000000000000000000000000000000000000000000000000000000000000000000000000000000000000000000000000000000000000000000000000000000000000000000000000000000000000000000000000000000000000000000000000000000000000000000000000000000000000000000000000000000000000000000000000000000000000000000000000000000000000000000000000000000000000000000000000000000000000000000000000000000000000000000000000000000000000000000000000000000000000000000000000000000000000000000000000000000000000000000000000000000000000000000000000000000000000000000000000000000000000000000000000000000000000000000000000000000000000000000000000000000000000000000000000000000000000000000000000000000000000000000000000000000000000000000000000000000000000000000000000000000000000000000000000000000000000000000000000000000000000000000000000000000000000000000000000000000000000000000000000000000000000000000000000000000000000000000000000000000000000000000000000000000000000000000000000000000000000000000000000000000000000000000000000000000000000000000000000000000000000000000000000000000000000000000000000000000000000000000000000000000000000000000000000000000000000000000000000000000000000000000000000000000000000000000000000000000000000000000000000000000000000000000000000000000000000000000000000000000000000000000000000000000000000000000000000000000000000000000000000000000000000000000000000000000000000000000000000000000000000000000000000000000000000000000000000000000000000000000000000000000000000000000000000000000000000000000000000000000000000000000000000000000000000000000000000000000000000000000000000000000000000000000000000000000000000000000000000000000000000000000000000000000000000000000000000000000000000000000000000000000000000000000000000000000000000000000000000000000000000000000000000000000000000000000000000000000000000000000000000000000000000000000000000000000000000000000000000000000000000000000000000000000000000000000000000000000000000000000000000000000000000000000000000000000000000000000000000000000000000000000000000000000000000000000000000000000000000000000000000000000000000000000000000000000000000000000000000000000000000000000000000000000000000000000000000000000000000000000000000000000000000000000000000000000000000000000000000000000000000000000000000000000000000000000000000000000000000000000000000000000000000000000000000000000000000000000000000000000000000000000000000000000000000000000000000000000000000000000000000000000000000000000000000000000000000000000000000000000000000000000000000000000000000000000000000000000000000000000000000000000000000000000000000000000000000000000000000000000000000000000000000000000000000000000000000000000000000000000000000000000000000000000000000000000000000000000000000000000000000000000000000000000000000000000000000000000000000000000000000000000000000000000000000000000000000000000000000000000000000000000000000000000000000000000000000000000000000000000000000000000000000000000000000000000000000000000000000000000000000000000000000000000000000000000000000000000000000000000000000000000000000000000000000000000000000000000000000000000000000000000000000000000000000000000000000000000000000000000000000000000000000000000000000000000000000000000000000000000000000000000000000000000000000000000000000000000000000000000000000000000000000000000000000000000000000000000000000000000000000000000000000000000000000000000000000000000000000000000000000000000000000000000000000000000000000000000000000000000000000000000000000000000000000000000000000000000000000000000000000000000000000000000000000000000000000000000000000000000000000000000000000000000000000000000000000000000000000000000000000000000000000000000000000000000000000000000000000000000000000000000000000000000000000000000000000000000000000000000000000000000000000000000000000000000000000000000000000000000000000000000000000000000000000000000000000000000000000000000000000000000000000000000000000000000000000000000000000000000000000000000000000000000000000000000000000000000000000000000000000000000000000000000000000000000000000000000000000000000000000000000000000000000000000000000000000000000000000000000000000000000000000000000000000000000000000000000000000000000000000000000000000000000000000000000000000000000000000000000000000000000000000000000000000000000000000000000000000000000000000000000000000000000000000000000000000000000000000000000000000000000000000000000000000000000000000000000000000000000000000000000000000000000000000000000000000000000000000000000000000000000000000000000000000000000000000000000000000000000000000000000000000000000000000000000000000000000000000000000000000000000000000000000000000000000000000000000000000000000000000000000000000000000000000000000000000000000000000000000000000000000000000000000000000000000000000000000000000000000000000000000000000000000000000000000000000000000000000000000000000000000000000000000000000000000000000000000000000000000000000000000000000000000000000000000000000000000000000000000000000000000000000000000000000000000000000000000000000000000000000000000000000000000000000000000000000000000000000000000000000000000000000000000000000000000000000000000000000000000000000000000000000000000000000000000000000000000000000000000000000000000000000000000000000000000000000000000000000000000000000000000000000000000000000000000000000000000000000000000000000000000000000000000000000000000000000000000000000000000000000000000000000000000000000000000000000000000000000000000000000000000000000000000000000000000000000000000000000000000000000000000000000000000000000000000000000000000000000000000000000000000000000000000000000000000000000000000000000000000000000000000000000000000000000000000000000000000000000000000000000000000000000000000000000000000000000000000000000000000000000000000000000000000000000000000000000000000000000000000000000000000000000000000000000000000000000000000000000000000000000000000000000000000000000000000000000000000000000000000000000000000000000000000000000000000000000000000000000000000000000000000000000000000000000000000000000000000000000000000000000000000000000000000000000000000000000000000000000000000000000000000000000000000000000000000000000000000000000000000000000000000000000000000000000000000000000000000000000000000000000000000000000000000000000000000000000000000000000000000000000000000000000000000000000000000000000000000000000000000000000000000000000000000000000000000000000000000000000000000000000000000000000000000000000000000000000000000000000000000000000000000000000000000000000000000000000000000000000000000000000000000000000000000000000000000000000000000000000000000000000000000000000000000000000000000000000000000000000000000000000000000000000000000000000000000000000000000000000000000000000000000000000000000000000000000000000000000000000000000000000000000000000000000000000000000000000000000000000000000000000000000000000000000000000000000000000000000000000000000000000000000000000000000000000000000000000000000000000000000000000000000000000000000000000000000000000000000000000000000000000000000000000000000000000000000000000000000000000000000000000000000000000000000000000000000000000000000000000000000000000000000000000000000000000000000000000000000000000000000000000000000000000000000000000000000000000000000000000000000000000000000000000000000000000000000000000000000000000000000000000000000000000000000000000000000000000000000000000000000000000000000000000000000000000000000000000000000000000000000000000000000000000000000000000000000000000000000000000000000000000000000000000000000000000000000000000000000000000000000000000000000000000000000000000000000000000000000000000000000000000000000000000000000000000000000000000000000000000000000000000000000000000000000000000000000000000000000000000000000000000000000000000000000000000000000000000000000000000000000000000000000000000000000000000000000000000000000000000000000000000000000000000000000000000000000000000000000000000000000000000000000000000000000000000000000000000000000000000000000000000000000000000000000000000000000000000000000000000000000000000000000000000000000000000000000000000000000000000000000000000000000000000000000000000000000000000000000000000000000000000000000000000000000000000000000000000000000000000000000000000000000000000000000000000000000000000000000000000000000000000000000000000000000000000000000000000000000000000000000000000000000000000000000000000000000000000000000000000000000000000000000000000000000000000000000000000000000000000000000000000000000000000000000000000000000000000000000000000000000000000000000000000000000000000000000000000000000000000000000000000000000000000000000000000000000000000000000000000000000000000000000000000000000000000000000000000000000000000000000000000000000000000000000000000000000000000000000000000000000000000000000000000000000000000000000000000000000000000000000000000000000000000000000000000000000000000000000000000000000000000000000000000000000000000000000000000000000000000000000000000000000000000000000000000000000000000000000000000000000000000000000000000000000000000000000000000000000000000000000000000000000000000000000000000000000000000000000000000000000000000000000000000000000000000000000000000000000000000000000000000000000000000000000000000000000000000000000000000000000000000000000000000000000000000000000000000000000000000000000000000000000000000000000000000000000000000000000000000000000000000000000000000000000000000000000000000000000000000000000000000000000000000000000000000000000000000000000000000000000000000000000000000000000000000000000000000000000000000000000000000000000000000000000000000000000000000000000000000000000000000000000000000000000000000000000000000000000000000000000000000000000000000000000000000000000000000000000000000000000000000000000000000000000000000000000000000000000000000000000000000000000000000000000000000000000000000000000000000000000000000000000000000000000000000000000000000000000000000000000000000000000000000000000000000000000000000000000000000000000000000000000000000000000000000000000000000000000000000000000000000000000000000000000000000000000000000000000000000000000000000000000000000000000000000000000000000000000000000000000000000000000000000000000000000000000000000000000000000000000000000000000000000000000000000000000000000000000000000000000000000000000000000000000000000000000000000000000000000000000000000000000000000000000000000000000000000000000000000000000000000000000000000000000000000000000000000000000000000000000000000000000000000000000000000000000000000000000000000000000000000000000000000000000000000000000000000000000000000000000000000000000000000000000000000000000000000000000000000000000000000000000000000000000000000000000000000000000000000000000000000000000000000000000000000000000000000000000000000000000000000000000000000000000000000000000000000000000000000000000000000000000000000000000000000000000000000000000000000000000000000000000000000000000000000000000000000000000000000000000000000000000000000000000000000000000000000000000000000000000000000000000000000000000000000000000000000000000000000000000000000000000000000000000000000000000000000000000000000000000000000000000000000000000000000000000000000000000000000000000000000000000000000000000000000000000000000000000000000000000000000000000000000000000000000000000000000000000000000000000000000000000000000000000000000000000000000000000000000000000000000000000000000000000000000000000000000000000000000000000000000000000000000000000000000000000000000000000000000000000000000000000000000000000000000000000000000000000000000000000000000000000000000000000000000000000000000000000000000000000000000000000000000000000000000000000000000000000000000000000000000000000000000000000000000000000000000000000000000000000000000000000000000000000000000000000000000000000000000000000000000000000000000000000000000000000000000000000000000000000000000000000000000000000000000000000000000000000000000000000000000000000000000000000000000000000000000000000000000000000000000000000000000000000000000000000000000000000000000000000000000000000000000000000000000000000000000000000000000000000000000000000000000000000000000000000000000000000000000000000000000000000000000000000000000000000000000000000000000000000000000000000000000000000000000000000000000000000000000000000000000000000000000000000000000000000000000000000000000000000000000000000000000000000000000000000000000000000000000000000000000000000000000000000000000000000000000000000000000000000000000000000000000000000000000000000000000000000000000000000000000000000000000000000000000000000000000000000000000000000000000000000000000000000000000000000000000000000000000000000000000000000000000000000000000000000000000000000000000000000000000000000000000000000000000000000000000000000000000000000000000000000000000000000000000000000000000000000000000000000000000000000000000000000000000000000000000000000000000000000000000000000000000000000000000000000000000000000000000000000000000000000000000000000000000000000000000000000000000000000000000000000000000000000000000000000000000000000000000000000000000000000000000000000000000000000000000000000000000000000000000000000000000000000000000000000000000000000000000000000000000000000000000000000000000000000000000000000000000000000000000000000000000000000000000000000000000000000000000000000000000000000000000000000000000000000000000000000000000000000000000000000000000000000000000000000000000000000000000000000000000000000000000000000000000000000000000000000000000000000000000000000000000000000000000000000000000000000000000000000000000000000000000000000000000000000000000000000000000000000000000000000000000000000000000000000000000000000000000000000000000000000000000000000000000000000000000000000000000000000000000000000000000000000000000000000000000000000000000000000000000000000000000000000000000000000000000000000000000000000000000000000000000000000000000000000000000000000000000000000000000000000000000000000000000000000000000000000000000000000000000000000000000000000000000000000000000000000000000000000000000000000000000000000000000000000000000000000000000000000000000000000000000000000000000000000000000000000000000000000000000000000000000000000000000000000000000000000000000000000000000000000000000000000000000000000000000000000000000000000000000000000000000000000000000000000000000000000000000000000000000000000000000000000000000000000000000000000000000000000000000000000000000000000000000000000000000000000000000000000000000000000000000000000000000000000000000000000000000000000000000000000000000000000000000000000000000000000000000000000000000000000000000000000000000000000000000000000000000000000000000000000000000000000000000000000000000000000000000000000000000000000000000000000000000000000000000000000000000000000000000000000000000000000000000000000000000000000000000000000000000000000000000000000000000000000000000000000000000000000000000000000000000000000000000000000000, N'14')
GO
GO
INSERT INTO [dbo].[alumno_imagen] ([id_alumno], [imagen], [id_alumnoimagen]) VALUES (N'34', 0x0000000000000000000000000000000000000000000000000000000000000000000000000000000000000000000000000000000000000000000000000000000000000000000000000000000000000000000000000000000000000000000000000000000000000000000000000000000000000000000000000000000000000000000000000000000000000000000000000000000000000000000000000000000000000000000000000000000000000000000000000000000000000000000000000000000000000000000000000000000000000000000000000000000000000000000000000000000000000000000000000000000000000000000000000000000000000000000000000000000000000000000000000000000000000000000000000000000000000000000000000000000000000000000000000000000000000000000000000000000000000000000000000000000000000000000000000000000000000000000000000000000000000000000000000000000000000000000000000000000000000000000000000000000000000000000000000000000000000000000000000000000000000000000000000000000000000000000000000000000000000000000000000000000000000000000000000000000000000000000000000000000000000000000000000000000000000000000000000000000000000000000000000000000000000000000000000000000000000000000000000000000000000000000000000000000000000000000000000000000000000000000000000000000000000000000000000000000000000000000000000000000000000000000000000000000000000000000000000000000000000000000000000000000000000000000000000000000000000000000000000000000000000000000000000000000000000000000000000000000000000000000000000000000000000000000000000000000000000000000000000000000000000000000000000000000000000000000000000000000000000000000000000000000000000000000000000000000000000000000000000000000000000000000000000000000000000000000000000000000000000000000000000000000000000000000000000000000000000000000000000000000000000000000000000000000000000000000000000000000000000000000000000000000000000000000000000000000000000000000000000000000000000000000000000000000000000000000000000000000000000000000000000000000000000000000000000000000000000000000000000000000000000000000000000000000000000000000000000000000000000000000000000000000000000000000000000000000000000000000000000000000000000000000000000000000000000000000000000000000000000000000000000000000000000000000000000000000000000000000000000000000000000000000000000000000000000000000000000000000000000000000000000000000000000000000000000000000000000000000000000000000000000000000000000000000000000000000000000000000000000000000000000000000000000000000000000000000000000000000000000000000000000000000000000000000000000000000000000000000000000000000000000000000000000000000000000000000000000000000000000000000000000000000000000000000000000000000000000000000000000000000000000000000000000000000000000000000000000000000000000000000000000000000000000000000000000000000000000000000000000000000000000000000000000000000000000000000000000000000000000000000000000000000000000000000000000000000000000000000000000000000000000000000000000000000000000000000000000000000000000000000000000000000000000000000000000000000000000000000000000000000000000000000000000000000000000000000000000000000000000000000000000000000000000000000000000000000000000000000000000000000000000000000000000000000000000000000000000000000000000000000000000000000000000000000000000000000000000000000000000000000000000000000000000000000000000000000000000000000000000000000000000000000000000000000000000000000000000000000000000000000000000000000000000000000000000000000000000000000000000000000000000000000000000000000000000000000000000000000000000000000000000000000000000000000000000000000000000000000000000000000000000000000000000000000000000000000000000000000000000000000000000000000000000000000000000000000000000000000000000000000000000000000000000000000000000000000000000000000000000000000000000000000000000000000000000000000000000000000000000000000000000000000000000000000000000000000000000000000000000000000000000000000000000000000000000000000000000000000000000000000000000000000000000000000000000000000000000000000000000000000000000000000000000000000000000000000000000000000000000000000000000000000000000000000000000000000000000000000000000000000000000000000000000000000000000000000000000000000000000000000000000000000000000000000000000000000000000000000000000000000000000000000000000000000000000000000000000000000000000000000000000000000000000000000000000000000000000000000000000000000000000000000000000000000000000000000000000000000000000000000000000000000000000000000000000000000000000000000000000000000000000000000000000000000000000000000000000000000000000000000000000000000000000000000000000000000000000000000000000000000000000000000000000000000000000000000000000000000000000000000000000000000000000000000000000000000000000000000000000000000000000000000000000000000000000000000000000000000000000000000000000000000000000000000000000000000000000000000000000000000000000000000000000000000000000000000000000000000000000000000000000000000000000000000000000000000000000000000000000000000000000000000000000000000000000000000000000000000000000000000000000000000000000000000000000000000000000000000000000000000000000000000000000000000000000000000000000000000000000000000000000000000000000000000000000000000000000000000000000000000000000000000000000000000000000000000000000000000000000000000000000000000000000000000000000000000000000000000000000000000000000000000000000000000000000000000000000000000000000000000000000000000000000000000000000000000000000000000000000000000000000000000000000000000000000000000000000000000000000000000000000000000000000000000000000000000000000000000000000000000000000000000000000000000000000000000000000000000000000000000000000000000000000000000000000000000000000000000000000000000000000000000000000000000000000000000000000000000000000000000000000000000000000000000000000000000000000000000000000000000000000000000000000000000000000000000000000000000000000000000000000000000000000000000000000000000000000000000000000000000000000000000000000000000000000000000000000000000000000000000000000000000000000000000000000000000000000000000000000000000000000000000000000000000000000000000000000000000000000000000000000000000000000000000000000000000000000000000000000000000000000000000000000000000000000000000000000000000000000000000000000000000000000000000000000000000000000000000000000000000000000000000000000000000000000000000000000000000000000000000000000000000000000000000000000000000000000000000000000000000000000000000000000000000000000000000000000000000000000000000000000000000000000000000000000000000000000000000000000000000000000000000000000000000000000000000000000000000000000000000000000000000000000000000000000000000000000000000000000000000000000000000000000000000000000000000000000000000000000000000000000000000000000000000000000000000000000000000000000000000000000000000000000000000000000000000000000000000000000000000000000000000000000000000000000000000000000000000000000000000000000000000000000000000000000000000000000000000000000000000000000000000000000000000000000000000000000000000000000000000000000000000000000000000000000000000000000000000000000000000000000000000000000000000000000000000000000000000000000000000000000000000000000000000000000000000000000000000000000000000000000000000000000000000000000000000000000000000000000000000000000000000000000000000000000000000000000000000000000000000000000000000000000000000000000000000000000000000000000000000000000000000000000000000000000000000000000000000000000000000000000000000000000000000000000000000000000000000000000000000000000000000000000000000000000000000000000000000000000000000000000000000000000000000000000000000000000000000000000000000000000000000000000000000000000000000000000000000000000000000000000000000000000000000000000000000000000000000000000000000000000000000000000000000000000000000000000000000000000000000000000000000000000000000000000000000000000000000000000000000000000000000000000000000000000000000000000000000000000000000000000000000000000000000000000000000000000000000000000000000000000000000000000000000000000000000000000000000000000000000000000000000000000000000000000000000000000000000000000000000000000000000000000000000000000000000000000000000000000000000000000000000000000000000000000000000000000000000000000000000000000000000000000000000000000000000000000000000000000000000000000000000000000000000000000000000000000000000000000000000000000000000000000000000000000000000000000000000000000000000000000000000000000000000000000000000000000000000000000000000000000000000000000000000000000000000000000000000000000000000000000000000000000000000000000000000000000000000000000000000000000000000000000000000000000000000000000000000000000000000000000000000000000000000000000000000000000000000000000000000000000000000000000000000000000000000000000000000000000000000000000000000000000000000000000000000000000000000000000000000000000000000000000000000000000000000000000000000000000000000000000000000000000000000000000000000000000000000000000000000000000000000000000000000000000000000000000000000000000000000000000000000000000000000000000000000000000000000000000000000000000000000000000000000000000000000000000000000000000000000000000000000000000000000000000000000000000000000000000000000000000000000000000000000000000000000000000000000000000000000000000000000000000000000000000000000000000000000000000000000000000000000000000000000000000000000000000000000000000000000000000000000000000000000000000000000000000000000000000000000000000000000000000000000000000000000000000000000000000000000000000000000000000000000000000000000000000000000000000000000000000000000000000000000000000000000000000000000000000000000000000000000000000000000000000000000000000000000000000000000000000000000000000000000000000000000000000000000000000000000000000000000000000000000000000000000000000000000000000000000000000000000000000000000000000000000000000000000000000000000000000000000000000000000000000000000000000000000000000000000000000000000000000000000000000000000000000000000000000000000000000000000000000000000000000000000000000000000000000000000000000000000000000000000000000000000000000000000000000000000000000000000000000000000000000000000000000000000000000000000000000000000000000000000000000000000000000000000000000000000000000000000000000000000000000000000000000000000000000000000000000000000000000000000000000000000000000000000000000000000000000000000000000000000000000000000000000000000000000000000000000000000000000000000000000000000000000000000000000000000000000000000000000000000000000000000000000000000000000000000000000000000000000000000000000000000000000000000000000000000000000000000000000000000000000000000000000000000000000000000000000000000000000000000000000000000000000000000000000000000000000000000000000000000000000000000000000000000000000000000000000000000000000000000000000000000000000000000000000000000000000000000000000000000000000000000000000000000000000000000000000000000000000000000000000000000000000000000000000000000000000000000000000000000000000000000000000000000000000000000000000000000000000000000000000000000000000000000000000000000000000000000000000000000000000000000000000000000000000000000000000000000000000000000000000000000000000000000000000000000000000000000000000000000000000000000000000000000000000000000000000000000000000000000000000000000000000000000000000000000000000000000000000000000000000000000000000000000000000000000000000000000000000000000000000000000000000000000000000000000000000000000000000000000000000000000000000000000000000000000000000000000000000000000000000000000000000000000000000000000000000000000000000000000000000000000000000000000000000000000000000000000000000000000000000000000000000000000000000000000000000000000000000000000000000000000000000000000000000000000000000000000000000000000000000000000000000000000000000000000000000000000000000000000000000000000000000000000000000000000000000000000000000000000000000000000000000000000000000000000000000000000000000000000000000000000000000000000000000000000000000000000000000000000000000000000000000000000000000000000000000000000000000000000000000000000000000000000000000000000000000000000000000000000000000000000000000000000000000000000000000000000000000000000000000000000000000000000000000000000000000000000000000000000000000000000000000000000000000000000000000000000000000000000000000000000000000000000000000000000000000000000000000000000000000000000000000000000000000000000000000000000000000000000000000000000000000000000000000000000000000000000000000000000000000000000000000000000000000000000000000000000000000000000000000000000000000000000000000000000000000000000000000000000000000000000000000000000000000000000000000000000000000000000000000000000000000000000000000000000000000000000000000000000000000000000000000000000000000000000000000000000000000000000000000000000000000000000000000000000000000000000000000000000000000000000000000000000000000000000000000000000000000000000000000000000000000000000000000000000000000000000000000000000000000000000000000000000000000000000000000000000000000000000000000000000000000000000000000000000000000000000000000000000000000000000000000000000000000000000000000000000000000000000000000000000000000000000000000000000000000000000000000000000000000000000000000000000000000000000000000000000000000000000000000000000000000000000000000000000000000000000000000000000000000000000000000000000000000000000000000000000000000000000000000000000000000000000000000000000000000000000000000000000000000000000000000000000000000000000000000000000000000000000000000000000000000000000000000000000000000000000000000000000000000000000000000000000000000000000000000000000000000000000000000000000000000000000000000000000000000000000000000000000000000000000000000000000000000000000000000000000000000000000000000000000000000000000000000000000000000000000000000000000000000000000000000000000000000000000000000000000000000000000000000000000000000000000000000000000000000000000000000000000000000000000000000000000000000000000000000000000000000000000000000000000000000000000000000000000000000000000000000000000000000000000000000000000000000000000000000000000000000000000000000000000000000000000000000000000000000000000000000000000000000000000000000000000000000000000000000000000000000000000000000000000000000000000000000000000000000000000000000000000000000000000000000000000000000000000000000000000000000000000000000000000000000000000000000000000000000000000000000000000000000000000000000000000000000000000000000000000000000000000000000000000000000000000000000000000000000000000000000000000000000000000000000000000000000000000000000000000000000000000000000000000000000000000000000000000000000000000000000000000000000000000000000000000000000000000000000000000000000000000000000000000000000000000000000000000000000000000000000000000000000000000000000000000000000000000000000000000000000000000000000000000000000000000000000000000000000000000000000000000000000000000000000000000000000000000000000000000000000000000000000000000000000000000000000000000000000000000000000000000000000000000000000000000000000000000000000000000000000000000000000000000000000000000000000000000000000000000000000000000000000000000000000000000000000000000000000000000000000000000000000000000000000000000000000000000000000000000000000000000000000000000000000000000000000000000000000000000000000000000000000000000000000000000000000000000000000000000000000000000000000000000000000000000000000000000000000000000000000000000000000000000000000000000000000000000000000000000000000000000000000000000000000000000000000000000000000000000000000000000000000000000000000000000000000000000000000000000000000000000000000000000000000000000000000000000000000000000000000000000000000000000000000000000000000000000000000000000000000000000000000000000000000000000000000000000000000000000000000000000000000000000000000000000000000000000000000000000000000000000000000000000000000000000000000000000000000000000000000000000000000000000000000000000000000000000000000000000000000000000000000000000000000000000000000000000000000000000000000000000000000000000000000000000000000000000000000000000000000000000000000000000000000000000000000000000000000000000000000000000000000000, N'22')
GO
GO
INSERT INTO [dbo].[alumno_imagen] ([id_alumno], [imagen], [id_alumnoimagen]) VALUES (N'39', 0xFFD8FFE000104A46494600010100000100010000FFDB00840008060607060A080707070909080A0508050505060C1906070F08110E1312110E10101424221B1422201710101C2B1D202425282828131B2D312C263022272826010909090505050C05050C261510152626262626262626262626262626262626262626262626262626262626262626262626262626262626262626262626262626FFC00011080009000903011100021101031101FFC400160001010100000000000000000000000000070302FFC400191000010500000000000000000000000000000203135392FFC40014010100000000000000000000000000000000FFC40014110100000000000000000000000000000000FFDA000C03010002110311003F00000373BD6AF404C05803FFD90000000000000000000000000000000000000000000000000000000000000000000000000000000000000000000000000000000000000000000000000000000000000000000000000000000000000000000000000000000000000000000000000000000000000000000000000000000000000000000000000000000000000000000000000000000000000000000000000000000000000000000000000000000000000000000000000000000000000000000000000000000000000000000000000000000000000000000000000000000000000000000000000000000000000000000000000000000000000000000000000000000000000000000000000000000000000000000000000000000000000000000000000000000000000000000000000000000000000000000000000000000000000000000000000000000000000000000000000000000000000000000000000000000000000000000000000000000000000000000000000000000000000000000000000000000000000000000000000000000000000000000000000000000000000000000000000000000000000000000000000000000000000000000000000000000000000000000000000000000000000000000000000000000000000000000000000000000000000000000000000000000000000000000000000000000000000000000000000000000000000000000000000000000000000000000000000000000000000000000000000000000000000000000000000000000000000000000000000000000000000000000000000000000000000000000000000000000000000000000000000000000000000000000000000000000000000000000000000000000000000000000000000000000000000000000000000000000000000000000000000000000000000000000000000000000000000000000000000000000000000000000000000000000000000000000000000000000000000000000000000000000000000000000000000000000000000000000000000000000000000000000000000000000000000000000000000000000000000000000000000000000000000000000000000000000000000000000000000000000000000000000000000000000000000000000000000000000000000000000000000000000000000000000000000000000000000000000000000000000000000000000000000000000000000000000000000000000000000000000000000000000000000000000000000000000000000000000000000000000000000000000000000000000000000000000000000000000000000000000000000000000000000000000000000000000000000000000000000000000000000000000000000000000000000000000000000000000000000000000000000000000000000000000000000000000000000000000000000000000000000000000000000000000000000000000000000000000000000000000000000000000000000000000000000000000000000000000000000000000000000000000000000000000000000000000000000000000000000000000000000000000000000000000000000000000000000000000000000000000000000000000000000000000000000000000000000000000000000000000000000000000000000000000000000000000000000000000000000000000000000000000000000000000000000000000000000000000000000000000000000000000000000000000000000000000000000000000000000000000000000000000000000000000000000000000000000000000000000000000000000000000000000000000000000000000000000000000000000000000000000000000000000000000000000000000000000000000000000000000000000000000000000000000000000000000000000000000000000000000000000000000000000000000000000000000000000000000000000000000000000000000000000000000000000000000000000000000000000000000000000000000000000000000000000000000000000000000000000000000000000000000000000000000000000000000000000000000000000000000000000000000000000000000000000000000000000000000000000000000000000000000000000000000000000000000000000000000000000000000000000000000000000000000000000000000000000000000000000000000000000000000000000000000000000000000000000000000000000000000000000000000000000000000000000000000000000000000000000000000000000000000000000000000000000000000000000000000000000000000000000000000000000000000000000000000000000000000000000000000000000000000000000000000000000000000000000000000000000000000000000000000000000000000000000000000000000000000000000000000000000000000000000000000000000000000000000000000000000000000000000000000000000000000000000000000000000000000000000000000000000000000000000000000000000000000000000000000000000000000000000000000000000000000000000000000000000000000000000000000000000000000000000000000000000000000000000000000000000000000000000000000000000000000000000000000000000000000000000000000000000000000000000000000000000000000000000000000000000000000000000000000000000000000000000000000000000000000000000000000000000000000000000000000000000000000000000000000000000000000000000000000000000000000000000000000000000000000000000000000000000000000000000000000000000000000000000000000000000000000000000000000000000000000000000000000000000000000000000000000000000000000000000000000000000000000000000000000000000000000000000000000000000000000000000000000000000000000000000000000000000000000000000000000000000000000000000000000000000000000000000000000000000000000000000000000000000000000000000000000000000000000000000000000000000000000000000000000000000000000000000000000000000000000000000000000000000000000000000000000000000000000000000000000000000000000000000000000000000000000000000000000000000000000000000000000000000000000000000000000000000000000000000000000000000000000000000000000000000000000000000000000000000000000000000000000000000000000000000000000000000000000000000000000000000000000000000000000000000000000000000000000000000000000000000000000000000000000000000000000000000000000000000000000000000000000000000000000000000000000000000000000000000000000000000000000000000000000000000000000000000000000000000000000000000000000000000000000000000000000000000000000000000000000000000000000000000000000000000000000000000000000000000000000000000000000000000000000000000000000000000000000000000000000000000000000000000000000000000000000000000000000000000000000000000000000000000000000000000000000000000000000000000000000000000000000000000000000000000000000000000000000000000000000000000000000000000000000000000000000000000000000000000000000000000000000000000000000000000000000000000000000000000000000000000000000000000000000000000000000000000000000000000000000000000000000000000000000000000000000000000000000000000000000000000000000000000000000000000000000000000000000000000000000000000000000000000000000000000000000000000000000000000000000000000000000000000000000000000000000000000000000000000000000000000000000000000000000000000000000000000000000000000000000000000000000000000000000000000000000000000000000000000000000000000000000000000000000000000000000000000000000000000000000000000000000000000000000000000000000000000000000000000000000000000000000000000000000000000000000000000000000000000000000000000000000000000000000000000000000000000000000000000000000000000000000000000000000000000000000000000000000000000000000000000000000000000000000000000000000000000000000000000000000000000000000000000000000000000000000000000000000000000000000000000000000000000000000000000000000000000000000000000000000000000000000000000000000000000000000000000000000000000000000000000000000000000000000000000000000000000000000000000000000000000000000000000000000000000000000000000000000000000000000000000000000000000000000000000000000000000000000000000000000000000000000000000000000000000000000000000000000000000000000000000000000000000000000000000000000000000000000000000000000000000000000000000000000000000000000000000000000000000000000000000000000000000000000000000000000000000000000000000000000000000000000000000000000000000000000000000000000000000000000000000000000000000000000000000000000000000000000000000000000000000000000000000000000000000000000000000000000000000000000000000000000000000000000000000000000000000000000000000000000000000000000000000000000000000000000000000000000000000000000000000000000000000000000000000000000000000000000000000000000000000000000000000000000000000000000000000000000000000000000000000000000000000000000000000000000000000000000000000000000000000000000000000000000000000000000000000000000000000000000000000000000000000000000000000000000000000000000000000000000000000000000000000000000000000000000000000000000000000000000000000000000000000000000000000000000000000000000000000000000000000000000000000000000000000000000000000000000000000000000000000000000000000000000000000000000000000000000000000000000000000000000000000000000000000000000000000000000000000000000000000000000000000000000000000000000000000000000000000000000000000000000000000000000000000000000000000000000000000000000000000000000000000000000000000000000000000000000000000000000000000000000000000000000000000000000000000000000000000000000000000000000000000000000000000000000000000000000000000000000000000000000000000000000000000000000000000000000000000000000000000000000000000000000000000000000000000000000000000000000000000000000000000000000000000000000000000000000000000000000000000000000000000000000000000000000000000000000000000000000000000000000000000000000000000000000000000000000000000000000000000000000000000000000000000000000000000000000000000000000000000000000000000000000000000000000000000000000000000000000000000000000000000000000000000000000000000000000000000000000000000000000000000000000000000000000000000000000000000000000000000000000000000000000000000000000000000000000000000000000000000000000000000000000000000000000000000000000000000000000000000000000000000000000000000000000000000000000000000000000000000000000000000000000000000000000000000000000000000000000000000000000000000000000000000000000000000000000000000000000000000000000000000000000000000000000000000000000000000000000000000000000000000000000000000000000000000000000000000000000000000000000000000000000000000000000000000000000000000000000000000000000000000000000000000000000000000000000000000000000000000000000000000000000000000000000000000000000000000000000000000000000000000000000000000000000000000000000000000000000000000000000000000000000000000000000000000000000000000000000000000000000000000000000000000000000000000000000000000000000000000000000000000000000000000000000000000000000000000000000000000000000000000000000000000000000000000000000000000000000000000000000000000000000000000000000000000000000000000000000000000000000000000000000000000000000000000000000000000000000000000000000000000000000000000000000000000000000000000000000000000000000000000000000000000000000000000000000000000000000000000000000000000000000000000000000000000000000000000000000000000000000000000000000000000000000000000000000000000000000000000000000000000000000000000000000000000000000000000000000000000000000000000000000000000000000000000000000000000000000000000000000000000000000000000000000000000000000000000000000000000000000000000000000000000000000000000000000000000000000000000000000000000000000000000000000000000000000000000000000000000000000000000000000000000000000000000000000000000000000000000000000000000000000000000000000000000000000000000000000000000000000000000000000000000000000000000000000000000000000000000000000000000000000000000000000000000000000000000000000000000000000000000000000000000000000000000000000000000000000000000000000000000000000000000000000000000000000000000000000000000000000000000000000000000000000000000000000000000000000000000000000000000000000000000000000000000000000000000000000000000000000000000000000000000000000000000000000000000000000000000000000000000000000000000000000000000000000000000000000000000000000000000000000000000000000000000000000000000000000000000000000000000000000000000000000000000000000000000000000000000000000000000000000000000000000000000000000000000000000000000000000000000000000000000000000000000000000000000000000000000000000000000000000000000000000000000000000000000000000000000000000000000000000000000000000000000000000000000000000000000000000000000000000000000000000000000000000000000000000000000000000000000000000000000000000000000000000000000000000000000000000000000000000000000000000000000000000000000000000000000000000000000000000000000000000000000000000000000000000000000000000000000000000000000000000000000000000000000000000000000000000000000000000000000000000000000000000000000000000000000000000000000000000000000000000000000000000000000000000000000000000000000000000000000000000000000000000000000000000000000000000000000000000000000000000000000000000000000000000000000000000000000000000000000000000000000000000000000000000000000000000000000000000000000000000000000000000000000000000000000000000000000000000000000000000000000000000000000000000000000000000000000000000000000000000000000000000000000000000000000000000000000000000000000000000000000000000000000000000000000000000000000000000000000000000000000000000000000000000000000000000000000000000000000000000000000000000000000000000000000000000000000000000000000000000000000000000000000000000000000000000000000000000000000000000000000000000000000000000000000000000000000000000000000000000000000000000000000000000000000000000000000000000000000000000000000000000000000000000000000000000000000000000000000000000000000000000000000000000000000000000000000000000000000000000000000000000000000000000000000000000000000000000000000000000000000000000000000000000000000000000000000000000000000000000000000000000000000000000000000000000000000000000000000000000000000000000000000000000000000000000000000000000000000000000000000000000000000000000000000000000000000000000000000000000000000000000000000000000000000000000000000000000000000000000000000000000000000000000000000000000000000000000000000000000000000000000000000000000000000000000000000000000000000000000000000000000000000000000000000000000000000000000000000000000000000000000000000000000000000000000000000000000000000000000000000000000000000000000000000000000000000000000000000000000000000000000000000000000000000000000000000000000000000000000000000000000000000000000000000000000000000000000000000000000000000000000000000000000000000000000000000000000000000000000000000000000000000000000000000000000000000000000000000000000000000000000000000000000000000000000000000000000000000000000000000000000000000000000000000000000000000000000000000000000000000000000000000000000000000000000000000000000000000000000000000000000000000000000000000000000000000000000000000000000000000000000000000000000000000000000000000000000000000000000000000000000000000000000000000000000000000000000000000000000000000000000000000000000000000000000000000000000000000000000000000000000000000000000000000000000000000000000000000000000000000000000000000000000000000000000000000000000000000000000000000000000000000000000000000000000000000000000000000000000000000000000000000000000000000000000000000000000000000000000000000000000000000000000000000000000000000000000000000000000000000000000000000000000000000000000000000000000000000000000000000000000000000000000000000000000000000000000000000000000000000000000000000000000000000000000000000000000000000000000000000000000000000000000000000000000000000000000000000000000000000000000000000000000000000000000000000000000000000000000000000000000000000000000000000000000000000000000000000000000000000000000000000000000000000000000000000000000000000000000000000000000000000000000000000000000000000000000000000000000000000000000000000000000000000000000000000000000000000000000000000000000000000000000000000000000000000000000000000000000000000000000000000000000000000000000000000000000000000000000000000000000000000000000000000000000000000000000000000000000000000000000000000000000000000000000000000000000000000000000000000000000000000000000000000000000000000000000000000000000000000000000000000000000000000000000000000000000000000000000000000000000000000000000000000000000000000000000000000000000000000000000000000000000000000000000000000000000000000000000000000000000000000000000000000000000000000000000000000000000000000000000000000000000000000000000000000000000000000000000000000000000000000000000000000000000000000000000000000000, N'24')
GO
GO
INSERT INTO [dbo].[alumno_imagen] ([id_alumno], [imagen], [id_alumnoimagen]) VALUES (N'40', 0x0000000000000000000000000000000000000000000000000000000000000000000000000000000000000000000000000000000000000000000000000000000000000000000000000000000000000000000000000000000000000000000000000000000000000000000000000000000000000000000000000000000000000000000000000000000000000000000000000000000000000000000000000000000000000000000000000000000000000000000000000000000000000000000000000000000000000000000000000000000000000000000000000000000000000000000000000000000000000000000000000000000000000000000000000000000000000000000000000000000000000000000000000000000000000000000000000000000000000000000000000000000000000000000000000000000000000000000000000000000000000000000000000000000000000000000000000000000000000000000000000000000000000000000000000000000000000000000000000000000000000000000000000000000000000000000000000000000000000000000000000000000000000000000000000000000000000000000000000000000000000000000000000000000000000000000000000000000000000000000000000000000000000000000000000000000000000000000000000000000000000000000000000000000000000000000000000000000000000000000000000000000000000000000000000000000000000000000000000000000000000000000000000000000000000000000000000000000000000000000000000000000000000000000000000000000000000000000000000000000000000000000000000000000000000000000000000000000000000000000000000000000000000000000000000000000000000000000000000000000000000000000000000000000000000000000000000000000000000000000000000000000000000000000000000000000000000000000000000000000000000000000000000000000000000000000000000000000000000000000000000000000000000000000000000000000000000000000000000000000000000000000000000000000000000000000000000000000000000000000000000000000000000000000000000000000000000000000000000000000000000000000000000000000000000000000000000000000000000000000000000000000000000000000000000000000000000000000000000000000000000000000000000000000000000000000000000000000000000000000000000000000000000000000000000000000000000000000000000000000000000000000000000000000000000000000000000000000000000000000000000000000000000000000000000000000000000000000000000000000000000000000000000000000000000000000000000000000000000000000000000000000000000000000000000000000000000000000000000000000000000000000000000000000000000000000000000000000000000000000000000000000000000000000000000000000000000000000000000000000000000000000000000000000000000000000000000000000000000000000000000000000000000000000000000000000000000000000000000000000000000000000000000000000000000000000000000000000000000000000000000000000000000000000000000000000000000000000000000000000000000000000000000000000000000000000000000000000000000000000000000000000000000000000000000000000000000000000000000000000000000000000000000000000000000000000000000000000000000000000000000000000000000000000000000000000000000000000000000000000000000000000000000000000000000000000000000000000000000000000000000000000000000000000000000000000000000000000000000000000000000000000000000000000000000000000000000000000000000000000000000000000000000000000000000000000000000000000000000000000000000000000000000000000000000000000000000000000000000000000000000000000000000000000000000000000000000000000000000000000000000000000000000000000000000000000000000000000000000000000000000000000000000000000000000000000000000000000000000000000000000000000000000000000000000000000000000000000000000000000000000000000000000000000000000000000000000000000000000000000000000000000000000000000000000000000000000000000000000000000000000000000000000000000000000000000000000000000000000000000000000000000000000000000000000000000000000000000000000000000000000000000000000000000000000000000000000000000000000000000000000000000000000000000000000000000000000000000000000000000000000000000000000000000000000000000000000000000000000000000000000000000000000000000000000000000000000000000000000000000000000000000000000000000000000000000000000000000000000000000000000000000000000000000000000000000000000000000000000000000000000000000000000000000000000000000000000000000000000000000000000000000000000000000000000000000000000000000000000000000000000000000000000000000000000000000000000000000000000000000000000000000000000000000000000000000000000000000000000000000000000000000000000000000000000000000000000000000000000000000000000000000000000000000000000000000000000000000000000000000000000000000000000000000000000000000000000000000000000000000000000000000000000000000000000000000000000000000000000000000000000000000000000000000000000000000000000000000000000000000000000000000000000000000000000000000000000000000000000000000000000000000000000000000000000000000000000000000000000000000000000000000000000000000000000000000000000000000000000000000000000000000000000000000000000000000000000000000000000000000000000000000000000000000000000000000000000000000000000000000000000000000000000000000000000000000000000000000000000000000000000000000000000000000000000000000000000000000000000000000000000000000000000000000000000000000000000000000000000000000000000000000000000000000000000000000000000000000000000000000000000000000000000000000000000000000000000000000000000000000000000000000000000000000000000000000000000000000000000000000000000000000000000000000000000000000000000000000000000000000000000000000000000000000000000000000000000000000000000000000000000000000000000000000000000000000000000000000000000000000000000000000000000000000000000000000000000000000000000000000000000000000000000000000000000000000000000000000000000000000000000000000000000000000000000000000000000000000000000000000000000000000000000000000000000000000000000000000000000000000000000000000000000000000000000000000000000000000000000000000000000000000000000000000000000000000000000000000000000000000000000000000000000000000000000000000000000000000000000000000000000000000000000000000000000000000000000000000000000000000000000000000000000000000000000000000000000000000000000000000000000000000000000000000000000000000000000000000000000000000000000000000000000000000000000000000000000000000000000000000000000000000000000000000000000000000000000000000000000000000000000000000000000000000000000000000000000000000000000000000000000000000000000000000000000000000000000000000000000000000000000000000000000000000000000000000000000000000000000000000000000000000000000000000000000000000000000000000000000000000000000000000000000000000000000000000000000000000000000000000000000000000000000000000000000000000000000000000000000000000000000000000000000000000000000000000000000000000000000000000000000000000000000000000000000000000000000000000000000000000000000000000000000000000000000000000000000000000000000000000000000000000000000000000000000000000000000000000000000000000000000000000000000000000000000000000000000000000000000000000000000000000000000000000000000000000000000000000000000000000000000000000000000000000000000000000000000000000000000000000000000000000000000000000000000000000000000000000000000000000000000000000000000000000000000000000000000000000000000000000000000000000000000000000000000000000000000000000000000000000000000000000000000000000000000000000000000000000000000000000000000000000000000000000000000000000000000000000000000000000000000000000000000000000000000000000000000000000000000000000000000000000000000000000000000000000000000000000000000000000000000000000000000000000000000000000000000000000000000000000000000000000000000000000000000000000000000000000000000000000000000000000000000000000000000000000000000000000000000000000000000000000000000000000000000000000000000000000000000000000000000000000000000000000000000000000000000000000000000000000000000000000000000000000000000000000000000000000000000000000000000000000000000000000000000000000000000000000000000000000000000000000000000000000000000000000000000000000000000000000000000000000000000000000000000000000000000000000000000000000000000000000000000000000000000000000000000000000000000000000000000000000000000000000000000000000000000000000000000000000000000000000000000000000000000000000000000000000000000000000000000000000000000000000000000000000000000000000000000000000000000000000000000000000000000000000000000000000000000000000000000000000000000000000000000000000000000000000000000000000000000000000000000000000000000000000000000000000000000000000000000000000000000000000000000000000000000000000000000000000000000000000000000000000000000000000000000000000000000000000000000000000000000000000000000000000000000000000000000000000000000000000000000000000000000000000000000000000000000000000000000000000000000000000000000000000000000000000000000000000000000000000000000000000000000000000000000000000000000000000000000000000000000000000000000000000000000000000000000000000000000000000000000000000000000000000000000000000000000000000000000000000000000000000000000000000000000000000000000000000000000000000000000000000000000000000000000000000000000000000000000000000000000000000000000000000000000000000000000000000000000000000000000000000000000000000000000000000000000000000000000000000000000000000000000000000000000000000000000000000000000000000000000000000000000000000000000000000000000000000000000000000000000000000000000000000000000000000000000000000000000000000000000000000000000000000000000000000000000000000000000000000000000000000000000000000000000000000000000000000000000000000000000000000000000000000000000000000000000000000000000000000000000000000000000000000000000000000000000000000000000000000000000000000000000000000000000000000000000000000000000000000000000000000000000000000000000000000000000000000000000000000000000000000000000000000000000000000000000000000000000000000000000000000000000000000000000000000000000000000000000000000000000000000000000000000000000000000000000000000000000000000000000000000000000000000000000000000000000000000000000000000000000000000000000000000000000000000000000000000000000000000000000000000000000000000000000000000000000000000000000000000000000000000000000000000000000000000000000000000000000000000000000000000000000000000000000000000000000000000000000000000000000000000000000000000000000000000000000000000000000000000000000000000000000000000000000000000000000000000000000000000000000000000000000000000000000000000000000000000000000000000000000000000000000000000000000000000000000000000000000000000000000000000000000000000000000000000000000000000000000000000000000000000000000000000000000000000000000000000000000000000000000000000000000000000000000000000000000000000000000000000000000000000000000000000000000000000000000000000000000000000000000000000000000000000000000000000000000000000000000000000000000000000000000000000000000000000000000000000000000000000000000000000000000000000000000000000000000000000000000000000000000000000000000000000000000000000000000000000000000000000000000000000000000000000000000000000000000000000000000000000000000000000000000000000000000000000000000000000000000000000000000000000000000000000000000000000000000000000000000000000000000000000000000000000000000000000000000000000000000000000000000000000000000000000000000000000000000000000000000000000000000000000000000000000000000000000000000000000000000000000000000000000000000000000000000000000000000000000000000000000000000000000000000000000000000000000000000000000000000000000000000000000000000000000000000000000000000000000000000000000000000000000000000000000000000000000000000000000000000000000000000000000000000000000000000000000000000000000000000000000000000000000000000000000000000000000000000000000000000000000000000000000000000000000000000000000000000000000000000000000000000000000000000000000000000000000000000000000000000000000000000000000000000000000000000000000000000000000000000000000000000000000000000000000000000000000000000000000000000000000000000000000000000000000000000000000000000000000000000000000000000000000000000000000000000000000000000000000000000000000000000000000000000000000000000000000000000000000000000000000000000000000000000000000000000000000000000000000000000000000000000000000000000000000000000000000000000000000000000000000000000000000000000000000000000000000000000000000000000000000000000000000000000000000000000000000000000000000000000000000000000000000000000000000000000000000000000000000000000000000000000000000000000000000000000000000000000000000000000000000000000000000000000000000000000000000000000000000000000000000000000000000000000000000000000000000000000000000000000000000000000000000000000000000000000000000000000000000000000000000000000000000000000000000000000000000000000000000000000000000000000000000000000000000000000000000000000000000000000000000000000000000000000000000000000000000000000000000000000000000000000000000000000000000000000000000000000000000000000000000000000000000000000000000000000000000000000000000000000000000000000000000000000000000000000000000000000000000000000000000000000000000000000000000000000000000000000000000000000000000000000000000000000000000000000000000000000000000000000000000000000000000000000000000000000000000000000000000000000000000000000000000000000000000000000000000000000000000000000000000000000000000000000000000000000000000000000000000000000000000000000000000000000000000000000000000000000000000000000000000000000000000000000000000000000000000000000000000000000000000000000000000000000000000000000000000000000000000000000000000000000000000000000000000000000000000000000000000000000000000000000000000000000000000000000000000000000000000000000000000000000000000000000000000000000000000000000000000000000000000000000000000000000000000000000000000000000000000000000000000000000000000000000000000000000000000000000000000000000000000000000000000000000000000000000000000000000000000000000000000000000000000000000000000000000000000000000000000000000000000000000000000000000000000000000000000000000000000000000000000000000000000000000000000000000000000000000000000000000000000000000000000000000000000000000000000000000000000000000000000000000000000000000000000000000000000000000000000000000000000000000000000000000000000000000000000000000000000000000000000000000000000000000000000000000000000000000000000000000000000000000000000000000000000000000000000000000000000000000000000000000000000000000000000000000000000000000000000000000000000000000000000000000000000000000000000000000000000000000000000000000000000000000000000000000000000000000000000000000000000000000000000000000000000000000000000000000000000000000000000000000000000000000000000000000000000000000000000000000000000000000000000000000000000000000000000000000000000000000000000000000000000000000000000000000000000000000000000000000000000000000000000000000000000000000000000000000000000000000000000000000000000000000000000000000000000000000000000000000000000000000000000000000000000000000000000000000000000000000000000000000000000000000000000000000000000000000000000000000000000000000000000000000000000000000000000000000000000000000000000000000000000000000000000000000000000000000000000000000000000000000000000000000000000000000000000000000000000000000000000000000000000000000000000000000000000000000000000000000000000000000000000000000000000000000000000000000000000000000000000000000000000000000000000000000000000000000000000000000000000000000000000000000000000000000000000000000000000000000000000000000000000000000000000000000000000000000000000000000000000000000000000000000000000000000000000000000000000000000000000000000000000000000000000000000000000000000000000000000000000000000000000000000000000000000000000000000000000000000000000000000000000000000000000000000000000000000000000000000000000000000000000000000000000000000000000000000000000000000000000000000000000000000000000000000000000000000000000000000000000000000000000000000000000000000000000000000000000000000000000000000000000000000000000000000000000000000000000000000000000000000000000000000000000000000000000000000000000000000000000000000000000000000000000000000000000000000000000000000000000000000000000000000000000000000000000000000000000000000000000000000000000000000000000000000000000000000000000000000000000000000000000000000000000000000000000000000000000000000000000000000000000000000000000000000000, N'25')
GO
GO
SET IDENTITY_INSERT [dbo].[alumno_imagen] OFF
GO

-- ----------------------------
-- Table structure for alumnoxfaja
-- ----------------------------
DROP TABLE [dbo].[alumnoxfaja]
GO
CREATE TABLE [dbo].[alumnoxfaja] (
[id_alumnoxfaja] int NOT NULL IDENTITY(1,1) ,
[id_alumno] int NULL ,
[id_faja] int NULL ,
[fecha] date NULL 
)


GO
DBCC CHECKIDENT(N'[dbo].[alumnoxfaja]', RESEED, 5)
GO

-- ----------------------------
-- Records of alumnoxfaja
-- ----------------------------
SET IDENTITY_INSERT [dbo].[alumnoxfaja] ON
GO
INSERT INTO [dbo].[alumnoxfaja] ([id_alumnoxfaja], [id_alumno], [id_faja], [fecha]) VALUES (N'5', N'11', N'3', null)
GO
GO
SET IDENTITY_INSERT [dbo].[alumnoxfaja] OFF
GO

-- ----------------------------
-- Table structure for asistencia_clase
-- ----------------------------
DROP TABLE [dbo].[asistencia_clase]
GO
CREATE TABLE [dbo].[asistencia_clase] (
[id_asistencia] int NOT NULL IDENTITY(1,1) ,
[fecha_hora] datetime NOT NULL ,
[id_tipo_clase] int NOT NULL ,
[id_alumno] int NOT NULL 
)


GO
DBCC CHECKIDENT(N'[dbo].[asistencia_clase]', RESEED, 2)
GO

-- ----------------------------
-- Records of asistencia_clase
-- ----------------------------
SET IDENTITY_INSERT [dbo].[asistencia_clase] ON
GO
INSERT INTO [dbo].[asistencia_clase] ([id_asistencia], [fecha_hora], [id_tipo_clase], [id_alumno]) VALUES (N'1', N'2017-08-10 00:19:39.000', N'2', N'14')
GO
GO
INSERT INTO [dbo].[asistencia_clase] ([id_asistencia], [fecha_hora], [id_tipo_clase], [id_alumno]) VALUES (N'2', N'2017-08-14 00:00:00.000', N'1', N'17')
GO
GO
SET IDENTITY_INSERT [dbo].[asistencia_clase] OFF
GO

-- ----------------------------
-- Table structure for categoria
-- ----------------------------
DROP TABLE [dbo].[categoria]
GO
CREATE TABLE [dbo].[categoria] (
[id_categoria] int NOT NULL IDENTITY(1,1) ,
[nombre] nvarchar(45) NULL DEFAULT NULL ,
[peso_desde] float(53) NULL DEFAULT NULL ,
[peso_hasta] float(53) NULL DEFAULT NULL ,
[edad_desde] int NULL DEFAULT NULL ,
[edad_hasta] int NULL DEFAULT NULL ,
[sexo] smallint NULL ,
[id_tipo_clase] int NULL 
)


GO
DBCC CHECKIDENT(N'[dbo].[categoria]', RESEED, 36)
GO
IF ((SELECT COUNT(*) from fn_listextendedproperty('MS_Description', 
'SCHEMA', N'dbo', 
'TABLE', N'categoria', 
'COLUMN', N'sexo')) > 0) 
EXEC sp_updateextendedproperty @name = N'MS_Description', @value = N'Mujer Hombre'
, @level0type = 'SCHEMA', @level0name = N'dbo'
, @level1type = 'TABLE', @level1name = N'categoria'
, @level2type = 'COLUMN', @level2name = N'sexo'
ELSE
EXEC sp_addextendedproperty @name = N'MS_Description', @value = N'Mujer Hombre'
, @level0type = 'SCHEMA', @level0name = N'dbo'
, @level1type = 'TABLE', @level1name = N'categoria'
, @level2type = 'COLUMN', @level2name = N'sexo'
GO

-- ----------------------------
-- Records of categoria
-- ----------------------------
SET IDENTITY_INSERT [dbo].[categoria] ON
GO
INSERT INTO [dbo].[categoria] ([id_categoria], [nombre], [peso_desde], [peso_hasta], [edad_desde], [edad_hasta], [sexo], [id_tipo_clase]) VALUES (N'1', N'Gallo Juvenil Masculino', N'0', N'53.5', N'0', N'16', N'1', N'1')
GO
GO
INSERT INTO [dbo].[categoria] ([id_categoria], [nombre], [peso_desde], [peso_hasta], [edad_desde], [edad_hasta], [sexo], [id_tipo_clase]) VALUES (N'2', N'Pluma Juvenil Masculino', N'53.5', N'57.5', N'0', N'16', N'1', N'1')
GO
GO
INSERT INTO [dbo].[categoria] ([id_categoria], [nombre], [peso_desde], [peso_hasta], [edad_desde], [edad_hasta], [sexo], [id_tipo_clase]) VALUES (N'3', N'Pena Juvenil Masculino', N'57.5', N'64', N'0', N'16', N'1', N'1')
GO
GO
INSERT INTO [dbo].[categoria] ([id_categoria], [nombre], [peso_desde], [peso_hasta], [edad_desde], [edad_hasta], [sexo], [id_tipo_clase]) VALUES (N'4', N'Ligero Juvenil Masculino', N'64', N'69', N'0', N'16', N'1', N'1')
GO
GO
INSERT INTO [dbo].[categoria] ([id_categoria], [nombre], [peso_desde], [peso_hasta], [edad_desde], [edad_hasta], [sexo], [id_tipo_clase]) VALUES (N'5', N'Medio Juvenil Masculino', N'69', N'74', N'0', N'16', N'1', N'1')
GO
GO
INSERT INTO [dbo].[categoria] ([id_categoria], [nombre], [peso_desde], [peso_hasta], [edad_desde], [edad_hasta], [sexo], [id_tipo_clase]) VALUES (N'6', N'Medio Pesado Juvenil Masculino', N'74', N'79.3', N'0', N'16', N'1', N'1')
GO
GO
INSERT INTO [dbo].[categoria] ([id_categoria], [nombre], [peso_desde], [peso_hasta], [edad_desde], [edad_hasta], [sexo], [id_tipo_clase]) VALUES (N'7', N'Pesado Juvenil Masculino', N'79.3', N'84.3', N'0', N'16', N'1', N'1')
GO
GO
INSERT INTO [dbo].[categoria] ([id_categoria], [nombre], [peso_desde], [peso_hasta], [edad_desde], [edad_hasta], [sexo], [id_tipo_clase]) VALUES (N'8', N'Super Pesado Juvenil Masculino', N'84.3', N'89.3', N'0', N'16', N'1', N'1')
GO
GO
INSERT INTO [dbo].[categoria] ([id_categoria], [nombre], [peso_desde], [peso_hasta], [edad_desde], [edad_hasta], [sexo], [id_tipo_clase]) VALUES (N'9', N'Ultra Pesado Juvenil Masculino', N'89.3', N'999', N'0', N'16', N'1', N'1')
GO
GO
INSERT INTO [dbo].[categoria] ([id_categoria], [nombre], [peso_desde], [peso_hasta], [edad_desde], [edad_hasta], [sexo], [id_tipo_clase]) VALUES (N'10', N'Open Class Juvenile Male', N'69', N'999', N'0', N'16', N'1', N'1')
GO
GO
INSERT INTO [dbo].[categoria] ([id_categoria], [nombre], [peso_desde], [peso_hasta], [edad_desde], [edad_hasta], [sexo], [id_tipo_clase]) VALUES (N'11', N'Gallo Adulto, Master y Senior Masculino', N'0', N'57.5', N'17', N'99', N'1', N'1')
GO
GO
INSERT INTO [dbo].[categoria] ([id_categoria], [nombre], [peso_desde], [peso_hasta], [edad_desde], [edad_hasta], [sexo], [id_tipo_clase]) VALUES (N'12', N'Pluma Adulto, Master y Senior Masculino', N'57.5', N'64', N'17', N'99', N'1', N'1')
GO
GO
INSERT INTO [dbo].[categoria] ([id_categoria], [nombre], [peso_desde], [peso_hasta], [edad_desde], [edad_hasta], [sexo], [id_tipo_clase]) VALUES (N'13', N'Pena Adulto, Master y Senior Masculino', N'64', N'70', N'17', N'99', N'1', N'1')
GO
GO
INSERT INTO [dbo].[categoria] ([id_categoria], [nombre], [peso_desde], [peso_hasta], [edad_desde], [edad_hasta], [sexo], [id_tipo_clase]) VALUES (N'14', N'Ligero Adulto, Master y Senior Masculino', N'70', N'76', N'17', N'99', N'1', N'1')
GO
GO
INSERT INTO [dbo].[categoria] ([id_categoria], [nombre], [peso_desde], [peso_hasta], [edad_desde], [edad_hasta], [sexo], [id_tipo_clase]) VALUES (N'15', N'Medio Adulto, Master y Senior Masculino', N'76', N'82.3', N'17', N'99', N'1', N'1')
GO
GO
INSERT INTO [dbo].[categoria] ([id_categoria], [nombre], [peso_desde], [peso_hasta], [edad_desde], [edad_hasta], [sexo], [id_tipo_clase]) VALUES (N'16', N'Medio Pesado Adulto Master y Senior Masculino', N'82.3', N'88.3', N'17', N'99', N'1', N'1')
GO
GO
INSERT INTO [dbo].[categoria] ([id_categoria], [nombre], [peso_desde], [peso_hasta], [edad_desde], [edad_hasta], [sexo], [id_tipo_clase]) VALUES (N'17', N'Pesado Adulto, Master y Senior Masculino', N'88.3', N'94.3', N'17', N'99', N'1', N'1')
GO
GO
INSERT INTO [dbo].[categoria] ([id_categoria], [nombre], [peso_desde], [peso_hasta], [edad_desde], [edad_hasta], [sexo], [id_tipo_clase]) VALUES (N'18', N'Super Pesado Adulto Master y Senior Masculino', N'94.3', N'100.5', N'17', N'99', N'1', N'1')
GO
GO
INSERT INTO [dbo].[categoria] ([id_categoria], [nombre], [peso_desde], [peso_hasta], [edad_desde], [edad_hasta], [sexo], [id_tipo_clase]) VALUES (N'19', N'Ultra Pesado Adulto Master y Senior Masculino', N'100.5', N'999', N'17', N'99', N'1', N'1')
GO
GO
INSERT INTO [dbo].[categoria] ([id_categoria], [nombre], [peso_desde], [peso_hasta], [edad_desde], [edad_hasta], [sexo], [id_tipo_clase]) VALUES (N'20', N'Open Class Adult, Master and Senior Male', N'0', N'999', N'17', N'99', N'1', N'1')
GO
GO
INSERT INTO [dbo].[categoria] ([id_categoria], [nombre], [peso_desde], [peso_hasta], [edad_desde], [edad_hasta], [sexo], [id_tipo_clase]) VALUES (N'21', N'Pluma Adulto, Master y Senior Femenino', N'0', N'53.5', N'17', N'99', N'0', N'1')
GO
GO
INSERT INTO [dbo].[categoria] ([id_categoria], [nombre], [peso_desde], [peso_hasta], [edad_desde], [edad_hasta], [sexo], [id_tipo_clase]) VALUES (N'22', N'Pena Adulto, Master y Senior Femenino', N'53.5', N'58.5', N'17', N'99', N'0', N'1')
GO
GO
INSERT INTO [dbo].[categoria] ([id_categoria], [nombre], [peso_desde], [peso_hasta], [edad_desde], [edad_hasta], [sexo], [id_tipo_clase]) VALUES (N'23', N'Ligero Adulto, Master y Senior Femenino', N'58.5', N'64', N'17', N'99', N'0', N'1')
GO
GO
INSERT INTO [dbo].[categoria] ([id_categoria], [nombre], [peso_desde], [peso_hasta], [edad_desde], [edad_hasta], [sexo], [id_tipo_clase]) VALUES (N'24', N'Medio Adulto, Master y Senior Femenino', N'64', N'69', N'17', N'99', N'0', N'1')
GO
GO
INSERT INTO [dbo].[categoria] ([id_categoria], [nombre], [peso_desde], [peso_hasta], [edad_desde], [edad_hasta], [sexo], [id_tipo_clase]) VALUES (N'25', N'Medio Pesado Adulto, Master y Senior Femenino', N'69', N'74', N'17', N'99', N'0', N'1')
GO
GO
INSERT INTO [dbo].[categoria] ([id_categoria], [nombre], [peso_desde], [peso_hasta], [edad_desde], [edad_hasta], [sexo], [id_tipo_clase]) VALUES (N'26', N'Pesado Adulto, Master y Senior Femenino', N'74', N'79.3', N'17', N'99', N'0', N'1')
GO
GO
INSERT INTO [dbo].[categoria] ([id_categoria], [nombre], [peso_desde], [peso_hasta], [edad_desde], [edad_hasta], [sexo], [id_tipo_clase]) VALUES (N'27', N'Open Class Adult, Master and Senior Male', N'0', N'999', N'17', N'99', N'0', N'1')
GO
GO
INSERT INTO [dbo].[categoria] ([id_categoria], [nombre], [peso_desde], [peso_hasta], [edad_desde], [edad_hasta], [sexo], [id_tipo_clase]) VALUES (N'28', N'Pluma Juvenil Femenino', N'0', N'48.3', N'0', N'16', N'0', N'1')
GO
GO
INSERT INTO [dbo].[categoria] ([id_categoria], [nombre], [peso_desde], [peso_hasta], [edad_desde], [edad_hasta], [sexo], [id_tipo_clase]) VALUES (N'29', N'Pena Juvenil Femenino', N'48.3', N'52.5', N'0', N'16', N'0', N'1')
GO
GO
INSERT INTO [dbo].[categoria] ([id_categoria], [nombre], [peso_desde], [peso_hasta], [edad_desde], [edad_hasta], [sexo], [id_tipo_clase]) VALUES (N'30', N'Ligero Juvenil Femenino', N'52.5', N'56.5', N'0', N'16', N'0', N'1')
GO
GO
INSERT INTO [dbo].[categoria] ([id_categoria], [nombre], [peso_desde], [peso_hasta], [edad_desde], [edad_hasta], [sexo], [id_tipo_clase]) VALUES (N'31', N'Medio Juvenil Femenino', N'56.5', N'60.5', N'0', N'16', N'0', N'1')
GO
GO
INSERT INTO [dbo].[categoria] ([id_categoria], [nombre], [peso_desde], [peso_hasta], [edad_desde], [edad_hasta], [sexo], [id_tipo_clase]) VALUES (N'32', N'Medio Pesado Juvenil Femenino', N'60.5', N'65', N'0', N'16', N'0', N'1')
GO
GO
INSERT INTO [dbo].[categoria] ([id_categoria], [nombre], [peso_desde], [peso_hasta], [edad_desde], [edad_hasta], [sexo], [id_tipo_clase]) VALUES (N'33', N'Pesado Juvenil Femenino', N'65', N'69', N'0', N'16', N'0', N'1')
GO
GO
INSERT INTO [dbo].[categoria] ([id_categoria], [nombre], [peso_desde], [peso_hasta], [edad_desde], [edad_hasta], [sexo], [id_tipo_clase]) VALUES (N'34', N'Open Class Juvenile Female', N'60.5', N'999', N'0', N'16', N'0', N'1')
GO
GO
INSERT INTO [dbo].[categoria] ([id_categoria], [nombre], [peso_desde], [peso_hasta], [edad_desde], [edad_hasta], [sexo], [id_tipo_clase]) VALUES (N'35', N'Super Pesado Adulto, Master y Senior Femenino', N'79.3', N'999', N'17', N'99', N'0', N'1')
GO
GO
INSERT INTO [dbo].[categoria] ([id_categoria], [nombre], [peso_desde], [peso_hasta], [edad_desde], [edad_hasta], [sexo], [id_tipo_clase]) VALUES (N'36', N'Super Pesado Juvenil Femenino', N'69', N'999', N'0', N'16', N'0', N'1')
GO
GO
SET IDENTITY_INSERT [dbo].[categoria] OFF
GO

-- ----------------------------
-- Table structure for categoria_torneo
-- ----------------------------
DROP TABLE [dbo].[categoria_torneo]
GO
CREATE TABLE [dbo].[categoria_torneo] (
[id_categoria_torneo] int NOT NULL IDENTITY(1,1) ,
[id_categoria] int NULL DEFAULT NULL ,
[sexo] smallint NULL DEFAULT NULL ,
[id_faja] int NULL DEFAULT NULL 
)


GO
DBCC CHECKIDENT(N'[dbo].[categoria_torneo]', RESEED, 18)
GO

-- ----------------------------
-- Records of categoria_torneo
-- ----------------------------
SET IDENTITY_INSERT [dbo].[categoria_torneo] ON
GO
INSERT INTO [dbo].[categoria_torneo] ([id_categoria_torneo], [id_categoria], [sexo], [id_faja]) VALUES (N'1', N'24', N'0', N'1')
GO
GO
INSERT INTO [dbo].[categoria_torneo] ([id_categoria_torneo], [id_categoria], [sexo], [id_faja]) VALUES (N'2', N'13', N'1', N'2')
GO
GO
INSERT INTO [dbo].[categoria_torneo] ([id_categoria_torneo], [id_categoria], [sexo], [id_faja]) VALUES (N'6', N'22', N'0', N'1')
GO
GO
INSERT INTO [dbo].[categoria_torneo] ([id_categoria_torneo], [id_categoria], [sexo], [id_faja]) VALUES (N'7', N'13', N'1', N'1')
GO
GO
INSERT INTO [dbo].[categoria_torneo] ([id_categoria_torneo], [id_categoria], [sexo], [id_faja]) VALUES (N'8', N'11', N'1', N'1')
GO
GO
INSERT INTO [dbo].[categoria_torneo] ([id_categoria_torneo], [id_categoria], [sexo], [id_faja]) VALUES (N'9', N'22', N'0', N'2')
GO
GO
INSERT INTO [dbo].[categoria_torneo] ([id_categoria_torneo], [id_categoria], [sexo], [id_faja]) VALUES (N'10', N'21', N'0', N'2')
GO
GO
INSERT INTO [dbo].[categoria_torneo] ([id_categoria_torneo], [id_categoria], [sexo], [id_faja]) VALUES (N'17', N'16', N'1', N'1')
GO
GO
INSERT INTO [dbo].[categoria_torneo] ([id_categoria_torneo], [id_categoria], [sexo], [id_faja]) VALUES (N'18', N'21', N'0', N'2')
GO
GO
SET IDENTITY_INSERT [dbo].[categoria_torneo] OFF
GO

-- ----------------------------
-- Table structure for ciudad
-- ----------------------------
DROP TABLE [dbo].[ciudad]
GO
CREATE TABLE [dbo].[ciudad] (
[id_ciudad] int NOT NULL IDENTITY(1,1) ,
[nombre] nvarchar(40) NULL ,
[id_provincia] int NULL 
)


GO

-- ----------------------------
-- Records of ciudad
-- ----------------------------
SET IDENTITY_INSERT [dbo].[ciudad] ON
GO
INSERT INTO [dbo].[ciudad] ([id_ciudad], [nombre], [id_provincia]) VALUES (N'1', N'La Plata', N'2')
GO
GO
INSERT INTO [dbo].[ciudad] ([id_ciudad], [nombre], [id_provincia]) VALUES (N'2', N'Crdoba', N'1')
GO
GO
INSERT INTO [dbo].[ciudad] ([id_ciudad], [nombre], [id_provincia]) VALUES (N'3', N'Alta Gracia', N'1')
GO
GO
INSERT INTO [dbo].[ciudad] ([id_ciudad], [nombre], [id_provincia]) VALUES (N'4', N'Carlos Paz', N'1')
GO
GO
INSERT INTO [dbo].[ciudad] ([id_ciudad], [nombre], [id_provincia]) VALUES (N'5', N'Villa Allende', N'1')
GO
GO
SET IDENTITY_INSERT [dbo].[ciudad] OFF
GO

-- ----------------------------
-- Table structure for clase
-- ----------------------------
DROP TABLE [dbo].[clase]
GO
CREATE TABLE [dbo].[clase] (
[id_clase] int NOT NULL IDENTITY(1,1) ,
[id_tipo_clase] int NULL ,
[precio] float(53) NULL ,
[id_profe] int NULL ,
[id_ubicacion] int NULL ,
[nombre] nvarchar(50) NULL ,
[baja_logica] int NULL 
)


GO
DBCC CHECKIDENT(N'[dbo].[clase]', RESEED, 52)
GO

-- ----------------------------
-- Records of clase
-- ----------------------------
SET IDENTITY_INSERT [dbo].[clase] ON
GO
INSERT INTO [dbo].[clase] ([id_clase], [id_tipo_clase], [precio], [id_profe], [id_ubicacion], [nombre], [baja_logica]) VALUES (N'1', N'3', N'43', N'1', N'2', N'Pepitos2', N'1')
GO
GO
INSERT INTO [dbo].[clase] ([id_clase], [id_tipo_clase], [precio], [id_profe], [id_ubicacion], [nombre], [baja_logica]) VALUES (N'2', N'1', N'124', N'1', N'2', N'Clase Milanesa', N'1')
GO
GO
INSERT INTO [dbo].[clase] ([id_clase], [id_tipo_clase], [precio], [id_profe], [id_ubicacion], [nombre], [baja_logica]) VALUES (N'9', N'1', N'43', N'1', N'2', N'Pepitos', N'0')
GO
GO
INSERT INTO [dbo].[clase] ([id_clase], [id_tipo_clase], [precio], [id_profe], [id_ubicacion], [nombre], [baja_logica]) VALUES (N'12', N'1', N'300', N'1', N'2', N'BJJ-Profesional', N'0')
GO
GO
INSERT INTO [dbo].[clase] ([id_clase], [id_tipo_clase], [precio], [id_profe], [id_ubicacion], [nombre], [baja_logica]) VALUES (N'13', N'1', N'400', N'1', N'2', N'BJJ-Profesional', N'0')
GO
GO
INSERT INTO [dbo].[clase] ([id_clase], [id_tipo_clase], [precio], [id_profe], [id_ubicacion], [nombre], [baja_logica]) VALUES (N'14', N'1', N'400', N'1', N'2', N'BJJ-Profesional', N'1')
GO
GO
INSERT INTO [dbo].[clase] ([id_clase], [id_tipo_clase], [precio], [id_profe], [id_ubicacion], [nombre], [baja_logica]) VALUES (N'15', N'2', N'546', N'1', N'4', N'Bjjasas', N'1')
GO
GO
INSERT INTO [dbo].[clase] ([id_clase], [id_tipo_clase], [precio], [id_profe], [id_ubicacion], [nombre], [baja_logica]) VALUES (N'16', N'2', N'546', N'1', N'3', N'Hola', N'0')
GO
GO
INSERT INTO [dbo].[clase] ([id_clase], [id_tipo_clase], [precio], [id_profe], [id_ubicacion], [nombre], [baja_logica]) VALUES (N'17', N'1', N'654', N'1', N'3', N'lallaa', N'1')
GO
GO
INSERT INTO [dbo].[clase] ([id_clase], [id_tipo_clase], [precio], [id_profe], [id_ubicacion], [nombre], [baja_logica]) VALUES (N'18', N'2', N'43', N'1', N'4', N'Alex el Len', N'0')
GO
GO
INSERT INTO [dbo].[clase] ([id_clase], [id_tipo_clase], [precio], [id_profe], [id_ubicacion], [nombre], [baja_logica]) VALUES (N'19', N'4', N'43', N'2', N'4', N'Rapuncel BJJ', N'1')
GO
GO
INSERT INTO [dbo].[clase] ([id_clase], [id_tipo_clase], [precio], [id_profe], [id_ubicacion], [nombre], [baja_logica]) VALUES (N'20', N'1', N'43', N'2', N'2', N'Muai Tyson', N'1')
GO
GO
INSERT INTO [dbo].[clase] ([id_clase], [id_tipo_clase], [precio], [id_profe], [id_ubicacion], [nombre], [baja_logica]) VALUES (N'21', N'1', N'43', N'2', N'3', N'Expecto Patronum Defensa Personal', N'1')
GO
GO
INSERT INTO [dbo].[clase] ([id_clase], [id_tipo_clase], [precio], [id_profe], [id_ubicacion], [nombre], [baja_logica]) VALUES (N'22', N'1', N'100', N'1', N'4', N'Jackie Chan BJJ ', N'1')
GO
GO
INSERT INTO [dbo].[clase] ([id_clase], [id_tipo_clase], [precio], [id_profe], [id_ubicacion], [nombre], [baja_logica]) VALUES (N'23', N'1', N'43', N'1', N'5', N'gasdg', N'0')
GO
GO
INSERT INTO [dbo].[clase] ([id_clase], [id_tipo_clase], [precio], [id_profe], [id_ubicacion], [nombre], [baja_logica]) VALUES (N'24', N'1', N'300', N'2', N'5', N'JiuJitsu B', N'0')
GO
GO
INSERT INTO [dbo].[clase] ([id_clase], [id_tipo_clase], [precio], [id_profe], [id_ubicacion], [nombre], [baja_logica]) VALUES (N'25', N'1', N'400', N'2', N'5', N'MMA', N'0')
GO
GO
INSERT INTO [dbo].[clase] ([id_clase], [id_tipo_clase], [precio], [id_profe], [id_ubicacion], [nombre], [baja_logica]) VALUES (N'30', N'3', N'2.2', N'2', N'5', N'Test Clase Longaniza', N'1')
GO
GO
INSERT INTO [dbo].[clase] ([id_clase], [id_tipo_clase], [precio], [id_profe], [id_ubicacion], [nombre], [baja_logica]) VALUES (N'34', N'1', N'2.2', N'2', N'2', N'Test Clase Longaniza 2', N'1')
GO
GO
INSERT INTO [dbo].[clase] ([id_clase], [id_tipo_clase], [precio], [id_profe], [id_ubicacion], [nombre], [baja_logica]) VALUES (N'38', N'2', N'400', N'2', N'4', N'agiles', N'0')
GO
GO
INSERT INTO [dbo].[clase] ([id_clase], [id_tipo_clase], [precio], [id_profe], [id_ubicacion], [nombre], [baja_logica]) VALUES (N'39', N'1', N'400', N'2', N'3', N'MM', N'1')
GO
GO
INSERT INTO [dbo].[clase] ([id_clase], [id_tipo_clase], [precio], [id_profe], [id_ubicacion], [nombre], [baja_logica]) VALUES (N'40', N'1', N'43', N'2', N'2', N'Pepitos2', N'1')
GO
GO
INSERT INTO [dbo].[clase] ([id_clase], [id_tipo_clase], [precio], [id_profe], [id_ubicacion], [nombre], [baja_logica]) VALUES (N'44', N'3', N'0', N'1', N'5', N'Kick Boxing Gim2', N'0')
GO
GO
INSERT INTO [dbo].[clase] ([id_clase], [id_tipo_clase], [precio], [id_profe], [id_ubicacion], [nombre], [baja_logica]) VALUES (N'45', N'1', N'100', N'1', N'2', N'BJJ-Profesional', N'1')
GO
GO
INSERT INTO [dbo].[clase] ([id_clase], [id_tipo_clase], [precio], [id_profe], [id_ubicacion], [nombre], [baja_logica]) VALUES (N'46', N'1', N'300', N'4', N'3', N'JiuJitsu B', N'1')
GO
GO
INSERT INTO [dbo].[clase] ([id_clase], [id_tipo_clase], [precio], [id_profe], [id_ubicacion], [nombre], [baja_logica]) VALUES (N'48', N'1', N'300', N'4', N'3', N'JiuJitsu B', N'1')
GO
GO
INSERT INTO [dbo].[clase] ([id_clase], [id_tipo_clase], [precio], [id_profe], [id_ubicacion], [nombre], [baja_logica]) VALUES (N'49', N'1', N'1', N'6', N'2', N'a', N'1')
GO
GO
INSERT INTO [dbo].[clase] ([id_clase], [id_tipo_clase], [precio], [id_profe], [id_ubicacion], [nombre], [baja_logica]) VALUES (N'50', N'1', N'1000', N'6', N'5', N'Mouse', N'1')
GO
GO
INSERT INTO [dbo].[clase] ([id_clase], [id_tipo_clase], [precio], [id_profe], [id_ubicacion], [nombre], [baja_logica]) VALUES (N'52', N'1', N'100', N'1', N'2', N'agiles', N'1')
GO
GO
SET IDENTITY_INSERT [dbo].[clase] OFF
GO

-- ----------------------------
-- Table structure for detalle_pago_clase
-- ----------------------------
DROP TABLE [dbo].[detalle_pago_clase]
GO
CREATE TABLE [dbo].[detalle_pago_clase] (
[id_detalle] int NOT NULL IDENTITY(1,1) ,
[id_pago_clase] int NULL ,
[monto] decimal(18) NULL ,
[fecha_hora] date NULL ,
[mes] varchar(20) NULL ,
[id_forma_pago] int NOT NULL ,
[recargo] smallint NULL 
)


GO
DBCC CHECKIDENT(N'[dbo].[detalle_pago_clase]', RESEED, 10)
GO

-- ----------------------------
-- Records of detalle_pago_clase
-- ----------------------------
SET IDENTITY_INSERT [dbo].[detalle_pago_clase] ON
GO
INSERT INTO [dbo].[detalle_pago_clase] ([id_detalle], [id_pago_clase], [monto], [fecha_hora], [mes], [id_forma_pago], [recargo]) VALUES (N'1', N'3', N'100', N'2017-07-16', N'Enero', N'1', N'0')
GO
GO
INSERT INTO [dbo].[detalle_pago_clase] ([id_detalle], [id_pago_clase], [monto], [fecha_hora], [mes], [id_forma_pago], [recargo]) VALUES (N'2', N'4', N'100', N'2017-07-16', N'Julio', N'3', N'0')
GO
GO
INSERT INTO [dbo].[detalle_pago_clase] ([id_detalle], [id_pago_clase], [monto], [fecha_hora], [mes], [id_forma_pago], [recargo]) VALUES (N'3', N'5', N'100', N'2017-07-16', N'Noviembre', N'1', N'0')
GO
GO
INSERT INTO [dbo].[detalle_pago_clase] ([id_detalle], [id_pago_clase], [monto], [fecha_hora], [mes], [id_forma_pago], [recargo]) VALUES (N'4', N'6', N'100', N'2017-07-16', N'Agosto', N'3', N'0')
GO
GO
INSERT INTO [dbo].[detalle_pago_clase] ([id_detalle], [id_pago_clase], [monto], [fecha_hora], [mes], [id_forma_pago], [recargo]) VALUES (N'7', N'3', N'200', N'2017-07-16', N'Agosto', N'1', N'0')
GO
GO
INSERT INTO [dbo].[detalle_pago_clase] ([id_detalle], [id_pago_clase], [monto], [fecha_hora], [mes], [id_forma_pago], [recargo]) VALUES (N'8', N'9', N'43', N'2017-07-18', N'Julio', N'1', N'0')
GO
GO
INSERT INTO [dbo].[detalle_pago_clase] ([id_detalle], [id_pago_clase], [monto], [fecha_hora], [mes], [id_forma_pago], [recargo]) VALUES (N'9', N'9', N'43', N'2017-07-18', N'Agosto', N'1', N'0')
GO
GO
INSERT INTO [dbo].[detalle_pago_clase] ([id_detalle], [id_pago_clase], [monto], [fecha_hora], [mes], [id_forma_pago], [recargo]) VALUES (N'10', N'10', N'300', N'2017-07-21', N'Julio', N'3', N'0')
GO
GO
SET IDENTITY_INSERT [dbo].[detalle_pago_clase] OFF
GO

-- ----------------------------
-- Table structure for direccion
-- ----------------------------
DROP TABLE [dbo].[direccion]
GO
CREATE TABLE [dbo].[direccion] (
[id_direccion] int NOT NULL IDENTITY(1,1) ,
[numero] int NULL DEFAULT NULL ,
[calle] nvarchar(50) NULL ,
[barrio] nvarchar(50) NULL ,
[departamento] nvarchar(20) NULL ,
[piso] int NULL ,
[id_ciudad] int NULL 
)


GO
DBCC CHECKIDENT(N'[dbo].[direccion]', RESEED, 36)
GO

-- ----------------------------
-- Records of direccion
-- ----------------------------
SET IDENTITY_INSERT [dbo].[direccion] ON
GO
INSERT INTO [dbo].[direccion] ([id_direccion], [numero], [calle], [barrio], [departamento], [piso], [id_ciudad]) VALUES (N'1', N'123', N'Siempre Viva', N'Siempre Azul', null, null, N'1')
GO
GO
INSERT INTO [dbo].[direccion] ([id_direccion], [numero], [calle], [barrio], [departamento], [piso], [id_ciudad]) VALUES (N'2', N'1373', N'Vieytes', null, N'1', N'1', N'1')
GO
GO
INSERT INTO [dbo].[direccion] ([id_direccion], [numero], [calle], [barrio], [departamento], [piso], [id_ciudad]) VALUES (N'3', N'1', N'Vieytes', null, N'0', N'1', N'1')
GO
GO
INSERT INTO [dbo].[direccion] ([id_direccion], [numero], [calle], [barrio], [departamento], [piso], [id_ciudad]) VALUES (N'4', N'1', N'Vieytes', null, N'0', N'1', N'1')
GO
GO
INSERT INTO [dbo].[direccion] ([id_direccion], [numero], [calle], [barrio], [departamento], [piso], [id_ciudad]) VALUES (N'5', N'2222', N'Avenida Siempre Viva', null, N'', null, N'1')
GO
GO
INSERT INTO [dbo].[direccion] ([id_direccion], [numero], [calle], [barrio], [departamento], [piso], [id_ciudad]) VALUES (N'6', N'1', N'hh', null, N'1', N'1', N'1')
GO
GO
INSERT INTO [dbo].[direccion] ([id_direccion], [numero], [calle], [barrio], [departamento], [piso], [id_ciudad]) VALUES (N'7', N'1', N'444', null, N'0', N'1', N'1')
GO
GO
INSERT INTO [dbo].[direccion] ([id_direccion], [numero], [calle], [barrio], [departamento], [piso], [id_ciudad]) VALUES (N'8', N'1', N'444', null, N'0', N'1', N'1')
GO
GO
INSERT INTO [dbo].[direccion] ([id_direccion], [numero], [calle], [barrio], [departamento], [piso], [id_ciudad]) VALUES (N'9', N'1', N'444', null, N'0', N'1', N'1')
GO
GO
INSERT INTO [dbo].[direccion] ([id_direccion], [numero], [calle], [barrio], [departamento], [piso], [id_ciudad]) VALUES (N'10', N'1', N'444', null, N'0', N'1', N'1')
GO
GO
INSERT INTO [dbo].[direccion] ([id_direccion], [numero], [calle], [barrio], [departamento], [piso], [id_ciudad]) VALUES (N'11', N'1', N'hh', null, N'0', N'1', N'1')
GO
GO
INSERT INTO [dbo].[direccion] ([id_direccion], [numero], [calle], [barrio], [departamento], [piso], [id_ciudad]) VALUES (N'14', N'364', N'Belgrano ', null, N'1', N'1', N'1')
GO
GO
INSERT INTO [dbo].[direccion] ([id_direccion], [numero], [calle], [barrio], [departamento], [piso], [id_ciudad]) VALUES (N'16', N'12', N'Gral Paz', null, N'0', null, N'1')
GO
GO
INSERT INTO [dbo].[direccion] ([id_direccion], [numero], [calle], [barrio], [departamento], [piso], [id_ciudad]) VALUES (N'20', N'243', N'Belgrano', null, N'-', N'1', N'1')
GO
GO
INSERT INTO [dbo].[direccion] ([id_direccion], [numero], [calle], [barrio], [departamento], [piso], [id_ciudad]) VALUES (N'21', N'243', N'Belgrano', null, N'-', N'1', N'1')
GO
GO
INSERT INTO [dbo].[direccion] ([id_direccion], [numero], [calle], [barrio], [departamento], [piso], [id_ciudad]) VALUES (N'22', N'243', N'Belgrano', null, N'-', N'1', N'1')
GO
GO
INSERT INTO [dbo].[direccion] ([id_direccion], [numero], [calle], [barrio], [departamento], [piso], [id_ciudad]) VALUES (N'23', N'243', N'Belgrano', null, N'-', N'1', N'1')
GO
GO
INSERT INTO [dbo].[direccion] ([id_direccion], [numero], [calle], [barrio], [departamento], [piso], [id_ciudad]) VALUES (N'26', N'456', N'Colon', null, N'A', N'2', N'2')
GO
GO
INSERT INTO [dbo].[direccion] ([id_direccion], [numero], [calle], [barrio], [departamento], [piso], [id_ciudad]) VALUES (N'27', N'900', N'Urquiza', null, N'-', N'2', N'5')
GO
GO
INSERT INTO [dbo].[direccion] ([id_direccion], [numero], [calle], [barrio], [departamento], [piso], [id_ciudad]) VALUES (N'28', N'100', N'Gral Paz', null, N'', null, N'2')
GO
GO
INSERT INTO [dbo].[direccion] ([id_direccion], [numero], [calle], [barrio], [departamento], [piso], [id_ciudad]) VALUES (N'29', N'150', N'Gral Paz', null, N'1', N'1', N'2')
GO
GO
INSERT INTO [dbo].[direccion] ([id_direccion], [numero], [calle], [barrio], [departamento], [piso], [id_ciudad]) VALUES (N'35', N'100', N'Velez Sarfield', null, N'', null, N'4')
GO
GO
INSERT INTO [dbo].[direccion] ([id_direccion], [numero], [calle], [barrio], [departamento], [piso], [id_ciudad]) VALUES (N'36', N'888', N'Urquiza', null, N'-', N'1', N'5')
GO
GO
SET IDENTITY_INSERT [dbo].[direccion] OFF
GO

-- ----------------------------
-- Table structure for estado
-- ----------------------------
DROP TABLE [dbo].[estado]
GO
CREATE TABLE [dbo].[estado] (
[id_estado] int NOT NULL IDENTITY(1,1) ,
[nombre] nvarchar(45) NOT NULL 
)


GO
DBCC CHECKIDENT(N'[dbo].[estado]', RESEED, 4)
GO

-- ----------------------------
-- Records of estado
-- ----------------------------
SET IDENTITY_INSERT [dbo].[estado] ON
GO
INSERT INTO [dbo].[estado] ([id_estado], [nombre]) VALUES (N'1', N'InscripcionAbierta')
GO
GO
INSERT INTO [dbo].[estado] ([id_estado], [nombre]) VALUES (N'2', N'InscripcionCerrada')
GO
GO
INSERT INTO [dbo].[estado] ([id_estado], [nombre]) VALUES (N'3', N'EnCurso')
GO
GO
INSERT INTO [dbo].[estado] ([id_estado], [nombre]) VALUES (N'4', N'Finalizado')
GO
GO
SET IDENTITY_INSERT [dbo].[estado] OFF
GO

-- ----------------------------
-- Table structure for faja
-- ----------------------------
DROP TABLE [dbo].[faja]
GO
CREATE TABLE [dbo].[faja] (
[id_faja] int NOT NULL IDENTITY(1,1) ,
[descripcion] nvarchar(45) NULL ,
[id_tipo_clase] int NULL ,
[orden] int NULL 
)


GO
DBCC CHECKIDENT(N'[dbo].[faja]', RESEED, 18)
GO

-- ----------------------------
-- Records of faja
-- ----------------------------
SET IDENTITY_INSERT [dbo].[faja] ON
GO
INSERT INTO [dbo].[faja] ([id_faja], [descripcion], [id_tipo_clase], [orden]) VALUES (N'1', N'Blanco - Grado 1', N'1', N'1')
GO
GO
INSERT INTO [dbo].[faja] ([id_faja], [descripcion], [id_tipo_clase], [orden]) VALUES (N'2', N'Blanco - Grado 2', N'1', N'2')
GO
GO
INSERT INTO [dbo].[faja] ([id_faja], [descripcion], [id_tipo_clase], [orden]) VALUES (N'3', N'Amarillo - Grado 1', N'1', N'5')
GO
GO
INSERT INTO [dbo].[faja] ([id_faja], [descripcion], [id_tipo_clase], [orden]) VALUES (N'4', N'Amarillo - Grado 2', N'1', N'6')
GO
GO
INSERT INTO [dbo].[faja] ([id_faja], [descripcion], [id_tipo_clase], [orden]) VALUES (N'5', N'Naranja - Grado 1', N'1', N'9')
GO
GO
INSERT INTO [dbo].[faja] ([id_faja], [descripcion], [id_tipo_clase], [orden]) VALUES (N'6', N'Verde - Grado 1', N'1', N'10')
GO
GO
INSERT INTO [dbo].[faja] ([id_faja], [descripcion], [id_tipo_clase], [orden]) VALUES (N'7', N'Azul - Grado 1', N'1', N'11')
GO
GO
INSERT INTO [dbo].[faja] ([id_faja], [descripcion], [id_tipo_clase], [orden]) VALUES (N'15', N'1 Khan - Blanco', N'2', N'1')
GO
GO
INSERT INTO [dbo].[faja] ([id_faja], [descripcion], [id_tipo_clase], [orden]) VALUES (N'16', N'2 Khan - Amarillo', N'2', N'2')
GO
GO
INSERT INTO [dbo].[faja] ([id_faja], [descripcion], [id_tipo_clase], [orden]) VALUES (N'17', N'3 Khan - Amarillo y Blanco', N'2', N'3')
GO
GO
INSERT INTO [dbo].[faja] ([id_faja], [descripcion], [id_tipo_clase], [orden]) VALUES (N'18', N'4 Khan - Verde', N'2', N'4')
GO
GO
SET IDENTITY_INSERT [dbo].[faja] OFF
GO

-- ----------------------------
-- Table structure for forma_pago
-- ----------------------------
DROP TABLE [dbo].[forma_pago]
GO
CREATE TABLE [dbo].[forma_pago] (
[id_forma_pago] int NOT NULL IDENTITY(1,1) ,
[nombre] nvarchar(40) NULL 
)


GO
DBCC CHECKIDENT(N'[dbo].[forma_pago]', RESEED, 3)
GO

-- ----------------------------
-- Records of forma_pago
-- ----------------------------
SET IDENTITY_INSERT [dbo].[forma_pago] ON
GO
INSERT INTO [dbo].[forma_pago] ([id_forma_pago], [nombre]) VALUES (N'1', N'Tarjeta de Crdito')
GO
GO
INSERT INTO [dbo].[forma_pago] ([id_forma_pago], [nombre]) VALUES (N'2', N'Tarjeta de Dbito')
GO
GO
INSERT INTO [dbo].[forma_pago] ([id_forma_pago], [nombre]) VALUES (N'3', N'Efectivo')
GO
GO
SET IDENTITY_INSERT [dbo].[forma_pago] OFF
GO

-- ----------------------------
-- Table structure for horario
-- ----------------------------
DROP TABLE [dbo].[horario]
GO
CREATE TABLE [dbo].[horario] (
[id_horario] int NOT NULL IDENTITY(1,1) ,
[nombre_dia] varchar(9) NULL ,
[hora_desde] varchar(20) NULL ,
[hora_hasta] varchar(20) NULL ,
[id_clase] int NULL ,
[dia] int NULL 
)


GO
DBCC CHECKIDENT(N'[dbo].[horario]', RESEED, 122)
GO

-- ----------------------------
-- Records of horario
-- ----------------------------
SET IDENTITY_INSERT [dbo].[horario] ON
GO
INSERT INTO [dbo].[horario] ([id_horario], [nombre_dia], [hora_desde], [hora_hasta], [id_clase], [dia]) VALUES (N'5', N'Lunes', N'12:00', N'13:00', N'9', N'0')
GO
GO
INSERT INTO [dbo].[horario] ([id_horario], [nombre_dia], [hora_desde], [hora_hasta], [id_clase], [dia]) VALUES (N'6', N'Mircoles', N'18:00', N'19:30', N'12', N'2')
GO
GO
INSERT INTO [dbo].[horario] ([id_horario], [nombre_dia], [hora_desde], [hora_hasta], [id_clase], [dia]) VALUES (N'9', N'Martes', N'18:30', N'20:00', N'15', N'1')
GO
GO
INSERT INTO [dbo].[horario] ([id_horario], [nombre_dia], [hora_desde], [hora_hasta], [id_clase], [dia]) VALUES (N'10', N'Martes', N'18:30', N'20:00', N'16', N'1')
GO
GO
INSERT INTO [dbo].[horario] ([id_horario], [nombre_dia], [hora_desde], [hora_hasta], [id_clase], [dia]) VALUES (N'11', N'Jueves', N'12:00', N'14:00', N'17', N'3')
GO
GO
INSERT INTO [dbo].[horario] ([id_horario], [nombre_dia], [hora_desde], [hora_hasta], [id_clase], [dia]) VALUES (N'13', N'Sbado', N'14:00', N'15:00', N'18', N'5')
GO
GO
INSERT INTO [dbo].[horario] ([id_horario], [nombre_dia], [hora_desde], [hora_hasta], [id_clase], [dia]) VALUES (N'14', N'Jueves', N'14:00', N'15:00', N'18', N'3')
GO
GO
INSERT INTO [dbo].[horario] ([id_horario], [nombre_dia], [hora_desde], [hora_hasta], [id_clase], [dia]) VALUES (N'15', N'Jueves', N'12:00', N'13:00', N'19', N'3')
GO
GO
INSERT INTO [dbo].[horario] ([id_horario], [nombre_dia], [hora_desde], [hora_hasta], [id_clase], [dia]) VALUES (N'16', N'Viernes', N'12:00', N'13:00', N'19', N'4')
GO
GO
INSERT INTO [dbo].[horario] ([id_horario], [nombre_dia], [hora_desde], [hora_hasta], [id_clase], [dia]) VALUES (N'20', N'Lunes', N'12:00', N'15:00', N'23', N'0')
GO
GO
INSERT INTO [dbo].[horario] ([id_horario], [nombre_dia], [hora_desde], [hora_hasta], [id_clase], [dia]) VALUES (N'22', N'Lunes', N'18:30', N'20:00', N'25', N'0')
GO
GO
INSERT INTO [dbo].[horario] ([id_horario], [nombre_dia], [hora_desde], [hora_hasta], [id_clase], [dia]) VALUES (N'35', N'Mircoles', N'12:00', N'13:00', N'38', N'2')
GO
GO
INSERT INTO [dbo].[horario] ([id_horario], [nombre_dia], [hora_desde], [hora_hasta], [id_clase], [dia]) VALUES (N'36', N'Viernes', N'14:00', N'15:30', N'38', N'4')
GO
GO
INSERT INTO [dbo].[horario] ([id_horario], [nombre_dia], [hora_desde], [hora_hasta], [id_clase], [dia]) VALUES (N'37', N'Lunes', N'18:30', N'20:00', N'39', N'0')
GO
GO
INSERT INTO [dbo].[horario] ([id_horario], [nombre_dia], [hora_desde], [hora_hasta], [id_clase], [dia]) VALUES (N'51', N'Lunes', N'10:00', N'12:00', N'13', N'0')
GO
GO
INSERT INTO [dbo].[horario] ([id_horario], [nombre_dia], [hora_desde], [hora_hasta], [id_clase], [dia]) VALUES (N'55', N'Lunes', N'10:00', N'12:00', N'24', N'0')
GO
GO
INSERT INTO [dbo].[horario] ([id_horario], [nombre_dia], [hora_desde], [hora_hasta], [id_clase], [dia]) VALUES (N'58', N'Lunes', N'10:00', N'11:30', N'38', N'0')
GO
GO
INSERT INTO [dbo].[horario] ([id_horario], [nombre_dia], [hora_desde], [hora_hasta], [id_clase], [dia]) VALUES (N'72', N'Lunes', N'12:00', N'15:00', N'22', N'0')
GO
GO
INSERT INTO [dbo].[horario] ([id_horario], [nombre_dia], [hora_desde], [hora_hasta], [id_clase], [dia]) VALUES (N'73', N'Viernes', N'17:00', N'18:00', N'22', N'4')
GO
GO
INSERT INTO [dbo].[horario] ([id_horario], [nombre_dia], [hora_desde], [hora_hasta], [id_clase], [dia]) VALUES (N'89', N'Lunes', N'10:00', N'11:00', N'44', N'0')
GO
GO
INSERT INTO [dbo].[horario] ([id_horario], [nombre_dia], [hora_desde], [hora_hasta], [id_clase], [dia]) VALUES (N'90', N'Jueves', N'10:00', N'11:00', N'44', N'3')
GO
GO
INSERT INTO [dbo].[horario] ([id_horario], [nombre_dia], [hora_desde], [hora_hasta], [id_clase], [dia]) VALUES (N'104', N'Jueves', N'12:00', N'13:00', N'2', N'3')
GO
GO
INSERT INTO [dbo].[horario] ([id_horario], [nombre_dia], [hora_desde], [hora_hasta], [id_clase], [dia]) VALUES (N'107', N'Mircoles', N'12:00', N'13:00', N'40', N'2')
GO
GO
INSERT INTO [dbo].[horario] ([id_horario], [nombre_dia], [hora_desde], [hora_hasta], [id_clase], [dia]) VALUES (N'108', N'Martes', N'12:00', N'13:00', N'40', N'1')
GO
GO
INSERT INTO [dbo].[horario] ([id_horario], [nombre_dia], [hora_desde], [hora_hasta], [id_clase], [dia]) VALUES (N'109', N'Jueves', N'18:00', N'19:30', N'14', N'3')
GO
GO
INSERT INTO [dbo].[horario] ([id_horario], [nombre_dia], [hora_desde], [hora_hasta], [id_clase], [dia]) VALUES (N'110', N'Domingo', N'10:00', N'12:00', N'14', N'6')
GO
GO
INSERT INTO [dbo].[horario] ([id_horario], [nombre_dia], [hora_desde], [hora_hasta], [id_clase], [dia]) VALUES (N'113', N'Mircoles', N'14:30', N'16:00', N'20', N'2')
GO
GO
INSERT INTO [dbo].[horario] ([id_horario], [nombre_dia], [hora_desde], [hora_hasta], [id_clase], [dia]) VALUES (N'114', N'Lunes', N'22:00', N'23:00', N'45', N'0')
GO
GO
INSERT INTO [dbo].[horario] ([id_horario], [nombre_dia], [hora_desde], [hora_hasta], [id_clase], [dia]) VALUES (N'116', N'Mircoles', N'21:30', N'23:30', N'1', N'2')
GO
GO
INSERT INTO [dbo].[horario] ([id_horario], [nombre_dia], [hora_desde], [hora_hasta], [id_clase], [dia]) VALUES (N'120', N'Martes', N'13:00', N'14:00', N'49', N'1')
GO
GO
INSERT INTO [dbo].[horario] ([id_horario], [nombre_dia], [hora_desde], [hora_hasta], [id_clase], [dia]) VALUES (N'121', N'Domingo', N'21:00', N'21:30', N'50', N'6')
GO
GO
INSERT INTO [dbo].[horario] ([id_horario], [nombre_dia], [hora_desde], [hora_hasta], [id_clase], [dia]) VALUES (N'122', N'Domingo', N'21:30', N'22:30', N'52', N'6')
GO
GO
SET IDENTITY_INSERT [dbo].[horario] OFF
GO

-- ----------------------------
-- Table structure for inscripcion
-- ----------------------------
DROP TABLE [dbo].[inscripcion]
GO
CREATE TABLE [dbo].[inscripcion] (
[id_inscripcion] int NOT NULL IDENTITY(1,1) ,
[hora] varchar(20) NULL DEFAULT NULL ,
[fecha] date NULL DEFAULT NULL ,
[codigo_barra] bigint NULL DEFAULT NULL ,
[id_participante] int NULL DEFAULT NULL ,
[id_torneo] int NULL DEFAULT NULL ,
[id_categoria] int NULL DEFAULT NULL ,
[peso] float(53) NULL ,
[id_faja] int NULL 
)


GO
DBCC CHECKIDENT(N'[dbo].[inscripcion]', RESEED, 10)
GO

-- ----------------------------
-- Records of inscripcion
-- ----------------------------
SET IDENTITY_INSERT [dbo].[inscripcion] ON
GO
INSERT INTO [dbo].[inscripcion] ([id_inscripcion], [hora], [fecha], [codigo_barra], [id_participante], [id_torneo], [id_categoria], [peso], [id_faja]) VALUES (N'3', N'12:23', N'2017-05-10', null, N'5', N'1', N'1', null, null)
GO
GO
INSERT INTO [dbo].[inscripcion] ([id_inscripcion], [hora], [fecha], [codigo_barra], [id_participante], [id_torneo], [id_categoria], [peso], [id_faja]) VALUES (N'4', N'05:42 p. m.', N'2017-05-12', N'123456789', N'9', N'1', N'6', N'56', null)
GO
GO
INSERT INTO [dbo].[inscripcion] ([id_inscripcion], [hora], [fecha], [codigo_barra], [id_participante], [id_torneo], [id_categoria], [peso], [id_faja]) VALUES (N'5', N'11:12 AM', N'2017-05-16', N'123456789', N'10', N'1', N'7', N'67', null)
GO
GO
INSERT INTO [dbo].[inscripcion] ([id_inscripcion], [hora], [fecha], [codigo_barra], [id_participante], [id_torneo], [id_categoria], [peso], [id_faja]) VALUES (N'6', N'11:13 AM', N'2017-05-16', N'123456789', N'11', N'9', N'8', N'57', null)
GO
GO
INSERT INTO [dbo].[inscripcion] ([id_inscripcion], [hora], [fecha], [codigo_barra], [id_participante], [id_torneo], [id_categoria], [peso], [id_faja]) VALUES (N'7', N'04:23 PM', N'2017-05-21', N'123456789', N'12', N'1', N'9', N'56', null)
GO
GO
INSERT INTO [dbo].[inscripcion] ([id_inscripcion], [hora], [fecha], [codigo_barra], [id_participante], [id_torneo], [id_categoria], [peso], [id_faja]) VALUES (N'8', N'04:20 PM', N'2017-05-28', N'123456789', N'13', N'1', N'10', N'53', null)
GO
GO
INSERT INTO [dbo].[inscripcion] ([id_inscripcion], [hora], [fecha], [codigo_barra], [id_participante], [id_torneo], [id_categoria], [peso], [id_faja]) VALUES (N'9', null, null, null, N'20', N'1', N'17', N'87', null)
GO
GO
INSERT INTO [dbo].[inscripcion] ([id_inscripcion], [hora], [fecha], [codigo_barra], [id_participante], [id_torneo], [id_categoria], [peso], [id_faja]) VALUES (N'10', N'09:59 AM', N'2017-06-10', N'123456789', N'21', N'10', N'18', N'53', null)
GO
GO
SET IDENTITY_INSERT [dbo].[inscripcion] OFF
GO

-- ----------------------------
-- Table structure for inscripcion_clase
-- ----------------------------
DROP TABLE [dbo].[inscripcion_clase]
GO
CREATE TABLE [dbo].[inscripcion_clase] (
[id_inscripcion] int NOT NULL IDENTITY(1,1) ,
[fecha] datetime NULL ,
[hora] varchar(15) NULL ,
[id_clase] int NULL ,
[id_alumno] int NULL 
)


GO
DBCC CHECKIDENT(N'[dbo].[inscripcion_clase]', RESEED, 20)
GO

-- ----------------------------
-- Records of inscripcion_clase
-- ----------------------------
SET IDENTITY_INSERT [dbo].[inscripcion_clase] ON
GO
INSERT INTO [dbo].[inscripcion_clase] ([id_inscripcion], [fecha], [hora], [id_clase], [id_alumno]) VALUES (N'2', N'2017-06-26 00:19:39.000', N'12:19 a. m.', N'20', N'18')
GO
GO
INSERT INTO [dbo].[inscripcion_clase] ([id_inscripcion], [fecha], [hora], [id_clase], [id_alumno]) VALUES (N'3', N'2017-06-02 00:48:17.423', N'12:48 a. m.', N'15', N'18')
GO
GO
INSERT INTO [dbo].[inscripcion_clase] ([id_inscripcion], [fecha], [hora], [id_clase], [id_alumno]) VALUES (N'4', N'2017-06-02 00:52:50.457', N'12:52 a. m.', N'19', N'18')
GO
GO
INSERT INTO [dbo].[inscripcion_clase] ([id_inscripcion], [fecha], [hora], [id_clase], [id_alumno]) VALUES (N'5', N'2017-06-02 09:47:21.870', N'9:47 AM', N'15', N'20')
GO
GO
INSERT INTO [dbo].[inscripcion_clase] ([id_inscripcion], [fecha], [hora], [id_clase], [id_alumno]) VALUES (N'6', N'2017-06-02 14:49:39.683', N'14:49', N'17', N'18')
GO
GO
INSERT INTO [dbo].[inscripcion_clase] ([id_inscripcion], [fecha], [hora], [id_clase], [id_alumno]) VALUES (N'7', N'2017-06-02 14:40:44.400', N'2:40 PM', N'36', N'18')
GO
GO
INSERT INTO [dbo].[inscripcion_clase] ([id_inscripcion], [fecha], [hora], [id_clase], [id_alumno]) VALUES (N'8', N'2017-06-02 15:26:00.220', N'3:26 PM', N'24', N'18')
GO
GO
INSERT INTO [dbo].[inscripcion_clase] ([id_inscripcion], [fecha], [hora], [id_clase], [id_alumno]) VALUES (N'9', N'2017-06-02 15:31:54.287', N'3:31 PM', N'13', N'18')
GO
GO
INSERT INTO [dbo].[inscripcion_clase] ([id_inscripcion], [fecha], [hora], [id_clase], [id_alumno]) VALUES (N'10', N'2017-06-02 15:33:36.210', N'3:33 PM', N'12', N'18')
GO
GO
INSERT INTO [dbo].[inscripcion_clase] ([id_inscripcion], [fecha], [hora], [id_clase], [id_alumno]) VALUES (N'11', N'2017-06-02 15:36:03.273', N'3:36 PM', N'14', N'18')
GO
GO
INSERT INTO [dbo].[inscripcion_clase] ([id_inscripcion], [fecha], [hora], [id_clase], [id_alumno]) VALUES (N'12', N'2017-06-02 19:37:37.687', N'19:37', N'9', N'18')
GO
GO
INSERT INTO [dbo].[inscripcion_clase] ([id_inscripcion], [fecha], [hora], [id_clase], [id_alumno]) VALUES (N'13', N'2017-06-02 15:37:56.633', N'3:37 PM', N'22', N'18')
GO
GO
INSERT INTO [dbo].[inscripcion_clase] ([id_inscripcion], [fecha], [hora], [id_clase], [id_alumno]) VALUES (N'14', N'2017-06-02 15:54:54.563', N'3:54 PM', N'38', N'18')
GO
GO
INSERT INTO [dbo].[inscripcion_clase] ([id_inscripcion], [fecha], [hora], [id_clase], [id_alumno]) VALUES (N'15', N'2017-06-10 07:01:03.410', N'7:01 AM', N'25', N'18')
GO
GO
INSERT INTO [dbo].[inscripcion_clase] ([id_inscripcion], [fecha], [hora], [id_clase], [id_alumno]) VALUES (N'16', N'2017-06-10 07:29:05.927', N'7:29 AM', N'37', N'18')
GO
GO
INSERT INTO [dbo].[inscripcion_clase] ([id_inscripcion], [fecha], [hora], [id_clase], [id_alumno]) VALUES (N'17', N'2017-06-10 07:32:02.583', N'7:32 AM', N'25', N'17')
GO
GO
INSERT INTO [dbo].[inscripcion_clase] ([id_inscripcion], [fecha], [hora], [id_clase], [id_alumno]) VALUES (N'18', N'2017-07-09 16:17:18.770', N'16:17', N'15', N'14')
GO
GO
INSERT INTO [dbo].[inscripcion_clase] ([id_inscripcion], [fecha], [hora], [id_clase], [id_alumno]) VALUES (N'19', N'2017-07-09 16:17:44.620', N'16:17', N'21', N'14')
GO
GO
INSERT INTO [dbo].[inscripcion_clase] ([id_inscripcion], [fecha], [hora], [id_clase], [id_alumno]) VALUES (N'20', N'2017-07-18 12:39:49.173', N'12:39 PM', N'46', N'39')
GO
GO
SET IDENTITY_INSERT [dbo].[inscripcion_clase] OFF
GO

-- ----------------------------
-- Table structure for lucha
-- ----------------------------
DROP TABLE [dbo].[lucha]
GO
CREATE TABLE [dbo].[lucha] (
[id_lucha] int NOT NULL IDENTITY(1,1) ,
[id_participante1] int NOT NULL ,
[id_participante2] int NOT NULL ,
[id_resultado] int NULL DEFAULT NULL ,
[ronda] int NULL DEFAULT NULL ,
[id_torneo] int NULL DEFAULT NULL 
)


GO

-- ----------------------------
-- Records of lucha
-- ----------------------------
SET IDENTITY_INSERT [dbo].[lucha] ON
GO
SET IDENTITY_INSERT [dbo].[lucha] OFF
GO

-- ----------------------------
-- Table structure for pago_clase
-- ----------------------------
DROP TABLE [dbo].[pago_clase]
GO
CREATE TABLE [dbo].[pago_clase] (
[id_pago_clase] int NOT NULL IDENTITY(1,1) ,
[id_alumno] int NULL ,
[id_clase] int NULL 
)


GO
DBCC CHECKIDENT(N'[dbo].[pago_clase]', RESEED, 10)
GO

-- ----------------------------
-- Records of pago_clase
-- ----------------------------
SET IDENTITY_INSERT [dbo].[pago_clase] ON
GO
INSERT INTO [dbo].[pago_clase] ([id_pago_clase], [id_alumno], [id_clase]) VALUES (N'3', N'11', N'1')
GO
GO
INSERT INTO [dbo].[pago_clase] ([id_pago_clase], [id_alumno], [id_clase]) VALUES (N'4', N'37', N'20')
GO
GO
INSERT INTO [dbo].[pago_clase] ([id_pago_clase], [id_alumno], [id_clase]) VALUES (N'5', N'17', N'17')
GO
GO
INSERT INTO [dbo].[pago_clase] ([id_pago_clase], [id_alumno], [id_clase]) VALUES (N'6', N'17', N'25')
GO
GO
INSERT INTO [dbo].[pago_clase] ([id_pago_clase], [id_alumno], [id_clase]) VALUES (N'9', N'18', N'20')
GO
GO
INSERT INTO [dbo].[pago_clase] ([id_pago_clase], [id_alumno], [id_clase]) VALUES (N'10', N'39', N'46')
GO
GO
SET IDENTITY_INSERT [dbo].[pago_clase] OFF
GO

-- ----------------------------
-- Table structure for pais
-- ----------------------------
DROP TABLE [dbo].[pais]
GO
CREATE TABLE [dbo].[pais] (
[nombre] nvarchar(30) NULL ,
[id_pais] int NOT NULL IDENTITY(1,1) 
)


GO

-- ----------------------------
-- Records of pais
-- ----------------------------
SET IDENTITY_INSERT [dbo].[pais] ON
GO
INSERT INTO [dbo].[pais] ([nombre], [id_pais]) VALUES (N'Argentina', N'1')
GO
GO
SET IDENTITY_INSERT [dbo].[pais] OFF
GO

-- ----------------------------
-- Table structure for parametro
-- ----------------------------
DROP TABLE [dbo].[parametro]
GO
CREATE TABLE [dbo].[parametro] (
[id_parametro] int NOT NULL IDENTITY(1,1) ,
[nombre] nvarchar(40) NULL ,
[valor] decimal(18) NOT NULL 
)


GO

-- ----------------------------
-- Records of parametro
-- ----------------------------
SET IDENTITY_INSERT [dbo].[parametro] ON
GO
INSERT INTO [dbo].[parametro] ([id_parametro], [nombre], [valor]) VALUES (N'1', N'Recargo', N'100')
GO
GO
SET IDENTITY_INSERT [dbo].[parametro] OFF
GO

-- ----------------------------
-- Table structure for participante
-- ----------------------------
DROP TABLE [dbo].[participante]
GO
CREATE TABLE [dbo].[participante] (
[id_participante] int NOT NULL IDENTITY(1,1) ,
[nombre] nvarchar(45) NOT NULL ,
[apellido] nvarchar(45) NOT NULL ,
[fecha_nacimiento] date NULL DEFAULT NULL ,
[sexo] smallint NULL DEFAULT NULL ,
[dni] int NOT NULL ,
[id_alumno] int NULL 
)


GO
DBCC CHECKIDENT(N'[dbo].[participante]', RESEED, 21)
GO

-- ----------------------------
-- Records of participante
-- ----------------------------
SET IDENTITY_INSERT [dbo].[participante] ON
GO
INSERT INTO [dbo].[participante] ([id_participante], [nombre], [apellido], [fecha_nacimiento], [sexo], [dni], [id_alumno]) VALUES (N'5', N'Juan ', N'Perez', N'1999-06-23', N'0', N'3541543', null)
GO
GO
INSERT INTO [dbo].[participante] ([id_participante], [nombre], [apellido], [fecha_nacimiento], [sexo], [dni], [id_alumno]) VALUES (N'9', N'asdgahh', N'ahsdhfas', N'1994-01-01', N'0', N'3246', null)
GO
GO
INSERT INTO [dbo].[participante] ([id_participante], [nombre], [apellido], [fecha_nacimiento], [sexo], [dni], [id_alumno]) VALUES (N'10', N'Juliancito', N'Peron', N'1999-01-01', N'1', N'23441', null)
GO
GO
INSERT INTO [dbo].[participante] ([id_participante], [nombre], [apellido], [fecha_nacimiento], [sexo], [dni], [id_alumno]) VALUES (N'11', N'Jebus', N'De Nahas', N'2000-01-01', N'1', N'36112', null)
GO
GO
INSERT INTO [dbo].[participante] ([id_participante], [nombre], [apellido], [fecha_nacimiento], [sexo], [dni], [id_alumno]) VALUES (N'12', N'Luciana', N'Moll', N'1994-01-01', N'0', N'677888', null)
GO
GO
INSERT INTO [dbo].[participante] ([id_participante], [nombre], [apellido], [fecha_nacimiento], [sexo], [dni], [id_alumno]) VALUES (N'13', N'Luciana', N'Moll', N'1994-01-01', N'0', N'12345678', null)
GO
GO
INSERT INTO [dbo].[participante] ([id_participante], [nombre], [apellido], [fecha_nacimiento], [sexo], [dni], [id_alumno]) VALUES (N'20', N'Josesito', N'Paez', N'1994-01-01', N'1', N'38214947', null)
GO
GO
INSERT INTO [dbo].[participante] ([id_participante], [nombre], [apellido], [fecha_nacimiento], [sexo], [dni], [id_alumno]) VALUES (N'21', N'Luciana', N'Moll', N'1994-01-01', N'0', N'12345612', null)
GO
GO
SET IDENTITY_INSERT [dbo].[participante] OFF
GO

-- ----------------------------
-- Table structure for profesor
-- ----------------------------
DROP TABLE [dbo].[profesor]
GO
CREATE TABLE [dbo].[profesor] (
[id_profesor] int NOT NULL IDENTITY(1,1) ,
[nombre] nvarchar(50) NOT NULL ,
[apellido] nvarchar(50) NOT NULL ,
[fecha_nacimiento] date NULL ,
[sexo] smallint NULL ,
[dni] int NOT NULL ,
[telefono] bigint NOT NULL ,
[mail] nvarchar(80) NOT NULL ,
[telefono_emergencia] bigint NOT NULL ,
[id_usuario] int NULL ,
[fecha_ingreso] date NOT NULL ,
[id_direccion] int NULL 
)


GO
DBCC CHECKIDENT(N'[dbo].[profesor]', RESEED, 6)
GO

-- ----------------------------
-- Records of profesor
-- ----------------------------
SET IDENTITY_INSERT [dbo].[profesor] ON
GO
INSERT INTO [dbo].[profesor] ([id_profesor], [nombre], [apellido], [fecha_nacimiento], [sexo], [dni], [telefono], [mail], [telefono_emergencia], [id_usuario], [fecha_ingreso], [id_direccion]) VALUES (N'1', N'Gerardo', N'Sofovich', N'1990-07-14', N'1', N'5678', N'123', N'gs@gmail.com', N'1231', N'6', N'2017-07-09', N'23')
GO
GO
INSERT INTO [dbo].[profesor] ([id_profesor], [nombre], [apellido], [fecha_nacimiento], [sexo], [dni], [telefono], [mail], [telefono_emergencia], [id_usuario], [fecha_ingreso], [id_direccion]) VALUES (N'2', N'Mirtha', N'Legrand', N'1900-07-10', N'0', N'1', N'123', N'ml@gmail.com', N'1231', N'7', N'2017-07-09', N'23')
GO
GO
INSERT INTO [dbo].[profesor] ([id_profesor], [nombre], [apellido], [fecha_nacimiento], [sexo], [dni], [telefono], [mail], [telefono_emergencia], [id_usuario], [fecha_ingreso], [id_direccion]) VALUES (N'4', N'Susana', N'Gimenez', N'1989-01-17', N'0', N'43242', N'3333333', N'sg@gmail.com', N'3333333', N'11', N'2017-07-11', null)
GO
GO
INSERT INTO [dbo].[profesor] ([id_profesor], [nombre], [apellido], [fecha_nacimiento], [sexo], [dni], [telefono], [mail], [telefono_emergencia], [id_usuario], [fecha_ingreso], [id_direccion]) VALUES (N'6', N'Chino', N'Leunis', N'1980-07-18', N'1', N'789', N'123', N'33333@hh.com', N'1231', N'16', N'2017-07-18', N'28')
GO
GO
SET IDENTITY_INSERT [dbo].[profesor] OFF
GO

-- ----------------------------
-- Table structure for profesor_imagen
-- ----------------------------
DROP TABLE [dbo].[profesor_imagen]
GO
CREATE TABLE [dbo].[profesor_imagen] (
[id_profesorimagen] int NOT NULL IDENTITY(1,1) ,
[imagen] binary(8000) NULL ,
[id_profesor] int NULL 
)


GO
DBCC CHECKIDENT(N'[dbo].[profesor_imagen]', RESEED, 6)
GO

-- ----------------------------
-- Records of profesor_imagen
-- ----------------------------
SET IDENTITY_INSERT [dbo].[profesor_imagen] ON
GO
INSERT INTO [dbo].[profesor_imagen] ([id_profesorimagen], [imagen], [id_profesor]) VALUES (N'1', 0x0000000000000000000000000000000000000000000000000000000000000000000000000000000000000000000000000000000000000000000000000000000000000000000000000000000000000000000000000000000000000000000000000000000000000000000000000000000000000000000000000000000000000000000000000000000000000000000000000000000000000000000000000000000000000000000000000000000000000000000000000000000000000000000000000000000000000000000000000000000000000000000000000000000000000000000000000000000000000000000000000000000000000000000000000000000000000000000000000000000000000000000000000000000000000000000000000000000000000000000000000000000000000000000000000000000000000000000000000000000000000000000000000000000000000000000000000000000000000000000000000000000000000000000000000000000000000000000000000000000000000000000000000000000000000000000000000000000000000000000000000000000000000000000000000000000000000000000000000000000000000000000000000000000000000000000000000000000000000000000000000000000000000000000000000000000000000000000000000000000000000000000000000000000000000000000000000000000000000000000000000000000000000000000000000000000000000000000000000000000000000000000000000000000000000000000000000000000000000000000000000000000000000000000000000000000000000000000000000000000000000000000000000000000000000000000000000000000000000000000000000000000000000000000000000000000000000000000000000000000000000000000000000000000000000000000000000000000000000000000000000000000000000000000000000000000000000000000000000000000000000000000000000000000000000000000000000000000000000000000000000000000000000000000000000000000000000000000000000000000000000000000000000000000000000000000000000000000000000000000000000000000000000000000000000000000000000000000000000000000000000000000000000000000000000000000000000000000000000000000000000000000000000000000000000000000000000000000000000000000000000000000000000000000000000000000000000000000000000000000000000000000000000000000000000000000000000000000000000000000000000000000000000000000000000000000000000000000000000000000000000000000000000000000000000000000000000000000000000000000000000000000000000000000000000000000000000000000000000000000000000000000000000000000000000000000000000000000000000000000000000000000000000000000000000000000000000000000000000000000000000000000000000000000000000000000000000000000000000000000000000000000000000000000000000000000000000000000000000000000000000000000000000000000000000000000000000000000000000000000000000000000000000000000000000000000000000000000000000000000000000000000000000000000000000000000000000000000000000000000000000000000000000000000000000000000000000000000000000000000000000000000000000000000000000000000000000000000000000000000000000000000000000000000000000000000000000000000000000000000000000000000000000000000000000000000000000000000000000000000000000000000000000000000000000000000000000000000000000000000000000000000000000000000000000000000000000000000000000000000000000000000000000000000000000000000000000000000000000000000000000000000000000000000000000000000000000000000000000000000000000000000000000000000000000000000000000000000000000000000000000000000000000000000000000000000000000000000000000000000000000000000000000000000000000000000000000000000000000000000000000000000000000000000000000000000000000000000000000000000000000000000000000000000000000000000000000000000000000000000000000000000000000000000000000000000000000000000000000000000000000000000000000000000000000000000000000000000000000000000000000000000000000000000000000000000000000000000000000000000000000000000000000000000000000000000000000000000000000000000000000000000000000000000000000000000000000000000000000000000000000000000000000000000000000000000000000000000000000000000000000000000000000000000000000000000000000000000000000000000000000000000000000000000000000000000000000000000000000000000000000000000000000000000000000000000000000000000000000000000000000000000000000000000000000000000000000000000000000000000000000000000000000000000000000000000000000000000000000000000000000000000000000000000000000000000000000000000000000000000000000000000000000000000000000000000000000000000000000000000000000000000000000000000000000000000000000000000000000000000000000000000000000000000000000000000000000000000000000000000000000000000000000000000000000000000000000000000000000000000000000000000000000000000000000000000000000000000000000000000000000000000000000000000000000000000000000000000000000000000000000000000000000000000000000000000000000000000000000000000000000000000000000000000000000000000000000000000000000000000000000000000000000000000000000000000000000000000000000000000000000000000000000000000000000000000000000000000000000000000000000000000000000000000000000000000000000000000000000000000000000000000000000000000000000000000000000000000000000000000000000000000000000000000000000000000000000000000000000000000000000000000000000000000000000000000000000000000000000000000000000000000000000000000000000000000000000000000000000000000000000000000000000000000000000000000000000000000000000000000000000000000000000000000000000000000000000000000000000000000000000000000000000000000000000000000000000000000000000000000000000000000000000000000000000000000000000000000000000000000000000000000000000000000000000000000000000000000000000000000000000000000000000000000000000000000000000000000000000000000000000000000000000000000000000000000000000000000000000000000000000000000000000000000000000000000000000000000000000000000000000000000000000000000000000000000000000000000000000000000000000000000000000000000000000000000000000000000000000000000000000000000000000000000000000000000000000000000000000000000000000000000000000000000000000000000000000000000000000000000000000000000000000000000000000000000000000000000000000000000000000000000000000000000000000000000000000000000000000000000000000000000000000000000000000000000000000000000000000000000000000000000000000000000000000000000000000000000000000000000000000000000000000000000000000000000000000000000000000000000000000000000000000000000000000000000000000000000000000000000000000000000000000000000000000000000000000000000000000000000000000000000000000000000000000000000000000000000000000000000000000000000000000000000000000000000000000000000000000000000000000000000000000000000000000000000000000000000000000000000000000000000000000000000000000000000000000000000000000000000000000000000000000000000000000000000000000000000000000000000000000000000000000000000000000000000000000000000000000000000000000000000000000000000000000000000000000000000000000000000000000000000000000000000000000000000000000000000000000000000000000000000000000000000000000000000000000000000000000000000000000000000000000000000000000000000000000000000000000000000000000000000000000000000000000000000000000000000000000000000000000000000000000000000000000000000000000000000000000000000000000000000000000000000000000000000000000000000000000000000000000000000000000000000000000000000000000000000000000000000000000000000000000000000000000000000000000000000000000000000000000000000000000000000000000000000000000000000000000000000000000000000000000000000000000000000000000000000000000000000000000000000000000000000000000000000000000000000000000000000000000000000000000000000000000000000000000000000000000000000000000000000000000000000000000000000000000000000000000000000000000000000000000000000000000000000000000000000000000000000000000000000000000000000000000000000000000000000000000000000000000000000000000000000000000000000000000000000000000000000000000000000000000000000000000000000000000000000000000000000000000000000000000000000000000000000000000000000000000000000000000000000000000000000000000000000000000000000000000000000000000000000000000000000000000000000000000000000000000000000000000000000000000000000000000000000000000000000000000000000000000000000000000000000000000000000000000000000000000000000000000000000000000000000000000000000000000000000000000000000000000000000000000000000000000000000000000000000000000000000000000000000000000000000000000000000000000000000000000000000000000000000000000000000000000000000000000000000000000000000000000000000000000000000000000000000000000000000000000000000000000000000000000000000000000000000000000000000000000000000000000000000000000000000000000000000000000000000000000000000000000000000000000000000000000000000000000000000000000000000000000000000000000000000000000000000000000000000000000000000000000000000000000000000000000000000000000000000000000000000000000000000000000000000000000000000000000000000000000000000000000000000000000000000000000000000000000000000000000000000000000000000000000000000000000000000000000000000000000000000000000000000000000000000000000000000000000000000000000000000000000000000000000000000000000000000000000000000000000000000000000000000000000000000000000000000000000000000000000000000000000000000000000000000000000000000000000000000000000000000000000000000000000000000000000000000000000000000000000000000000000000000000000000000000000000000000000000000000000000000000000000000000000000000000000000000000000000000000000000000000000000000000000000000000000000000000000000000000000000000000000000000000000000000000000000000000000000000000000000000000000000000000000000000000000000000000000000000000000000000000000000000000000000000000000000000000000000000000000000000000000000000000000000000000000000000000000000000000000000000000000000000000000000000000000000000000000000000000000000000000000000000000000000000000000000000000000000000000000000000000000000000000000000000000000000000000000000000000000000000000000000000000000000000000000000000000000000000000000000000000000000000000000000000000000000000000000000000000000000000000000000000000000000000000000000000000000000000000000000000000000000000000000000000000000000000000000000000000000000000000000000000000000000000000000000000000000000000000000000000000000000000000000000000000000000000000000000000000000000000000000000000000000000000000000000000000000000000000000000000000000000000000000000000000000000000000000000000000000000000000000000000000000000000000000000000000000000000000000000000000000000000000000000000000000000000000000000000000000000000000000000000000000000000000000000000000000000000000000000000000000000000000000000000000000000000000000000000000000000000000000000000000000000000000000000000000000000000000000000000000000000000000000000000000000000000000000000000000000000000000000000000000000000000000000000000000000000000000000000000000000000000000000000000000000000000000000000000000000000000000000000000000000000000000000000000000000000000000000000000000000000000000000000000000000000000000000000000000000000000000000000000000000000000000000000000000000000000000000000000000000000000000000000000000000000000000000000000000000000000000000000000000000000000000000000000000000000000000000000000000000000000000000000000000000000000000000000000000000000000000000000000000000000000000000000000000000000000000000000000000000000000000000000000000000000000000000000000000000000000000000000000000000000000000000000000000000000000000000000000000000000000000000000000000000000000000000000000000000000000000000000000000000000000000000000000000000000000000000000000000000000000000000000000000000000000000000000000000000000000000000000000000000000000000000000000000000000000000000000000000000000000000000000000000000000000000000000000000000000000000000000000000000000000000000000000000000000000000000000000000000000000000000000000000000000000000000000000000000000000000000000000000000000000000000000000000000000000000000000000000000000000000000000000000000000000000000000000000000000000000000000000000000000000000000000000000000000000000000000000000000000000000000000000000000000000000000000000000000000000000000000000000000000000000000000000000000000000000000000000000000000000000000000000000000000000000000000000000000000000000000000000000000000000000000000000000000000000000000000000000000000000000000000000000000000000000000000000000000000000000000000000000000000000000000000000000000000000000000000000000000000000000000000000000000000000000000000000000000000000000000000000000000000000000000000000000000000000000000000000000000000000000000000000000000000000000000000000000000000000000000000000000000000000000000000000000000000000000000000000000000000000000000000000000000000000000000000000000000000000000000000000000000000000000000000000000000000000000000000000000000000000000000000000000000000000000000000000000000000000000000000000000000000000000000000000000000000000000000000000000000000000000000000000000000000000000000000000000000000000000000000000000000000000000000000000000000000000000000000000000000000000000000000000000000000000000000000000000000000000000000000000000000000000000000000000000000000000000000000000000000000000000000000000000000000000000000000000000000000000000000000000000000000000000000000000000000000000000000000000000000000000000000000000000000000000000000000000000000000000000000000000000000000000000000000000000000000000000000000000000000000000000000000000000000000000000000000000000000000000000000000000000000000000000000000000000000000000000000000000000000000000000000000000000000000000000000000000000000000000000000000000000000000000000000000000000000000000000000000000000000000000000000000000000000000000000000000000000000000000000000000000000000000000000000000000000000000000000000000000000000000000000000000000000000000000000000000000000000000000000000000000000000000000000000000000000000000000000000000000000000000000000000000000000000000000000000000000000000000000000000000000000000000000000000000000000000000000000000000000000000000000000000000000000000000000000000000000000000000000000000000000000000000000000000000000000000000000000000000000000000000000000000000000000000000000000000000000000000000000000000000000000000000000000000000000000000000000000000000000000000000000000000000000000000000000000000000000000000000000000000000000000000000000000000000000000000000000000000000000000000000000000000000000000000000000000000000000000000000000000000000000000000000000000000000000000000000000000000000000000000000000000000000000000000000000000000000000000000000000000000000000000000000000000000000000000000000000000000000000000000000000000000000000000000000000000000000000000000000000000000000000000000000000000000000000000000000000000000000000000000000000000000000000000000000000000000000000000000000000000000000000000000000000000000000000000000000000000000000000000000000000000000000000000000000000000000000000000000000000000000000000000000000000000000000000000000000000000000000000000000000000000000000000000000000000000000000000000000000000000000000000000000000000000000000000000000000000000000000000000000000000000000000000000000000000000000000000000000000000000000000000000000000000000000000000000000000000000000000000000000000000000000000000000000000000000000000000000000000000000000000000000000000000000000000000000000000000000000000000000000000000000000000000000000000000000000000000000000000000000000000000000000000000000000000000000000000000000000000000000000000000000000000000000000000000000000000000000000000000000000000000000000000000000000000000000000000000000000000000000000000000000000000000000000000000000000000000000000000000000000000000000000000000000000000000000000000000000000000000000000000000000000000000000000000000000000000000000000000000000000000000000000000000000000000000000000000000000000000000000000000000000000000000000000000000000000000000000000000000000000000000000000000000000000000000000000000000000000000000000000000000000000000000000000000000000000000000000000000000000000000000000000000000000000000000000000000000000000000000000000000000000000000000000000000000000000000000000000000000000000000000000000000000000000000000000000000000000000000000000000000000000000000000000000000000000000000000000000000000000000000000000000000000000000000000000000000000000000000000000000000000000000000000000000000000000000000000000000000000000000000000000000000000000000000000000000000000000000000000000000000000000000000000000000000000000000000, N'1')
GO
GO
INSERT INTO [dbo].[profesor_imagen] ([id_profesorimagen], [imagen], [id_profesor]) VALUES (N'2', 0x0000000000000000000000000000000000000000000000000000000000000000000000000000000000000000000000000000000000000000000000000000000000000000000000000000000000000000000000000000000000000000000000000000000000000000000000000000000000000000000000000000000000000000000000000000000000000000000000000000000000000000000000000000000000000000000000000000000000000000000000000000000000000000000000000000000000000000000000000000000000000000000000000000000000000000000000000000000000000000000000000000000000000000000000000000000000000000000000000000000000000000000000000000000000000000000000000000000000000000000000000000000000000000000000000000000000000000000000000000000000000000000000000000000000000000000000000000000000000000000000000000000000000000000000000000000000000000000000000000000000000000000000000000000000000000000000000000000000000000000000000000000000000000000000000000000000000000000000000000000000000000000000000000000000000000000000000000000000000000000000000000000000000000000000000000000000000000000000000000000000000000000000000000000000000000000000000000000000000000000000000000000000000000000000000000000000000000000000000000000000000000000000000000000000000000000000000000000000000000000000000000000000000000000000000000000000000000000000000000000000000000000000000000000000000000000000000000000000000000000000000000000000000000000000000000000000000000000000000000000000000000000000000000000000000000000000000000000000000000000000000000000000000000000000000000000000000000000000000000000000000000000000000000000000000000000000000000000000000000000000000000000000000000000000000000000000000000000000000000000000000000000000000000000000000000000000000000000000000000000000000000000000000000000000000000000000000000000000000000000000000000000000000000000000000000000000000000000000000000000000000000000000000000000000000000000000000000000000000000000000000000000000000000000000000000000000000000000000000000000000000000000000000000000000000000000000000000000000000000000000000000000000000000000000000000000000000000000000000000000000000000000000000000000000000000000000000000000000000000000000000000000000000000000000000000000000000000000000000000000000000000000000000000000000000000000000000000000000000000000000000000000000000000000000000000000000000000000000000000000000000000000000000000000000000000000000000000000000000000000000000000000000000000000000000000000000000000000000000000000000000000000000000000000000000000000000000000000000000000000000000000000000000000000000000000000000000000000000000000000000000000000000000000000000000000000000000000000000000000000000000000000000000000000000000000000000000000000000000000000000000000000000000000000000000000000000000000000000000000000000000000000000000000000000000000000000000000000000000000000000000000000000000000000000000000000000000000000000000000000000000000000000000000000000000000000000000000000000000000000000000000000000000000000000000000000000000000000000000000000000000000000000000000000000000000000000000000000000000000000000000000000000000000000000000000000000000000000000000000000000000000000000000000000000000000000000000000000000000000000000000000000000000000000000000000000000000000000000000000000000000000000000000000000000000000000000000000000000000000000000000000000000000000000000000000000000000000000000000000000000000000000000000000000000000000000000000000000000000000000000000000000000000000000000000000000000000000000000000000000000000000000000000000000000000000000000000000000000000000000000000000000000000000000000000000000000000000000000000000000000000000000000000000000000000000000000000000000000000000000000000000000000000000000000000000000000000000000000000000000000000000000000000000000000000000000000000000000000000000000000000000000000000000000000000000000000000000000000000000000000000000000000000000000000000000000000000000000000000000000000000000000000000000000000000000000000000000000000000000000000000000000000000000000000000000000000000000000000000000000000000000000000000000000000000000000000000000000000000000000000000000000000000000000000000000000000000000000000000000000000000000000000000000000000000000000000000000000000000000000000000000000000000000000000000000000000000000000000000000000000000000000000000000000000000000000000000000000000000000000000000000000000000000000000000000000000000000000000000000000000000000000000000000000000000000000000000000000000000000000000000000000000000000000000000000000000000000000000000000000000000000000000000000000000000000000000000000000000000000000000000000000000000000000000000000000000000000000000000000000000000000000000000000000000000000000000000000000000000000000000000000000000000000000000000000000000000000000000000000000000000000000000000000000000000000000000000000000000000000000000000000000000000000000000000000000000000000000000000000000000000000000000000000000000000000000000000000000000000000000000000000000000000000000000000000000000000000000000000000000000000000000000000000000000000000000000000000000000000000000000000000000000000000000000000000000000000000000000000000000000000000000000000000000000000000000000000000000000000000000000000000000000000000000000000000000000000000000000000000000000000000000000000000000000000000000000000000000000000000000000000000000000000000000000000000000000000000000000000000000000000000000000000000000000000000000000000000000000000000000000000000000000000000000000000000000000000000000000000000000000000000000000000000000000000000000000000000000000000000000000000000000000000000000000000000000000000000000000000000000000000000000000000000000000000000000000000000000000000000000000000000000000000000000000000000000000000000000000000000000000000000000000000000000000000000000000000000000000000000000000000000000000000000000000000000000000000000000000000000000000000000000000000000000000000000000000000000000000000000000000000000000000000000000000000000000000000000000000000000000000000000000000000000000000000000000000000000000000000000000000000000000000000000000000000000000000000000000000000000000000000000000000000000000000000000000000000000000000000000000000000000000000000000000000000000000000000000000000000000000000000000000000000000000000000000000000000000000000000000000000000000000000000000000000000000000000000000000000000000000000000000000000000000000000000000000000000000000000000000000000000000000000000000000000000000000000000000000000000000000000000000000000000000000000000000000000000000000000000000000000000000000000000000000000000000000000000000000000000000000000000000000000000000000000000000000000000000000000000000000000000000000000000000000000000000000000000000000000000000000000000000000000000000000000000000000000000000000000000000000000000000000000000000000000000000000000000000000000000000000000000000000000000000000000000000000000000000000000000000000000000000000000000000000000000000000000000000000000000000000000000000000000000000000000000000000000000000000000000000000000000000000000000000000000000000000000000000000000000000000000000000000000000000000000000000000000000000000000000000000000000000000000000000000000000000000000000000000000000000000000000000000000000000000000000000000000000000000000000000000000000000000000000000000000000000000000000000000000000000000000000000000000000000000000000000000000000000000000000000000000000000000000000000000000000000000000000000000000000000000000000000000000000000000000000000000000000000000000000000000000000000000000000000000000000000000000000000000000000000000000000000000000000000000000000000000000000000000000000000000000000000000000000000000000000000000000000000000000000000000000000000000000000000000000000000000000000000000000000000000000000000000000000000000000000000000000000000000000000000000000000000000000000000000000000000000000000000000000000000000000000000000000000000000000000000000000000000000000000000000000000000000000000000000000000000000000000000000000000000000000000000000000000000000000000000000000000000000000000000000000000000000000000000000000000000000000000000000000000000000000000000000000000000000000000000000000000000000000000000000000000000000000000000000000000000000000000000000000000000000000000000000000000000000000000000000000000000000000000000000000000000000000000000000000000000000000000000000000000000000000000000000000000000000000000000000000000000000000000000000000000000000000000000000000000000000000000000000000000000000000000000000000000000000000000000000000000000000000000000000000000000000000000000000000000000000000000000000000000000000000000000000000000000000000000000000000000000000000000000000000000000000000000000000000000000000000000000000000000000000000000000000000000000000000000000000000000000000000000000000000000000000000000000000000000000000000000000000000000000000000000000000000000000000000000000000000000000000000000000000000000000000000000000000000000000000000000000000000000000000000000000000000000000000000000000000000000000000000000000000000000000000000000000000000000000000000000000000000000000000000000000000000000000000000000000000000000000000000000000000000000000000000000000000000000000000000000000000000000000000000000000000000000000000000000000000000000000000000000000000000000000000000000000000000000000000000000000000000000000000000000000000000000000000000000000000000000000000000000000000000000000000000000000000000000000000000000000000000000000000000000000000000000000000000000000000000000000000000000000000000000000000000000000000000000000000000000000000000000000000000000000000000000000000000000000000000000000000000000000000000000000000000000000000000000000000000000000000000000000000000000000000000000000000000000000000000000000000000000000000000000000000000000000000000000000000000000000000000000000000000000000000000000000000000000000000000000000000000000000000000000000000000000000000000000000000000000000000000000000000000000000000000000000000000000000000000000000000000000000000000000000000000000000000000000000000000000000000000000000000000000000000000000000000000000000000000000000000000000000000000000000000000000000000000000000000000000000000000000000000000000000000000000000000000000000000000000000000000000000000000000000000000000000000000000000000000000000000000000000000000000000000000000000000000000000000000000000000000000000000000000000000000000000000000000000000000000000000000000000000000000000000000000000000000000000000000000000000000000000000000000000000000000000000000000000000000000000000000000000000000000000000000000000000000000000000000000000000000000000000000000000000000000000000000000000000000000000000000000000000000000000000000000000000000000000000000000000000000000000000000000000000000000000000000000000000000000000000000000000000000000000000000000000000000000000000000000000000000000000000000000000000000000000000000000000000000000000000000000000000000000000000000000000000000000000000000000000000000000000000000000000000000000000000000000000000000000000000000000000000000000000000000000000000000000000000000000000000000000000000000000000000000000000000000000000000000000000000000000000000000000000000000000000000000000000000000000000000000000000000000000000000000000000000000000000000000000000000000000000000000000000000000000000000000000000000000000000000000000000000000000000000000000000000000000000000000000000000000000000000000000000000000000000000000000000000000000000000000000000000000000000000000000000000000000000000000000000000000000000000000000000000000000000000000000000000000000000000000000000000000000000000000000000000000000000000000000000000000000000000000000000000000000000000000000000000000000000000000000000000000000000000000000000000000000000000000000000000000000000000000000000000000000000000000000000000000000000000000000000000000000000000000000000000000000000000000000000000000000000000000000000000000000000000000000000000000000000000000000000000000000000000000000000000000000000000000000000000000000000000000000000000000000000000000000000000000000000000000000000000000000000000000000000000000000000000000000000000000000000000000000000000000000000000000000000000000000000000000000000000000000000000000000000000000000000000000000000000000000000000000000000000000000000000000000000000000000000000000000000000000000000000000000000000000000000000000000000000000000000000000000000000000000000000000000000000000000000000000000000000000000000000000000000000000000000000000000000000000000000000000000000000000000000000000000000000000000000000000000000000000000000000000000000000000000000000000000000000000000000000000000000000000000000000000000000000000000000000000000000000000000000000000000000000000000000000000000000000000000000000000000000000000000000000000000000000000000000000000000000000000000000000000000000000000000000000000000000000000000000000000000000000000000000000000000000000000000000000000000000000000000000000000000000000000000000000000000000000000000000000000000000000000000000000000000000000000000000000000000000000000000000000000000000000000000000000000000000000000000000000000000000000000000000000000000000000000000000000000000000000000000000000000000000000000000000000000000000000000000000000000000000000000000000000000000000000000000000000000000000000000000000000000000000000000000000000000000000000000000000000000000000000000000000000000000000000000000000000000000000000000000000000000000000000000000000000000000000000000000000000000000000000000000000000000000000000000000000000000000000000000000000000000000000000000000000000000000000000000000000000000000000000000000000000000000000000000000000000000000000000000000000000000000000000000000000000000000000000000000000000000000000000000000000000000000000000000000000000000000000000000000000000000000000000000000000000000000000000000000000000000000000000000000000000000000000000000000000000000000000000000000000000000000000000000000000000000000000000000000000000000000000000000000000000000000000000000000000000000000000000000000000000000000000000000000000000000000000000000000000000000000000000000000000000000000000000000000000000000000000000000000000000000000000000000000000000000000000000000000000000000000000000000000000000000000000000000000000000000000000000000000000000000000000000000000000000000000000000000000000000000000000000000000000000000000000000000000000000000000000000000000000000000000000000000000000000000000000000000000000000000000000000000000000000000000000000000000000000000000000000000000000000000000000000000000000000000000000000000000000000000000000000000000000000000000000000000000000000000000000000000000000000000000000000000000000000000000000000000000000000000000000000000000000000000000000000000000000000000000000000000000000000000000000000000000000000000000000000000000000000000000000000000000000000000000000000000000000000000000000000000000000000000000000000000000000000000000000000000000000000000000000000000000000000000000000000000000000000000000000000000000000000000000000000000000000000000000000000000000000000000000000000000000000000000000000000000000000000000000000000000000000000000000000000000000000000000000000000000000000000000000000000000000000000000000000000000000000000000000000000000000000000000000000000000000000000000000000000000000000000000000000000000000000000000000000000000000000000000000000000000000000000000000000000000000000000000000000000000000000000000000000000000000000000000000000000000000000000000000000000000000000000000000000000000000000000000000000000000000000000000000000000000000000000000000000000000000000000000000000000000000000000000000000000000000000000000000000000000000000000000000000000000000000000000000000000000000000000000000000000000000000000000000000000000000000000000000000000000000000000000000000000000000000000000000000000000000000000000000000000000000000000000000000000000000000000000000000000000000000000000000000000000000000000000000000000000000000000000000000000000000000000000000000000000000000000000000000000000000000000000000000000000000000000000000000000000000000000000000000000000000000000000000000000000000000000000000000000000000000000000000000000000000000000000000000000000000000000000000000000000000000000000000000000000000000000000000000, N'2')
GO
GO
INSERT INTO [dbo].[profesor_imagen] ([id_profesorimagen], [imagen], [id_profesor]) VALUES (N'4', 0x0000000000000000000000000000000000000000000000000000000000000000000000000000000000000000000000000000000000000000000000000000000000000000000000000000000000000000000000000000000000000000000000000000000000000000000000000000000000000000000000000000000000000000000000000000000000000000000000000000000000000000000000000000000000000000000000000000000000000000000000000000000000000000000000000000000000000000000000000000000000000000000000000000000000000000000000000000000000000000000000000000000000000000000000000000000000000000000000000000000000000000000000000000000000000000000000000000000000000000000000000000000000000000000000000000000000000000000000000000000000000000000000000000000000000000000000000000000000000000000000000000000000000000000000000000000000000000000000000000000000000000000000000000000000000000000000000000000000000000000000000000000000000000000000000000000000000000000000000000000000000000000000000000000000000000000000000000000000000000000000000000000000000000000000000000000000000000000000000000000000000000000000000000000000000000000000000000000000000000000000000000000000000000000000000000000000000000000000000000000000000000000000000000000000000000000000000000000000000000000000000000000000000000000000000000000000000000000000000000000000000000000000000000000000000000000000000000000000000000000000000000000000000000000000000000000000000000000000000000000000000000000000000000000000000000000000000000000000000000000000000000000000000000000000000000000000000000000000000000000000000000000000000000000000000000000000000000000000000000000000000000000000000000000000000000000000000000000000000000000000000000000000000000000000000000000000000000000000000000000000000000000000000000000000000000000000000000000000000000000000000000000000000000000000000000000000000000000000000000000000000000000000000000000000000000000000000000000000000000000000000000000000000000000000000000000000000000000000000000000000000000000000000000000000000000000000000000000000000000000000000000000000000000000000000000000000000000000000000000000000000000000000000000000000000000000000000000000000000000000000000000000000000000000000000000000000000000000000000000000000000000000000000000000000000000000000000000000000000000000000000000000000000000000000000000000000000000000000000000000000000000000000000000000000000000000000000000000000000000000000000000000000000000000000000000000000000000000000000000000000000000000000000000000000000000000000000000000000000000000000000000000000000000000000000000000000000000000000000000000000000000000000000000000000000000000000000000000000000000000000000000000000000000000000000000000000000000000000000000000000000000000000000000000000000000000000000000000000000000000000000000000000000000000000000000000000000000000000000000000000000000000000000000000000000000000000000000000000000000000000000000000000000000000000000000000000000000000000000000000000000000000000000000000000000000000000000000000000000000000000000000000000000000000000000000000000000000000000000000000000000000000000000000000000000000000000000000000000000000000000000000000000000000000000000000000000000000000000000000000000000000000000000000000000000000000000000000000000000000000000000000000000000000000000000000000000000000000000000000000000000000000000000000000000000000000000000000000000000000000000000000000000000000000000000000000000000000000000000000000000000000000000000000000000000000000000000000000000000000000000000000000000000000000000000000000000000000000000000000000000000000000000000000000000000000000000000000000000000000000000000000000000000000000000000000000000000000000000000000000000000000000000000000000000000000000000000000000000000000000000000000000000000000000000000000000000000000000000000000000000000000000000000000000000000000000000000000000000000000000000000000000000000000000000000000000000000000000000000000000000000000000000000000000000000000000000000000000000000000000000000000000000000000000000000000000000000000000000000000000000000000000000000000000000000000000000000000000000000000000000000000000000000000000000000000000000000000000000000000000000000000000000000000000000000000000000000000000000000000000000000000000000000000000000000000000000000000000000000000000000000000000000000000000000000000000000000000000000000000000000000000000000000000000000000000000000000000000000000000000000000000000000000000000000000000000000000000000000000000000000000000000000000000000000000000000000000000000000000000000000000000000000000000000000000000000000000000000000000000000000000000000000000000000000000000000000000000000000000000000000000000000000000000000000000000000000000000000000000000000000000000000000000000000000000000000000000000000000000000000000000000000000000000000000000000000000000000000000000000000000000000000000000000000000000000000000000000000000000000000000000000000000000000000000000000000000000000000000000000000000000000000000000000000000000000000000000000000000000000000000000000000000000000000000000000000000000000000000000000000000000000000000000000000000000000000000000000000000000000000000000000000000000000000000000000000000000000000000000000000000000000000000000000000000000000000000000000000000000000000000000000000000000000000000000000000000000000000000000000000000000000000000000000000000000000000000000000000000000000000000000000000000000000000000000000000000000000000000000000000000000000000000000000000000000000000000000000000000000000000000000000000000000000000000000000000000000000000000000000000000000000000000000000000000000000000000000000000000000000000000000000000000000000000000000000000000000000000000000000000000000000000000000000000000000000000000000000000000000000000000000000000000000000000000000000000000000000000000000000000000000000000000000000000000000000000000000000000000000000000000000000000000000000000000000000000000000000000000000000000000000000000000000000000000000000000000000000000000000000000000000000000000000000000000000000000000000000000000000000000000000000000000000000000000000000000000000000000000000000000000000000000000000000000000000000000000000000000000000000000000000000000000000000000000000000000000000000000000000000000000000000000000000000000000000000000000000000000000000000000000000000000000000000000000000000000000000000000000000000000000000000000000000000000000000000000000000000000000000000000000000000000000000000000000000000000000000000000000000000000000000000000000000000000000000000000000000000000000000000000000000000000000000000000000000000000000000000000000000000000000000000000000000000000000000000000000000000000000000000000000000000000000000000000000000000000000000000000000000000000000000000000000000000000000000000000000000000000000000000000000000000000000000000000000000000000000000000000000000000000000000000000000000000000000000000000000000000000000000000000000000000000000000000000000000000000000000000000000000000000000000000000000000000000000000000000000000000000000000000000000000000000000000000000000000000000000000000000000000000000000000000000000000000000000000000000000000000000000000000000000000000000000000000000000000000000000000000000000000000000000000000000000000000000000000000000000000000000000000000000000000000000000000000000000000000000000000000000000000000000000000000000000000000000000000000000000000000000000000000000000000000000000000000000000000000000000000000000000000000000000000000000000000000000000000000000000000000000000000000000000000000000000000000000000000000000000000000000000000000000000000000000000000000000000000000000000000000000000000000000000000000000000000000000000000000000000000000000000000000000000000000000000000000000000000000000000000000000000000000000000000000000000000000000000000000000000000000000000000000000000000000000000000000000000000000000000000000000000000000000000000000000000000000000000000000000000000000000000000000000000000000000000000000000000000000000000000000000000000000000000000000000000000000000000000000000000000000000000000000000000000000000000000000000000000000000000000000000000000000000000000000000000000000000000000000000000000000000000000000000000000000000000000000000000000000000000000000000000000000000000000000000000000000000000000000000000000000000000000000000000000000000000000000000000000000000000000000000000000000000000000000000000000000000000000000000000000000000000000000000000000000000000000000000000000000000000000000000000000000000000000000000000000000000000000000000000000000000000000000000000000000000000000000000000000000000000000000000000000000000000000000000000000000000000000000000000000000000000000000000000000000000000000000000000000000000000000000000000000000000000000000000000000000000000000000000000000000000000000000000000000000000000000000000000000000000000000000000000000000000000000000000000000000000000000000000000000000000000000000000000000000000000000000000000000000000000000000000000000000000000000000000000000000000000000000000000000000000000000000000000000000000000000000000000000000000000000000000000000000000000000000000000000000000000000000000000000000000000000000000000000000000000000000000000000000000000000000000000000000000000000000000000000000000000000000000000000000000000000000000000000000000000000000000000000000000000000000000000000000000000000000000000000000000000000000000000000000000000000000000000000000000000000000000000000000000000000000000000000000000000000000000000000000000000000000000000000000000000000000000000000000000000000000000000000000000000000000000000000000000000000000000000000000000000000000000000000000000000000000000000000000000000000000000000000000000000000000000000000000000000000000000000000000000000000000000000000000000000000000000000000000000000000000000000000000000000000000000000000000000000000000000000000000000000000000000000000000000000000000000000000000000000000000000000000000000000000000000000000000000000000000000000000000000000000000000000000000000000000000000000000000000000000000000000000000000000000000000000000000000000000000000000000000000000000000000000000000000000000000000000000000000000000000000000000000000000000000000000000000000000000000000000000000000000000000000000000000000000000000000000000000000000000000000000000000000000000000000000000000000000000000000000000000000000000000000000000000000000000000000000000000000000000000000000000000000000000000000000000000000000000000000000000000000000000000000000000000000000000000000000000000000000000000000000000000000000000000000000000000000000000000000000000000000000000000000000000000000000000000000000000000000000000000000000000000000000000000000000000000000000000000000000000000000000000000000000000000000000000000000000000000000000000000000000000000000000000000000000000000000000000000000000000000000000000000000000000000000000000000000000000000000000000000000000000000000000000000000000000000000000000000000000000000000000000000000000000000000000000000000000000000000000000000000000000000000000000000000000000000000000000000000000000000000000000000000000000000000000000000000000000000000000000000000000000000000000000000000000000000000000000000000000000000000000000000000000000000000000000000000000000000000000000000000000000000000000000000000000000000000000000000000000000000000000000000000000000000000000000000000000000000000000000000000000000000000000000000000000000000000000000000000000000000000000000000000000000000000000000000000000000000000000000000000000000000000000000000000000000000000000000000000000000000000000000000000000000000000000000000000000000000000000000000000000000000000000000000000000000000000000000000000000000000000000000000000000000000000000000000000000000000000000000000000000000000000000000000000000000000000000000000000000000000000000000000000000000000000000000000000000000000000000000000000000000000000000000000000000000000000000000000000000000000000000000000000000000000000000000000000000000000000000000000000000000000000000000000000000000000000000000000000000000000000000000000000000000000000000000000000000000000000000000000000000000000000000000000000000000000000000000000000000000000000000000000000000000000000000000000000000000000000000000000000000000000000000000000000000000000000000000000000000000000000000000000000000000000000000000000000000000000000000000000000000000000000000000000000000000000000000000000000000000000000000000000000000000000000000000000000000000000000000000000000000000000000000000000000000000000000000000000000000000000000000000000000000000000000000000000000000000000000000000000000000000000000000000000000000000000000000000000000000000000000000000000000000000000000000000000000000000000000000000000000000000000000000000000000000000000000000000000000000000000000000000000000000000000000000000000000000000000000000000000000000000000000000000000000000000000000000000000000000000000000000000000000000000000000000000000000000000000000000000000000000000000000000000000000000000000000000000000000000000000000000000000000000000000000000000000000000000000000000000000000000000000000000000000000000000000000000000000000000000000000000000000000000000000000000000000000000000000000000000000000000000000000000000000000000000000000000000000000000000000000000000000000000000000000000000000000000000000000000000000000000000000000000000000000000000000000000000000000000000000000000000000000000000000000000000000000000000000000000000000000000000000000000000000000000000000000000000000000000000000000000000000000000000000000000000000000000000000000000000000000000000000000000000000000000000000000000000000000000000000000000000000000000000000000000000000000000000000000000000000000000000000000000000000000000000000000000000000000000000000000000000000000000000000000000000000000000000000000000000000000000000000000000000000000000000000000000000000000000000000000000000000000000000000000000000000000000000000000000000000000000000000000000000000000000000000000000000000000000000000000000000000000000000000000000000000000000000000000000000000000000000000000000000000000000000000000000000000000000000000000000000000000000000000000000000000000000000000000000000000000000000000000000000000000000000000000000000000000000000000000000000000000000000000000000000000000000000000000000000000000000000000000000000000000000000000000000000000000000000000000000000000000000000000000000000000000000000000000000000000000000000000000000000000000000000000000000000000000000000000000000000000000000000000000000000000000000000000000000000000000000000000000000000000000000000000000000000000000000000000000000000000000000000000000000000000000000000000000000000000000000000000000000000000000000000000000000000000000000000000000000000000000000000000000000000000000000000000000000000000000000000000000000000000000000000000000000000000000000000000000000000000000000000000000000000000000000000000000000000000000000000000000000000000000000000000000000000000000000000000000000000000000000000000000000000000000000000000000000000000000000000000000000000000000000000000000000000000000000000000000000000000000000000000000000000000000000000000000000000000000000000000000000000000000000000000000000000000000000000000000000000000000000000000000000000000000000000000000000000000000000000000000000000000000000000000000000000000000000000000000000000000000000000000000000000000000000000000000000000000000000000000000000000000000000000000000000000000000000000000000000000000000000000000000000000000000000000000000000000000000000000000000000000000000000000000000000000000000000000000000000000000000000000000000000000000000000000000000000000000000000000000000000000000000000000000000000000000000000000000000000000000000000000000000000000000000000000000000000000000000000000000000000000000000000000000000000000000000000000000000000000000000000000000000000000000000000000000000000000000000000000000000000000000000000000000000000000000000000000000000000000000000000000000000000000000000000000000000000000000000000000000000000000000000000000000000000000000000000000000000000000000000000000000000000000000000000000000000000000000000000000000000000000000000000000000000000000000000000000000000000000000000000000000000000000000000000000000000000000000000000000000000000000000, N'4')
GO
GO
INSERT INTO [dbo].[profesor_imagen] ([id_profesorimagen], [imagen], [id_profesor]) VALUES (N'6', 0x0000000000000000000000000000000000000000000000000000000000000000000000000000000000000000000000000000000000000000000000000000000000000000000000000000000000000000000000000000000000000000000000000000000000000000000000000000000000000000000000000000000000000000000000000000000000000000000000000000000000000000000000000000000000000000000000000000000000000000000000000000000000000000000000000000000000000000000000000000000000000000000000000000000000000000000000000000000000000000000000000000000000000000000000000000000000000000000000000000000000000000000000000000000000000000000000000000000000000000000000000000000000000000000000000000000000000000000000000000000000000000000000000000000000000000000000000000000000000000000000000000000000000000000000000000000000000000000000000000000000000000000000000000000000000000000000000000000000000000000000000000000000000000000000000000000000000000000000000000000000000000000000000000000000000000000000000000000000000000000000000000000000000000000000000000000000000000000000000000000000000000000000000000000000000000000000000000000000000000000000000000000000000000000000000000000000000000000000000000000000000000000000000000000000000000000000000000000000000000000000000000000000000000000000000000000000000000000000000000000000000000000000000000000000000000000000000000000000000000000000000000000000000000000000000000000000000000000000000000000000000000000000000000000000000000000000000000000000000000000000000000000000000000000000000000000000000000000000000000000000000000000000000000000000000000000000000000000000000000000000000000000000000000000000000000000000000000000000000000000000000000000000000000000000000000000000000000000000000000000000000000000000000000000000000000000000000000000000000000000000000000000000000000000000000000000000000000000000000000000000000000000000000000000000000000000000000000000000000000000000000000000000000000000000000000000000000000000000000000000000000000000000000000000000000000000000000000000000000000000000000000000000000000000000000000000000000000000000000000000000000000000000000000000000000000000000000000000000000000000000000000000000000000000000000000000000000000000000000000000000000000000000000000000000000000000000000000000000000000000000000000000000000000000000000000000000000000000000000000000000000000000000000000000000000000000000000000000000000000000000000000000000000000000000000000000000000000000000000000000000000000000000000000000000000000000000000000000000000000000000000000000000000000000000000000000000000000000000000000000000000000000000000000000000000000000000000000000000000000000000000000000000000000000000000000000000000000000000000000000000000000000000000000000000000000000000000000000000000000000000000000000000000000000000000000000000000000000000000000000000000000000000000000000000000000000000000000000000000000000000000000000000000000000000000000000000000000000000000000000000000000000000000000000000000000000000000000000000000000000000000000000000000000000000000000000000000000000000000000000000000000000000000000000000000000000000000000000000000000000000000000000000000000000000000000000000000000000000000000000000000000000000000000000000000000000000000000000000000000000000000000000000000000000000000000000000000000000000000000000000000000000000000000000000000000000000000000000000000000000000000000000000000000000000000000000000000000000000000000000000000000000000000000000000000000000000000000000000000000000000000000000000000000000000000000000000000000000000000000000000000000000000000000000000000000000000000000000000000000000000000000000000000000000000000000000000000000000000000000000000000000000000000000000000000000000000000000000000000000000000000000000000000000000000000000000000000000000000000000000000000000000000000000000000000000000000000000000000000000000000000000000000000000000000000000000000000000000000000000000000000000000000000000000000000000000000000000000000000000000000000000000000000000000000000000000000000000000000000000000000000000000000000000000000000000000000000000000000000000000000000000000000000000000000000000000000000000000000000000000000000000000000000000000000000000000000000000000000000000000000000000000000000000000000000000000000000000000000000000000000000000000000000000000000000000000000000000000000000000000000000000000000000000000000000000000000000000000000000000000000000000000000000000000000000000000000000000000000000000000000000000000000000000000000000000000000000000000000000000000000000000000000000000000000000000000000000000000000000000000000000000000000000000000000000000000000000000000000000000000000000000000000000000000000000000000000000000000000000000000000000000000000000000000000000000000000000000000000000000000000000000000000000000000000000000000000000000000000000000000000000000000000000000000000000000000000000000000000000000000000000000000000000000000000000000000000000000000000000000000000000000000000000000000000000000000000000000000000000000000000000000000000000000000000000000000000000000000000000000000000000000000000000000000000000000000000000000000000000000000000000000000000000000000000000000000000000000000000000000000000000000000000000000000000000000000000000000000000000000000000000000000000000000000000000000000000000000000000000000000000000000000000000000000000000000000000000000000000000000000000000000000000000000000000000000000000000000000000000000000000000000000000000000000000000000000000000000000000000000000000000000000000000000000000000000000000000000000000000000000000000000000000000000000000000000000000000000000000000000000000000000000000000000000000000000000000000000000000000000000000000000000000000000000000000000000000000000000000000000000000000000000000000000000000000000000000000000000000000000000000000000000000000000000000000000000000000000000000000000000000000000000000000000000000000000000000000000000000000000000000000000000000000000000000000000000000000000000000000000000000000000000000000000000000000000000000000000000000000000000000000000000000000000000000000000000000000000000000000000000000000000000000000000000000000000000000000000000000000000000000000000000000000000000000000000000000000000000000000000000000000000000000000000000000000000000000000000000000000000000000000000000000000000000000000000000000000000000000000000000000000000000000000000000000000000000000000000000000000000000000000000000000000000000000000000000000000000000000000000000000000000000000000000000000000000000000000000000000000000000000000000000000000000000000000000000000000000000000000000000000000000000000000000000000000000000000000000000000000000000000000000000000000000000000000000000000000000000000000000000000000000000000000000000000000000000000000000000000000000000000000000000000000000000000000000000000000000000000000000000000000000000000000000000000000000000000000000000000000000000000000000000000000000000000000000000000000000000000000000000000000000000000000000000000000000000000000000000000000000000000000000000000000000000000000000000000000000000000000000000000000000000000000000000000000000000000000000000000000000000000000000000000000000000000000000000000000000000000000000000000000000000000000000000000000000000000000000000000000000000000000000000000000000000000000000000000000000000000000000000000000000000000000000000000000000000000000000000000000000000000000000000000000000000000000000000000000000000000000000000000000000000000000000000000000000000000000000000000000000000000000000000000000000000000000000000000000000000000000000000000000000000000000000000000000000000000000000000000000000000000000000000000000000000000000000000000000000000000000000000000000000000000000000000000000000000000000000000000000000000000000000000000000000000000000000000000000000000000000000000000000000000000000000000000000000000000000000000000000000000000000000000000000000000000000000000000000000000000000000000000000000000000000000000000000000000000000000000000000000000000000000000000000000000000000000000000000000000000000000000000000000000000000000000000000000000000000000000000000000000000000000000000000000000000000000000000000000000000000000000000000000000000000000000000000000000000000000000000000000000000000000000000000000000000000000000000000000000000000000000000000000000000000000000000000000000000000000000000000000000000000000000000000000000000000000000000000000000000000000000000000000000000000000000000000000000000000000000000000000000000000000000000000000000000000000000000000000000000000000000000000000000000000000000000000000000000000000000000000000000000000000000000000000000000000000000000000000000000000000000000000000000000000000000000000000000000000000000000000000000000000000000000000000000000000000000000000000000000000000000000000000000000000000000000000000000000000000000000000000000000000000000000000000000000000000000000000000000000000000000000000000000000000000000000000000000000000000000000000000000000000000000000000000000000000000000000000000000000000000000000000000000000000000000000000000000000000000000000000000000000000000000000000000000000000000000000000000000000000000000000000000000000000000000000000000000000000000000000000000000000000000000000000000000000000000000000000000000000000000000000000000000000000000000000000000000000000000000000000000000000000000000000000000000000000000000000000000000000000000000000000000000000000000000000000000000000000000000000000000000000000000000000000000000000000000000000000000000000000000000000000000000000000000000000000000000000000000000000000000000000000000000000000000000000000000000000000000000000000000000000000000000000000000000000000000000000000000000000000000000000000000000000000000000000000000000000000000000000000000000000000000000000000000000000000000000000000000000000000000000000000000000000000000000000000000000000000000000000000000000000000000000000000000000000000000000000000000000000000000000000000000000000000000000000000000000000000000000000000000000000000000000000000000000000000000000000000000000000000000000000000000000000000000000000000000000000000000000000000000000000000000000000000000000000000000000000000000000000000000000000000000000000000000000000000000000000000000000000000000000000000000000000000000000000000000000000000000000000000000000000000000000000000000000000000000000000000000000000000000000000000000000000000000000000000000000000000000000000000000000000000000000000000000000000000000000000000000000000000000000000000000000000000000000000000000000000000000000000000000000000000000000000000000000000000000000000000000000000000000000000000000000000000000000000000000000000000000000000000000000000000000000000000000000000000000000000000000000000000000000000000000000000000000000000000000000000000000000000000000000000000000000000000000000000000000000000000000000000000000000000000000000000000000000000000000000000000000000000000000000000000000000000000000000000000000000000000000000000000000000000000000000000000000000000000000000000000000000000000000000000000000000000000000000000000000000000000000000000000000000000000000000000000000000000000000000000000000000000000000000000000000000000000000000000000000000000000000000000000000000000000000000000000000000000000000000000000000000000000000000000000000000000000000000000000000000000000000000000000000000000000000000000000000000000000000000000000000000000000000000000000000000000000000000000000000000000000000000000000000000000000000000000000000000000000000000000000000000000000000000000000000000000000000000000000000000000000000000000000000000000000000000000000000000000000000000000000000000000000000000000000000000000000000000000000000000000000000000000000000000000000000000000000000000000000000000000000000000000000000000000000000000000000000000000000000000000000000000000000000000000000000000000000000000000000000000000000000000000000000000000000000000000000000000000000000000000000000000000000000000000000000000000000000000000000000000000000000000000000000000000000000000000000000000000000000000000000000000000000000000000000000000000000000000000000000000000000000000000000000000000000000000000000000000000000000000000000000000000000000000000000000000000000000000000000000000000000000000000000000000000000000000000000000000000000000000000000000000000000000000000000000000000000000000000000000000000000000000000000000000000000000000000000000000000000000000000000000000000000000000000000000000000000000000000000000000000000000000000000000000000000000000000000000000000000000000000000000000000000000000000000000000000000000000000000000000000000000000000000000000000000000000000000000000000000000000000000000000000000000000000000000000000000000000000000000000000000000000000000000000000000000000000000000000000000000000000000000000000000000000000000000000000000000000000000000000000000000000000000000000000000000000000000000000000000000000000000000000000000000000000000000000000000000000000000000000000000000000000000000000000000000000000000000000000000000000000000000000000000000000000000000000000000000000000000000000000000000000000000000000000000000000000000000000000000000000000000000000000000000000000000000000000000000000000000000000000000000000000000000000000000000000000000000000000000000000000000000000000000000000000000000000000000000000000000000000000000000000000000000000000000000000000000000000000000000000000000000000000000000000000000000000000000000000000000000000000000000000000000000000000000000000000000000000000000000000000000000000000000000000000000000000000000000000000000000000000000000000000000000000000000000000000000000000000000000000000000000000000000000000000000000000000000000000000000000000000000000000000000000000000000000000000000000000000000000000000000000000000000000000000000000000000000000000000000000000000000000000000000000000000000000000000000000000000000000000000000000000000000000000000000000000000000000000000000000000000000000000000000000000000000000000000000000000000000000000000000000000000000000000000000000000000000000000000000000000000000000000000000000000000000000000000000000000000000000000000000000000000000000000000000000000000000000000000000000000000000000000000000000000000000000000000000000000000000000000000000000000000000000000000000000000000000000000000000000000000000000000000000000000000000000000000000000000000000000000000000000000000000000000000000000000000000000000000000000000000000000000000000000000000000000000000000000000000000000000000000000000000000000000000000000000000000000000000000000000000000000000000000000000000000000000000000000000000000000000000000000000000000000000000000000000000000000000000000000000000000000000000000000000000000000000000000000000000000000000000000000000000000000000000000000000000000000000000000000000000000000000000000000000000000000000000000000000000000000000000000000000000000000000000000000000000000000000000000000000000000000000000000000000000000000000000000000000000000000000000000000000000000000000000000000000000000000000000000000000000000000000000000000000000000000000000000000000000000000000000000000000000000000000000000000000000000000000000000000000000000000000000000000000000000000000000000000000000000000000000000000000000000000000000000000000000000000000000000000000000000000000000000000000000000000000000000000000000000000000000000000000000000000000000000000000000000000000000000000000000000000000000000000000000000000000000000000000000000000000000000000000000000000000000000000000000000000000000000000000000000000000000000000000000000000000000000000000000000000000000000000000000000000000000000000000000000000000000000000000000000000000000000000000000000000000000000000000000000000000000000000000000000000000000000000000000000000000000000000000000000000000000000000000000000000000000000000000000000000000000000000000000000000000000000000000000000000000000000000000000000000000000000000000000000000000000000000000000000000000000000000000000000000000000000000000000000000000000000000000000000000000000000000000000000000000000000000000000000000000000000000000000000000000000000000000000000000000000000000000000000000000000000000000000000000000000000000000000000000000000000000000000000000000000000000000000000000000000000000000000000000, N'6')
GO
GO
SET IDENTITY_INSERT [dbo].[profesor_imagen] OFF
GO

-- ----------------------------
-- Table structure for provincia
-- ----------------------------
DROP TABLE [dbo].[provincia]
GO
CREATE TABLE [dbo].[provincia] (
[id_provincia] int NOT NULL IDENTITY(1,1) ,
[nombre] nvarchar(45) NULL DEFAULT NULL ,
[id_pais] int NULL 
)


GO
DBCC CHECKIDENT(N'[dbo].[provincia]', RESEED, 2)
GO

-- ----------------------------
-- Records of provincia
-- ----------------------------
SET IDENTITY_INSERT [dbo].[provincia] ON
GO
INSERT INTO [dbo].[provincia] ([id_provincia], [nombre], [id_pais]) VALUES (N'1', N'Crdoba', N'1')
GO
GO
INSERT INTO [dbo].[provincia] ([id_provincia], [nombre], [id_pais]) VALUES (N'2', N'Buenos Aires', N'1')
GO
GO
SET IDENTITY_INSERT [dbo].[provincia] OFF
GO

-- ----------------------------
-- Table structure for resultado
-- ----------------------------
DROP TABLE [dbo].[resultado]
GO
CREATE TABLE [dbo].[resultado] (
[id_resultado] int NOT NULL IDENTITY(1,1) ,
[tipo_finalizacion] smallint NULL DEFAULT NULL ,
[tiempo] varchar(10) NULL DEFAULT NULL ,
[punto_participante_1] int NULL DEFAULT NULL ,
[punto_participante_2] int NULL DEFAULT NULL ,
[id_ganador] int NULL DEFAULT NULL 
)


GO

-- ----------------------------
-- Records of resultado
-- ----------------------------
SET IDENTITY_INSERT [dbo].[resultado] ON
GO
SET IDENTITY_INSERT [dbo].[resultado] OFF
GO

-- ----------------------------
-- Table structure for sede
-- ----------------------------
DROP TABLE [dbo].[sede]
GO
CREATE TABLE [dbo].[sede] (
[id_sede] int NOT NULL IDENTITY(1,1) ,
[nombre] nvarchar(45) NULL DEFAULT NULL ,
[id_direccion] int NULL DEFAULT NULL 
)


GO
DBCC CHECKIDENT(N'[dbo].[sede]', RESEED, 3)
GO

-- ----------------------------
-- Records of sede
-- ----------------------------
SET IDENTITY_INSERT [dbo].[sede] ON
GO
INSERT INTO [dbo].[sede] ([id_sede], [nombre], [id_direccion]) VALUES (N'1', N'Sucuchito', N'1')
GO
GO
INSERT INTO [dbo].[sede] ([id_sede], [nombre], [id_direccion]) VALUES (N'2', N'Irak', N'1')
GO
GO
INSERT INTO [dbo].[sede] ([id_sede], [nombre], [id_direccion]) VALUES (N'3', N'Capitalinas', N'1')
GO
GO
SET IDENTITY_INSERT [dbo].[sede] OFF
GO

-- ----------------------------
-- Table structure for seguridad_grupo
-- ----------------------------
DROP TABLE [dbo].[seguridad_grupo]
GO
CREATE TABLE [dbo].[seguridad_grupo] (
[id_grupo] int NOT NULL IDENTITY(1,1) ,
[nombre] varchar(100) NULL 
)


GO
DBCC CHECKIDENT(N'[dbo].[seguridad_grupo]', RESEED, 3)
GO

-- ----------------------------
-- Records of seguridad_grupo
-- ----------------------------
SET IDENTITY_INSERT [dbo].[seguridad_grupo] ON
GO
INSERT INTO [dbo].[seguridad_grupo] ([id_grupo], [nombre]) VALUES (N'1', N'ADMINISTRADORES')
GO
GO
INSERT INTO [dbo].[seguridad_grupo] ([id_grupo], [nombre]) VALUES (N'2', N'PROFESORES')
GO
GO
INSERT INTO [dbo].[seguridad_grupo] ([id_grupo], [nombre]) VALUES (N'3', N'ALUMNOS')
GO
GO
SET IDENTITY_INSERT [dbo].[seguridad_grupo] OFF
GO

-- ----------------------------
-- Table structure for seguridad_grupoxopcion
-- ----------------------------
DROP TABLE [dbo].[seguridad_grupoxopcion]
GO
CREATE TABLE [dbo].[seguridad_grupoxopcion] (
[id_grupoxopcion] int NOT NULL IDENTITY(1,1) ,
[id_grupo] int NOT NULL ,
[clave_opcion] varchar(100) NOT NULL ,
[ejecutar] smallint NULL DEFAULT ((0)) ,
[modificar] smallint NULL DEFAULT ((0)) ,
[eliminar] smallint NULL DEFAULT ((0)) ,
[ver] smallint NULL DEFAULT ((0)) ,
[agregar] smallint NULL DEFAULT ((0)) 
)


GO
DBCC CHECKIDENT(N'[dbo].[seguridad_grupoxopcion]', RESEED, 26)
GO

-- ----------------------------
-- Records of seguridad_grupoxopcion
-- ----------------------------
SET IDENTITY_INSERT [dbo].[seguridad_grupoxopcion] ON
GO
INSERT INTO [dbo].[seguridad_grupoxopcion] ([id_grupoxopcion], [id_grupo], [clave_opcion], [ejecutar], [modificar], [eliminar], [ver], [agregar]) VALUES (N'2', N'1', N'SEGURIDAD_USUARIOS', N'1', N'1', N'1', N'1', N'1')
GO
GO
INSERT INTO [dbo].[seguridad_grupoxopcion] ([id_grupoxopcion], [id_grupo], [clave_opcion], [ejecutar], [modificar], [eliminar], [ver], [agregar]) VALUES (N'7', N'1', N'SEGURIDAD_USUARIOS', N'1', N'0', N'0', N'1', N'1')
GO
GO
INSERT INTO [dbo].[seguridad_grupoxopcion] ([id_grupoxopcion], [id_grupo], [clave_opcion], [ejecutar], [modificar], [eliminar], [ver], [agregar]) VALUES (N'8', N'3', N'CLASE_INSCRIPCION', N'1', N'1', N'1', N'1', N'1')
GO
GO
INSERT INTO [dbo].[seguridad_grupoxopcion] ([id_grupoxopcion], [id_grupo], [clave_opcion], [ejecutar], [modificar], [eliminar], [ver], [agregar]) VALUES (N'9', N'3', N'TORNEO_INSCRIPCION', N'1', N'1', N'1', N'1', N'1')
GO
GO
INSERT INTO [dbo].[seguridad_grupoxopcion] ([id_grupoxopcion], [id_grupo], [clave_opcion], [ejecutar], [modificar], [eliminar], [ver], [agregar]) VALUES (N'10', N'3', N'CLASE_HORARIO', N'0', N'1', N'0', N'0', N'0')
GO
GO
INSERT INTO [dbo].[seguridad_grupoxopcion] ([id_grupoxopcion], [id_grupo], [clave_opcion], [ejecutar], [modificar], [eliminar], [ver], [agregar]) VALUES (N'13', N'2', N'CLASE_INSCRIPCION', N'1', N'1', N'1', N'1', N'1')
GO
GO
INSERT INTO [dbo].[seguridad_grupoxopcion] ([id_grupoxopcion], [id_grupo], [clave_opcion], [ejecutar], [modificar], [eliminar], [ver], [agregar]) VALUES (N'14', N'2', N'CLASE_HORARIO', N'0', N'1', N'1', N'1', N'0')
GO
GO
INSERT INTO [dbo].[seguridad_grupoxopcion] ([id_grupoxopcion], [id_grupo], [clave_opcion], [ejecutar], [modificar], [eliminar], [ver], [agregar]) VALUES (N'15', N'2', N'CLASE_ALUMNOS', N'1', N'1', N'1', N'1', N'1')
GO
GO
INSERT INTO [dbo].[seguridad_grupoxopcion] ([id_grupoxopcion], [id_grupo], [clave_opcion], [ejecutar], [modificar], [eliminar], [ver], [agregar]) VALUES (N'18', N'2', N'TORNEO_INSCRIPCION', N'1', N'1', N'1', N'1', N'1')
GO
GO
INSERT INTO [dbo].[seguridad_grupoxopcion] ([id_grupoxopcion], [id_grupo], [clave_opcion], [ejecutar], [modificar], [eliminar], [ver], [agregar]) VALUES (N'19', N'1', N'CLASE_CREACION', N'1', N'1', N'1', N'1', N'1')
GO
GO
INSERT INTO [dbo].[seguridad_grupoxopcion] ([id_grupoxopcion], [id_grupo], [clave_opcion], [ejecutar], [modificar], [eliminar], [ver], [agregar]) VALUES (N'20', N'1', N'TORNEO_CREACION', N'1', N'1', N'1', N'1', N'1')
GO
GO
INSERT INTO [dbo].[seguridad_grupoxopcion] ([id_grupoxopcion], [id_grupo], [clave_opcion], [ejecutar], [modificar], [eliminar], [ver], [agregar]) VALUES (N'21', N'1', N'ALUMNO_CREACION', N'1', N'1', N'1', N'1', N'1')
GO
GO
INSERT INTO [dbo].[seguridad_grupoxopcion] ([id_grupoxopcion], [id_grupo], [clave_opcion], [ejecutar], [modificar], [eliminar], [ver], [agregar]) VALUES (N'22', N'1', N'PROFESOR_CREACION', N'1', N'1', N'1', N'1', N'1')
GO
GO
INSERT INTO [dbo].[seguridad_grupoxopcion] ([id_grupoxopcion], [id_grupo], [clave_opcion], [ejecutar], [modificar], [eliminar], [ver], [agregar]) VALUES (N'25', N'1', N'TORNEO_INSCRIPCION_LISTA', N'1', N'1', N'1', N'1', N'1')
GO
GO
INSERT INTO [dbo].[seguridad_grupoxopcion] ([id_grupoxopcion], [id_grupo], [clave_opcion], [ejecutar], [modificar], [eliminar], [ver], [agregar]) VALUES (N'26', N'1', N'TORNEO_INSCRIPCION', N'1', N'1', N'1', N'1', N'1')
GO
GO
SET IDENTITY_INSERT [dbo].[seguridad_grupoxopcion] OFF
GO

-- ----------------------------
-- Table structure for seguridad_opcion
-- ----------------------------
DROP TABLE [dbo].[seguridad_opcion]
GO
CREATE TABLE [dbo].[seguridad_opcion] (
[clave_opcion] varchar(100) NOT NULL ,
[nombre] varchar(100) NOT NULL 
)


GO

-- ----------------------------
-- Records of seguridad_opcion
-- ----------------------------
INSERT INTO [dbo].[seguridad_opcion] ([clave_opcion], [nombre]) VALUES (N'ALUMNO_CREACION', N'ALUMNO - CREACION')
GO
GO
INSERT INTO [dbo].[seguridad_opcion] ([clave_opcion], [nombre]) VALUES (N'CLASE_ALUMNOS', N'CLASE - ALUMNOS')
GO
GO
INSERT INTO [dbo].[seguridad_opcion] ([clave_opcion], [nombre]) VALUES (N'CLASE_CREACION', N'CLASE - CREACION')
GO
GO
INSERT INTO [dbo].[seguridad_opcion] ([clave_opcion], [nombre]) VALUES (N'CLASE_HORARIO', N'CLASE - HORARIO')
GO
GO
INSERT INTO [dbo].[seguridad_opcion] ([clave_opcion], [nombre]) VALUES (N'CLASE_INSCRIPCION', N'CLASE - INSCRIPCION')
GO
GO
INSERT INTO [dbo].[seguridad_opcion] ([clave_opcion], [nombre]) VALUES (N'PROFESOR_CREACION', N'PROFESOR - CREACION')
GO
GO
INSERT INTO [dbo].[seguridad_opcion] ([clave_opcion], [nombre]) VALUES (N'SEGURIDAD_GRUPOS', N'SEGURIDAD - GRUPOS')
GO
GO
INSERT INTO [dbo].[seguridad_opcion] ([clave_opcion], [nombre]) VALUES (N'SEGURIDAD_USUARIOS', N'SEGURIDAD - USUARIOS')
GO
GO
INSERT INTO [dbo].[seguridad_opcion] ([clave_opcion], [nombre]) VALUES (N'TORNEO_CREACION', N'TORNEO - CREACION')
GO
GO
INSERT INTO [dbo].[seguridad_opcion] ([clave_opcion], [nombre]) VALUES (N'TORNEO_INSCRIPCION', N'TORNEO - INSCRIPCION')
GO
GO
INSERT INTO [dbo].[seguridad_opcion] ([clave_opcion], [nombre]) VALUES (N'TORNEO_INSCRIPCION_LISTA', N'TORNEO - LISTA')
GO
GO

-- ----------------------------
-- Table structure for seguridad_usuario
-- ----------------------------
DROP TABLE [dbo].[seguridad_usuario]
GO
CREATE TABLE [dbo].[seguridad_usuario] (
[id_usuario] int NOT NULL IDENTITY(1,1) ,
[login] varchar(30) NOT NULL ,
[clave] varchar(100) NOT NULL ,
[nombre] varchar(100) NOT NULL ,
[mail] varchar(100) NOT NULL 
)


GO
DBCC CHECKIDENT(N'[dbo].[seguridad_usuario]', RESEED, 18)
GO

-- ----------------------------
-- Records of seguridad_usuario
-- ----------------------------
SET IDENTITY_INSERT [dbo].[seguridad_usuario] ON
GO
INSERT INTO [dbo].[seguridad_usuario] ([id_usuario], [login], [clave], [nombre], [mail]) VALUES (N'1', N'admin', N'3f6e5d5e29654c022005048a11b07a40', N'ADMINISTRADOR', N'juanq@juanq.com')
GO
GO
INSERT INTO [dbo].[seguridad_usuario] ([id_usuario], [login], [clave], [nombre], [mail]) VALUES (N'2', N'ctrettel', N'106fbbaf5adf5ca7f68c4694dc30f040', N'Cecilia Trettel', N'ctrettel@trettel.com')
GO
GO
INSERT INTO [dbo].[seguridad_usuario] ([id_usuario], [login], [clave], [nombre], [mail]) VALUES (N'5', N'ebuchaillot', N'8A4C9FE6D70F9B0B5C1DE45F93E1F32C', N'Emilio Buchaillot', N'ebuchaillot@gmail.com')
GO
GO
INSERT INTO [dbo].[seguridad_usuario] ([id_usuario], [login], [clave], [nombre], [mail]) VALUES (N'6', N'gsofovich', N'674f3c2c1a8a6f90461e8a66fb5550ba', N'Gerardo Sofovich', N'gs@gmail.com')
GO
GO
INSERT INTO [dbo].[seguridad_usuario] ([id_usuario], [login], [clave], [nombre], [mail]) VALUES (N'7', N'mlegrand', N'c4ca4238a0b923820dcc509a6f75849b', N'Mirtha Legrand', N'ml@gmail.com')
GO
GO
INSERT INTO [dbo].[seguridad_usuario] ([id_usuario], [login], [clave], [nombre], [mail]) VALUES (N'9', N'bbruno', N'add7d862ac9d17032ae41647073770dc', N'Branca Bruno', N'33333@hh.com')
GO
GO
INSERT INTO [dbo].[seguridad_usuario] ([id_usuario], [login], [clave], [nombre], [mail]) VALUES (N'10', N'sgimenez', N'0acf03f408f90ea0dcba786d300620db', N'Susana Gimenez', N'sg@gmail.com')
GO
GO
INSERT INTO [dbo].[seguridad_usuario] ([id_usuario], [login], [clave], [nombre], [mail]) VALUES (N'11', N'sgimenez', N'6dcb35fd55d25d92c4a08f67ec636059', N'Susana Gimenez', N'sg@gmail.com')
GO
GO
INSERT INTO [dbo].[seguridad_usuario] ([id_usuario], [login], [clave], [nombre], [mail]) VALUES (N'12', N'ekrabapel', N'cdaeb1282d614772beb1e74c192bebda', N'Edna Krabapel', N'33333@hh.com')
GO
GO
INSERT INTO [dbo].[seguridad_usuario] ([id_usuario], [login], [clave], [nombre], [mail]) VALUES (N'13', N'igomez', N'25f9e794323b453885f5181f1b624d0b', N'Ignaci Gomez', N'ignagomez@hotmail.com')
GO
GO
INSERT INTO [dbo].[seguridad_usuario] ([id_usuario], [login], [clave], [nombre], [mail]) VALUES (N'14', N'igomez', N'25f9e794323b453885f5181f1b624d0b', N'Ignacio Gomez', N'ignagomez@hotmail.com')
GO
GO
INSERT INTO [dbo].[seguridad_usuario] ([id_usuario], [login], [clave], [nombre], [mail]) VALUES (N'15', N'cboss', N'f6e794a75c5d51de081dbefa224304f9', N'Carlos Boss', N'cboss@hotmail.com')
GO
GO
INSERT INTO [dbo].[seguridad_usuario] ([id_usuario], [login], [clave], [nombre], [mail]) VALUES (N'16', N'cleunis', N'68053af2923e00204c3ca7c6a3150cf7', N'Chino Leunis', N'33333@hh.com')
GO
GO
INSERT INTO [dbo].[seguridad_usuario] ([id_usuario], [login], [clave], [nombre], [mail]) VALUES (N'17', N'mvan houten', N'2cbca44843a864533ec05b321ae1f9d1', N'Milhouse Van Houten', N'mil@hotmail.com')
GO
GO
INSERT INTO [dbo].[seguridad_usuario] ([id_usuario], [login], [clave], [nombre], [mail]) VALUES (N'18', N'cboss', N'94773d762d5c6c3edfa0fac6896c074e', N'Carlos Boss', N'cboss@hotmail.com')
GO
GO
SET IDENTITY_INSERT [dbo].[seguridad_usuario] OFF
GO

-- ----------------------------
-- Table structure for seguridad_usuarioxgrupo
-- ----------------------------
DROP TABLE [dbo].[seguridad_usuarioxgrupo]
GO
CREATE TABLE [dbo].[seguridad_usuarioxgrupo] (
[id_usuarioxgrupo] int NOT NULL IDENTITY(1,1) ,
[id_usuario] int NOT NULL ,
[id_grupo] int NOT NULL 
)


GO
DBCC CHECKIDENT(N'[dbo].[seguridad_usuarioxgrupo]', RESEED, 16)
GO

-- ----------------------------
-- Records of seguridad_usuarioxgrupo
-- ----------------------------
SET IDENTITY_INSERT [dbo].[seguridad_usuarioxgrupo] ON
GO
INSERT INTO [dbo].[seguridad_usuarioxgrupo] ([id_usuarioxgrupo], [id_usuario], [id_grupo]) VALUES (N'1', N'1', N'1')
GO
GO
INSERT INTO [dbo].[seguridad_usuarioxgrupo] ([id_usuarioxgrupo], [id_usuario], [id_grupo]) VALUES (N'2', N'1', N'2')
GO
GO
INSERT INTO [dbo].[seguridad_usuarioxgrupo] ([id_usuarioxgrupo], [id_usuario], [id_grupo]) VALUES (N'3', N'5', N'3')
GO
GO
INSERT INTO [dbo].[seguridad_usuarioxgrupo] ([id_usuarioxgrupo], [id_usuario], [id_grupo]) VALUES (N'4', N'6', N'2')
GO
GO
INSERT INTO [dbo].[seguridad_usuarioxgrupo] ([id_usuarioxgrupo], [id_usuario], [id_grupo]) VALUES (N'5', N'7', N'2')
GO
GO
INSERT INTO [dbo].[seguridad_usuarioxgrupo] ([id_usuarioxgrupo], [id_usuario], [id_grupo]) VALUES (N'7', N'9', N'3')
GO
GO
INSERT INTO [dbo].[seguridad_usuarioxgrupo] ([id_usuarioxgrupo], [id_usuario], [id_grupo]) VALUES (N'8', N'10', N'2')
GO
GO
INSERT INTO [dbo].[seguridad_usuarioxgrupo] ([id_usuarioxgrupo], [id_usuario], [id_grupo]) VALUES (N'9', N'11', N'2')
GO
GO
INSERT INTO [dbo].[seguridad_usuarioxgrupo] ([id_usuarioxgrupo], [id_usuario], [id_grupo]) VALUES (N'10', N'12', N'3')
GO
GO
INSERT INTO [dbo].[seguridad_usuarioxgrupo] ([id_usuarioxgrupo], [id_usuario], [id_grupo]) VALUES (N'11', N'13', N'2')
GO
GO
INSERT INTO [dbo].[seguridad_usuarioxgrupo] ([id_usuarioxgrupo], [id_usuario], [id_grupo]) VALUES (N'12', N'14', N'2')
GO
GO
INSERT INTO [dbo].[seguridad_usuarioxgrupo] ([id_usuarioxgrupo], [id_usuario], [id_grupo]) VALUES (N'13', N'15', N'3')
GO
GO
INSERT INTO [dbo].[seguridad_usuarioxgrupo] ([id_usuarioxgrupo], [id_usuario], [id_grupo]) VALUES (N'14', N'16', N'2')
GO
GO
INSERT INTO [dbo].[seguridad_usuarioxgrupo] ([id_usuarioxgrupo], [id_usuario], [id_grupo]) VALUES (N'15', N'17', N'3')
GO
GO
INSERT INTO [dbo].[seguridad_usuarioxgrupo] ([id_usuarioxgrupo], [id_usuario], [id_grupo]) VALUES (N'16', N'18', N'3')
GO
GO
SET IDENTITY_INSERT [dbo].[seguridad_usuarioxgrupo] OFF
GO

-- ----------------------------
-- Table structure for tipo_clase
-- ----------------------------
DROP TABLE [dbo].[tipo_clase]
GO
CREATE TABLE [dbo].[tipo_clase] (
[id_tipo_clase] int NOT NULL ,
[nombre] varchar(50) NULL 
)


GO

-- ----------------------------
-- Records of tipo_clase
-- ----------------------------
INSERT INTO [dbo].[tipo_clase] ([id_tipo_clase], [nombre]) VALUES (N'1', N'JiuJitsu')
GO
GO
INSERT INTO [dbo].[tipo_clase] ([id_tipo_clase], [nombre]) VALUES (N'2', N'Muay Thai')
GO
GO
INSERT INTO [dbo].[tipo_clase] ([id_tipo_clase], [nombre]) VALUES (N'3', N'Kick Boxing')
GO
GO
INSERT INTO [dbo].[tipo_clase] ([id_tipo_clase], [nombre]) VALUES (N'4', N'Entrenamiento Funcional')
GO
GO

-- ----------------------------
-- Table structure for torneo
-- ----------------------------
DROP TABLE [dbo].[torneo]
GO
CREATE TABLE [dbo].[torneo] (
[id_torneo] int NOT NULL IDENTITY(1,1) ,
[fecha] date NULL DEFAULT NULL ,
[nombre] nvarchar(45) NOT NULL ,
[hora] varchar(10) NULL DEFAULT NULL ,
[id_estado] int NULL DEFAULT NULL ,
[id_sede] int NULL DEFAULT NULL ,
[fecha_cierre] date NULL ,
[hora_cierre] varchar(10) NULL ,
[precio_absoluto] decimal(18) NULL ,
[precio_categoria] decimal(18) NULL ,
[id_tipo_clase] int NULL 
)


GO
DBCC CHECKIDENT(N'[dbo].[torneo]', RESEED, 23)
GO

-- ----------------------------
-- Records of torneo
-- ----------------------------
SET IDENTITY_INSERT [dbo].[torneo] ON
GO
INSERT INTO [dbo].[torneo] ([id_torneo], [fecha], [nombre], [hora], [id_estado], [id_sede], [fecha_cierre], [hora_cierre], [precio_absoluto], [precio_categoria], [id_tipo_clase]) VALUES (N'1', N'2017-04-20', N'El Torneo con Bronca', N'13:00', N'1', N'2', N'2017-04-27', N'09:00', N'345', N'34', N'1')
GO
GO
INSERT INTO [dbo].[torneo] ([id_torneo], [fecha], [nombre], [hora], [id_estado], [id_sede], [fecha_cierre], [hora_cierre], [precio_absoluto], [precio_categoria], [id_tipo_clase]) VALUES (N'2', N'2017-04-24', N'El Torneo', N'12:00', N'1', N'2', N'2017-04-30', N'12:00', N'24', N'24', N'1')
GO
GO
INSERT INTO [dbo].[torneo] ([id_torneo], [fecha], [nombre], [hora], [id_estado], [id_sede], [fecha_cierre], [hora_cierre], [precio_absoluto], [precio_categoria], [id_tipo_clase]) VALUES (N'5', N'2017-04-19', N'Palta Tournament', N'12:00', N'1', N'1', N'2017-04-22', N'12:00', N'1234', N'1243', N'1')
GO
GO
INSERT INTO [dbo].[torneo] ([id_torneo], [fecha], [nombre], [hora], [id_estado], [id_sede], [fecha_cierre], [hora_cierre], [precio_absoluto], [precio_categoria], [id_tipo_clase]) VALUES (N'6', N'2017-04-28', N'Torneo Lindo', N'12:00', N'1', N'2', N'2017-04-26', N'12:00', N'12', N'13', N'1')
GO
GO
INSERT INTO [dbo].[torneo] ([id_torneo], [fecha], [nombre], [hora], [id_estado], [id_sede], [fecha_cierre], [hora_cierre], [precio_absoluto], [precio_categoria], [id_tipo_clase]) VALUES (N'7', N'2017-04-28', N'Torneo Lindo1', N'12:00', N'1', N'3', N'2017-04-26', N'12:00', N'12', N'13', N'1')
GO
GO
INSERT INTO [dbo].[torneo] ([id_torneo], [fecha], [nombre], [hora], [id_estado], [id_sede], [fecha_cierre], [hora_cierre], [precio_absoluto], [precio_categoria], [id_tipo_clase]) VALUES (N'8', N'2017-05-18', N'El Torneo Somee', N'12:00', N'1', N'2', N'2017-05-16', N'12:00', N'142', N'123', N'1')
GO
GO
INSERT INTO [dbo].[torneo] ([id_torneo], [fecha], [nombre], [hora], [id_estado], [id_sede], [fecha_cierre], [hora_cierre], [precio_absoluto], [precio_categoria], [id_tipo_clase]) VALUES (N'9', N'2017-05-20', N'Torneo Somee 2', N'12:00', N'1', N'1', N'2017-05-19', N'12:00', N'125', N'123', N'1')
GO
GO
INSERT INTO [dbo].[torneo] ([id_torneo], [fecha], [nombre], [hora], [id_estado], [id_sede], [fecha_cierre], [hora_cierre], [precio_absoluto], [precio_categoria], [id_tipo_clase]) VALUES (N'10', N'2017-07-16', N'Torneo Test 3', N'10:00', N'1', N'3', N'2017-07-15', N'09:00', N'400', N'300', N'1')
GO
GO
INSERT INTO [dbo].[torneo] ([id_torneo], [fecha], [nombre], [hora], [id_estado], [id_sede], [fecha_cierre], [hora_cierre], [precio_absoluto], [precio_categoria], [id_tipo_clase]) VALUES (N'11', N'2017-06-20', N'LaLaLandJiuJitsu', N'12:00', N'1', N'3', N'2017-06-13', N'09:00', N'580', N'452', N'1')
GO
GO
INSERT INTO [dbo].[torneo] ([id_torneo], [fecha], [nombre], [hora], [id_estado], [id_sede], [fecha_cierre], [hora_cierre], [precio_absoluto], [precio_categoria], [id_tipo_clase]) VALUES (N'12', N'2017-05-31', N'Pepitos2', N'12:00', N'1', N'1', N'2017-05-29', N'12:00', N'400', N'300', N'1')
GO
GO
INSERT INTO [dbo].[torneo] ([id_torneo], [fecha], [nombre], [hora], [id_estado], [id_sede], [fecha_cierre], [hora_cierre], [precio_absoluto], [precio_categoria], [id_tipo_clase]) VALUES (N'13', N'2017-04-03', N'Hola', N'12:00', N'1', N'1', N'2017-02-16', N'12:00', N'3000', N'3000', N'1')
GO
GO
INSERT INTO [dbo].[torneo] ([id_torneo], [fecha], [nombre], [hora], [id_estado], [id_sede], [fecha_cierre], [hora_cierre], [precio_absoluto], [precio_categoria], [id_tipo_clase]) VALUES (N'16', N'2017-07-16', N'Miel', N'12:00', N'1', N'1', N'2017-07-11', N'12:00', N'123', N'123', N'1')
GO
GO
INSERT INTO [dbo].[torneo] ([id_torneo], [fecha], [nombre], [hora], [id_estado], [id_sede], [fecha_cierre], [hora_cierre], [precio_absoluto], [precio_categoria], [id_tipo_clase]) VALUES (N'20', N'2017-06-13', N'hola', N'12:00', N'1', N'3', N'2017-06-12', N'12:00', N'1000', N'100', N'1')
GO
GO
INSERT INTO [dbo].[torneo] ([id_torneo], [fecha], [nombre], [hora], [id_estado], [id_sede], [fecha_cierre], [hora_cierre], [precio_absoluto], [precio_categoria], [id_tipo_clase]) VALUES (N'21', N'2017-07-16', N'Torneo Test', N'10:00', N'1', N'3', N'2017-07-15', N'17:00', N'400', N'300', N'1')
GO
GO
INSERT INTO [dbo].[torneo] ([id_torneo], [fecha], [nombre], [hora], [id_estado], [id_sede], [fecha_cierre], [hora_cierre], [precio_absoluto], [precio_categoria], [id_tipo_clase]) VALUES (N'22', N'2017-07-14', N'Torneo 1', N'12:00', N'1', N'2', N'2017-07-13', N'12:00', N'300', N'300', N'1')
GO
GO
INSERT INTO [dbo].[torneo] ([id_torneo], [fecha], [nombre], [hora], [id_estado], [id_sede], [fecha_cierre], [hora_cierre], [precio_absoluto], [precio_categoria], [id_tipo_clase]) VALUES (N'23', N'2017-07-08', N'Torneo2', N'12:00', N'1', N'2', N'2017-07-07', N'12:00', N'100', N'100', N'1')
GO
GO
SET IDENTITY_INSERT [dbo].[torneo] OFF
GO

-- ----------------------------
-- Table structure for torneo_imagen
-- ----------------------------
DROP TABLE [dbo].[torneo_imagen]
GO
CREATE TABLE [dbo].[torneo_imagen] (
[id_torneo_imagen] int NOT NULL IDENTITY(1,1) ,
[id_torneo] int NOT NULL ,
[imagen] binary(8000) NULL 
)


GO
DBCC CHECKIDENT(N'[dbo].[torneo_imagen]', RESEED, 10)
GO

-- ----------------------------
-- Records of torneo_imagen
-- ----------------------------
SET IDENTITY_INSERT [dbo].[torneo_imagen] ON
GO
INSERT INTO [dbo].[torneo_imagen] ([id_torneo_imagen], [id_torneo], [imagen]) VALUES (N'1', N'12', 0xFFD8FFE000104A46494600010101006000600000FFDB0043000201010201010202020202020202030503030303030604040305070607070706070708090B0908080A0807070A0D0A0A0B0C0C0C0C07090E0F0D0C0E0B0C0C0CFFDB004301020202030303060303060C0807080C0C0C0C0C0C0C0C0C0C0C0C0C0C0C0C0C0C0C0C0C0C0C0C0C0C0C0C0C0C0C0C0C0C0C0C0C0C0C0C0C0C0C0C0C0C0C0C0C0CFFC00011080009000903012200021101031101FFC4001F0000010501010101010100000000000000000102030405060708090A0BFFC400B5100002010303020403050504040000017D01020300041105122131410613516107227114328191A1082342B1C11552D1F02433627282090A161718191A25262728292A3435363738393A434445464748494A535455565758595A636465666768696A737475767778797A838485868788898A92939495969798999AA2A3A4A5A6A7A8A9AAB2B3B4B5B6B7B8B9BAC2C3C4C5C6C7C8C9CAD2D3D4D5D6D7D8D9DAE1E2E3E4E5E6E7E8E9EAF1F2F3F4F5F6F7F8F9FAFFC4001F0100030101010101010101010000000000000102030405060708090A0BFFC400B51100020102040403040705040400010277000102031104052131061241510761711322328108144291A1B1C109233352F0156272D10A162434E125F11718191A262728292A35363738393A434445464748494A535455565758595A636465666768696A737475767778797A82838485868788898A92939495969798999AA2A3A4A5A6A7A8A9AAB2B3B4B5B6B7B8B9BAC2C3C4C5C6C7C8C9CAD2D3D4D5D6D7D8D9DAE2E3E4E5E6E7E8E9EAF2F3F4F5F6F7F8F9FAFFDA000C03010002110311003F00FC000DB4E470474357FF00E12DD57FE825A87FE043FF008D67D7EB05007FFFD900000000000000000000000000000000000000000000000000000000000000000000000000000000000000000000000000000000000000000000000000000000000000000000000000000000000000000000000000000000000000000000000000000000000000000000000000000000000000000000000000000000000000000000000000000000000000000000000000000000000000000000000000000000000000000000000000000000000000000000000000000000000000000000000000000000000000000000000000000000000000000000000000000000000000000000000000000000000000000000000000000000000000000000000000000000000000000000000000000000000000000000000000000000000000000000000000000000000000000000000000000000000000000000000000000000000000000000000000000000000000000000000000000000000000000000000000000000000000000000000000000000000000000000000000000000000000000000000000000000000000000000000000000000000000000000000000000000000000000000000000000000000000000000000000000000000000000000000000000000000000000000000000000000000000000000000000000000000000000000000000000000000000000000000000000000000000000000000000000000000000000000000000000000000000000000000000000000000000000000000000000000000000000000000000000000000000000000000000000000000000000000000000000000000000000000000000000000000000000000000000000000000000000000000000000000000000000000000000000000000000000000000000000000000000000000000000000000000000000000000000000000000000000000000000000000000000000000000000000000000000000000000000000000000000000000000000000000000000000000000000000000000000000000000000000000000000000000000000000000000000000000000000000000000000000000000000000000000000000000000000000000000000000000000000000000000000000000000000000000000000000000000000000000000000000000000000000000000000000000000000000000000000000000000000000000000000000000000000000000000000000000000000000000000000000000000000000000000000000000000000000000000000000000000000000000000000000000000000000000000000000000000000000000000000000000000000000000000000000000000000000000000000000000000000000000000000000000000000000000000000000000000000000000000000000000000000000000000000000000000000000000000000000000000000000000000000000000000000000000000000000000000000000000000000000000000000000000000000000000000000000000000000000000000000000000000000000000000000000000000000000000000000000000000000000000000000000000000000000000000000000000000000000000000000000000000000000000000000000000000000000000000000000000000000000000000000000000000000000000000000000000000000000000000000000000000000000000000000000000000000000000000000000000000000000000000000000000000000000000000000000000000000000000000000000000000000000000000000000000000000000000000000000000000000000000000000000000000000000000000000000000000000000000000000000000000000000000000000000000000000000000000000000000000000000000000000000000000000000000000000000000000000000000000000000000000000000000000000000000000000000000000000000000000000000000000000000000000000000000000000000000000000000000000000000000000000000000000000000000000000000000000000000000000000000000000000000000000000000000000000000000000000000000000000000000000000000000000000000000000000000000000000000000000000000000000000000000000000000000000000000000000000000000000000000000000000000000000000000000000000000000000000000000000000000000000000000000000000000000000000000000000000000000000000000000000000000000000000000000000000000000000000000000000000000000000000000000000000000000000000000000000000000000000000000000000000000000000000000000000000000000000000000000000000000000000000000000000000000000000000000000000000000000000000000000000000000000000000000000000000000000000000000000000000000000000000000000000000000000000000000000000000000000000000000000000000000000000000000000000000000000000000000000000000000000000000000000000000000000000000000000000000000000000000000000000000000000000000000000000000000000000000000000000000000000000000000000000000000000000000000000000000000000000000000000000000000000000000000000000000000000000000000000000000000000000000000000000000000000000000000000000000000000000000000000000000000000000000000000000000000000000000000000000000000000000000000000000000000000000000000000000000000000000000000000000000000000000000000000000000000000000000000000000000000000000000000000000000000000000000000000000000000000000000000000000000000000000000000000000000000000000000000000000000000000000000000000000000000000000000000000000000000000000000000000000000000000000000000000000000000000000000000000000000000000000000000000000000000000000000000000000000000000000000000000000000000000000000000000000000000000000000000000000000000000000000000000000000000000000000000000000000000000000000000000000000000000000000000000000000000000000000000000000000000000000000000000000000000000000000000000000000000000000000000000000000000000000000000000000000000000000000000000000000000000000000000000000000000000000000000000000000000000000000000000000000000000000000000000000000000000000000000000000000000000000000000000000000000000000000000000000000000000000000000000000000000000000000000000000000000000000000000000000000000000000000000000000000000000000000000000000000000000000000000000000000000000000000000000000000000000000000000000000000000000000000000000000000000000000000000000000000000000000000000000000000000000000000000000000000000000000000000000000000000000000000000000000000000000000000000000000000000000000000000000000000000000000000000000000000000000000000000000000000000000000000000000000000000000000000000000000000000000000000000000000000000000000000000000000000000000000000000000000000000000000000000000000000000000000000000000000000000000000000000000000000000000000000000000000000000000000000000000000000000000000000000000000000000000000000000000000000000000000000000000000000000000000000000000000000000000000000000000000000000000000000000000000000000000000000000000000000000000000000000000000000000000000000000000000000000000000000000000000000000000000000000000000000000000000000000000000000000000000000000000000000000000000000000000000000000000000000000000000000000000000000000000000000000000000000000000000000000000000000000000000000000000000000000000000000000000000000000000000000000000000000000000000000000000000000000000000000000000000000000000000000000000000000000000000000000000000000000000000000000000000000000000000000000000000000000000000000000000000000000000000000000000000000000000000000000000000000000000000000000000000000000000000000000000000000000000000000000000000000000000000000000000000000000000000000000000000000000000000000000000000000000000000000000000000000000000000000000000000000000000000000000000000000000000000000000000000000000000000000000000000000000000000000000000000000000000000000000000000000000000000000000000000000000000000000000000000000000000000000000000000000000000000000000000000000000000000000000000000000000000000000000000000000000000000000000000000000000000000000000000000000000000000000000000000000000000000000000000000000000000000000000000000000000000000000000000000000000000000000000000000000000000000000000000000000000000000000000000000000000000000000000000000000000000000000000000000000000000000000000000000000000000000000000000000000000000000000000000000000000000000000000000000000000000000000000000000000000000000000000000000000000000000000000000000000000000000000000000000000000000000000000000000000000000000000000000000000000000000000000000000000000000000000000000000000000000000000000000000000000000000000000000000000000000000000000000000000000000000000000000000000000000000000000000000000000000000000000000000000000000000000000000000000000000000000000000000000000000000000000000000000000000000000000000000000000000000000000000000000000000000000000000000000000000000000000000000000000000000000000000000000000000000000000000000000000000000000000000000000000000000000000000000000000000000000000000000000000000000000000000000000000000000000000000000000000000000000000000000000000000000000000000000000000000000000000000000000000000000000000000000000000000000000000000000000000000000000000000000000000000000000000000000000000000000000000000000000000000000000000000000000000000000000000000000000000000000000000000000000000000000000000000000000000000000000000000000000000000000000000000000000000000000000000000000000000000000000000000000000000000000000000000000000000000000000000000000000000000000000000000000000000000000000000000000000000000000000000000000000000000000000000000000000000000000000000000000000000000000000000000000000000000000000000000000000000000000000000000000000000000000000000000000000000000000000000000000000000000000000000000000000000000000000000000000000000000000000000000000000000000000000000000000000000000000000000000000000000000000000000000000000000000000000000000000000000000000000000000000000000000000000000000000000000000000000000000000000000000000000000000000000000000000000000000000000000000000000000000000000000000000000000000000000000000000000000000000000000000000000000000000000000000000000000000000000000000000000000000000000000000000000000000000000000000000000000000000000000000000000000000000000000000000000000000000000000000000000000000000000000000000000000000000000000000000000000000000000000000000000000000000000000000000000000000000000000000000000000000000000000000000000000000000000000000000000000000000000000000000000000000000000000000000000000000000000000000000000000000000000000000000000000000000000000000000000000000000000000000000000000000000000000000000000000000000000000000000000000000000000000000000000000000000000000000000000000000000000000000000000000000000000000000000000000000000000000000000000000000000000000000000000000000000000000000000000000000000000000000000000000000000000000000000000000000000000000000000000000000000000000000000000000000000000000000000000000000000000000000000000000000000000000000000000000000000000000000000000000000000000000000000000000000000000000000000000000000000000000000000000000000000000000000000000000000000000000000000000000000000000000000000000000000000000000000000000000000000000000000000000000000000000000000000000000000000000000000000000000000000000000000000000000000000000000000000000000000000000000000000000000000000000000000000000000000000000000000000000000000000000000000000000000000000000000000000000000000000000000000000000000000000000000000000000000000000000000000000000000000000000000000000000000000000000000000000000000000000000000000000000000000000000000000000000000000000000000000000000000000000000000000000000000000000000000000000000000000000000000000000000000000000000000000000000000000000000000000000000000000000000000000000000000000000000000000000000000000000000000000000000000000000000000000000000000000000000000000000000000000000000000000000000000000000000000000000000000000000000000000000000000000000000000000000000000000000000000000000000000000000000000000000000000000000000000000000000000000000000000000000000000000000000000000000000000000000000000000000000000000000000000000000000000000000000000000000000000000000000000000000000000000000000000000000000000000000000000000000000000000000000000000000000000000000000000000000000000000000000000000000000000000000000000000000000000000000000000000000000000000000000000000000000000000000000000000000000000000000000000000000000000000000000000000000000000000000000000000000000000000000000000000000000000000000000000000000000000000000000000000000000000000000000000000000000000000000000000000000000000000000000000000000000000000000000000000000000000000000000000000000000000000000000000000000000000000000000000000000000000000000000000000000000000000000000000000000000000000000000000000000000000000000000000000000000000000000000000000000000000000000000000000000000000000000000000000000000000000000000000000000000000000000000000000000000000000000000000000000000000000000000000000000000000000000000000000000000000000000000000000000000000000000000000000000000000000000000000000000000000000000000000000000000000000000000000000000000000000000000000000000000000000000000000000000000000000000000000000000000000000000000000000000000000000000000000000000000000000000000000000000000000000000000000000000000000000000000000000000000000000000000000000000000000000000000000000000000000000000000000000000000000000000000000000000000000000000000000000000000000000000000000000000000000000000000000000000000000000000000000000000000000000000000000000000000000000000000000000000000000000000000000000000000000000000000000000000000000000000000000000000000000000000000000000000000000000000000000000000000000000000000000000000000000000000000000000000000000000000000000000000000000000000000000000000000000000000000000000000000000000000000000000000000000000000000000000000000000000000000000000000000000000000000000000000000000000000000000000000000000000000000000000000000000000000000000000000000000000000000000000000000000000000000000000000000000000000000000000000000000000000000000000000000000000000000000000000000000000000000000000000000000000000000000000000000000000000000000000000000000000000000000000000000000000000000000000000000000000000000000000000000000000000000000000000000000000000000000000000000000000000000000000000000000000000000000000000000000000000000000000000000000000000000000000000000000000000000000000000000000000000000000000000000000000000000000000000000000000000000000000000000000000000000000000000000000000000000000000000000000000000000000000000000000000000000000000000000000000000000000000000000000000000000000000000000000000000000000000000000000000000000000000000000000000000000000000000000000000000000000000000000000000000000000000000000000000000000000000000000000000000000000000000000000000000000000000000000000000000000000000000000000000000000000000000000000000000000000000000000000000000000000000000000000000000000000000000000000000000000000000000000000000000000000000000000000000000000000000000000000000000000000000000000000000000000000000000000000000000000000000000000000000000000000000000000000000000000000000000000000000000000000000000000000000000000000000000000000000000000000000000000000000000000000000000000000000000000000000000000000000000000000000000000000000000000000000000000000000000000000000000000000000000000000000000000000000000000000000000000000000000000000000000000000000000000000000000000000000000000000000000000000000000000000000000000000000000000000000000000000000000000000000000000000000000000000000000000000000000000000000000000000000000000000000000000000000000000000000000000000000000000000000000000000000000000000000000000000000000000000000000000000000000000000000000000000000000000000000000000000000000000000000000000000000000000000000000000000000000000000000000000000000000000000000000000000000000000000000000000000000000000000000000000000000000000000000000000000000000000000000000000000000000000000000000000000000000000000000000000000000000000000000000000000000000000)
GO
GO
INSERT INTO [dbo].[torneo_imagen] ([id_torneo_imagen], [id_torneo], [imagen]) VALUES (N'2', N'13', 0x0000000000000000000000000000000000000000000000000000000000000000000000000000000000000000000000000000000000000000000000000000000000000000000000000000000000000000000000000000000000000000000000000000000000000000000000000000000000000000000000000000000000000000000000000000000000000000000000000000000000000000000000000000000000000000000000000000000000000000000000000000000000000000000000000000000000000000000000000000000000000000000000000000000000000000000000000000000000000000000000000000000000000000000000000000000000000000000000000000000000000000000000000000000000000000000000000000000000000000000000000000000000000000000000000000000000000000000000000000000000000000000000000000000000000000000000000000000000000000000000000000000000000000000000000000000000000000000000000000000000000000000000000000000000000000000000000000000000000000000000000000000000000000000000000000000000000000000000000000000000000000000000000000000000000000000000000000000000000000000000000000000000000000000000000000000000000000000000000000000000000000000000000000000000000000000000000000000000000000000000000000000000000000000000000000000000000000000000000000000000000000000000000000000000000000000000000000000000000000000000000000000000000000000000000000000000000000000000000000000000000000000000000000000000000000000000000000000000000000000000000000000000000000000000000000000000000000000000000000000000000000000000000000000000000000000000000000000000000000000000000000000000000000000000000000000000000000000000000000000000000000000000000000000000000000000000000000000000000000000000000000000000000000000000000000000000000000000000000000000000000000000000000000000000000000000000000000000000000000000000000000000000000000000000000000000000000000000000000000000000000000000000000000000000000000000000000000000000000000000000000000000000000000000000000000000000000000000000000000000000000000000000000000000000000000000000000000000000000000000000000000000000000000000000000000000000000000000000000000000000000000000000000000000000000000000000000000000000000000000000000000000000000000000000000000000000000000000000000000000000000000000000000000000000000000000000000000000000000000000000000000000000000000000000000000000000000000000000000000000000000000000000000000000000000000000000000000000000000000000000000000000000000000000000000000000000000000000000000000000000000000000000000000000000000000000000000000000000000000000000000000000000000000000000000000000000000000000000000000000000000000000000000000000000000000000000000000000000000000000000000000000000000000000000000000000000000000000000000000000000000000000000000000000000000000000000000000000000000000000000000000000000000000000000000000000000000000000000000000000000000000000000000000000000000000000000000000000000000000000000000000000000000000000000000000000000000000000000000000000000000000000000000000000000000000000000000000000000000000000000000000000000000000000000000000000000000000000000000000000000000000000000000000000000000000000000000000000000000000000000000000000000000000000000000000000000000000000000000000000000000000000000000000000000000000000000000000000000000000000000000000000000000000000000000000000000000000000000000000000000000000000000000000000000000000000000000000000000000000000000000000000000000000000000000000000000000000000000000000000000000000000000000000000000000000000000000000000000000000000000000000000000000000000000000000000000000000000000000000000000000000000000000000000000000000000000000000000000000000000000000000000000000000000000000000000000000000000000000000000000000000000000000000000000000000000000000000000000000000000000000000000000000000000000000000000000000000000000000000000000000000000000000000000000000000000000000000000000000000000000000000000000000000000000000000000000000000000000000000000000000000000000000000000000000000000000000000000000000000000000000000000000000000000000000000000000000000000000000000000000000000000000000000000000000000000000000000000000000000000000000000000000000000000000000000000000000000000000000000000000000000000000000000000000000000000000000000000000000000000000000000000000000000000000000000000000000000000000000000000000000000000000000000000000000000000000000000000000000000000000000000000000000000000000000000000000000000000000000000000000000000000000000000000000000000000000000000000000000000000000000000000000000000000000000000000000000000000000000000000000000000000000000000000000000000000000000000000000000000000000000000000000000000000000000000000000000000000000000000000000000000000000000000000000000000000000000000000000000000000000000000000000000000000000000000000000000000000000000000000000000000000000000000000000000000000000000000000000000000000000000000000000000000000000000000000000000000000000000000000000000000000000000000000000000000000000000000000000000000000000000000000000000000000000000000000000000000000000000000000000000000000000000000000000000000000000000000000000000000000000000000000000000000000000000000000000000000000000000000000000000000000000000000000000000000000000000000000000000000000000000000000000000000000000000000000000000000000000000000000000000000000000000000000000000000000000000000000000000000000000000000000000000000000000000000000000000000000000000000000000000000000000000000000000000000000000000000000000000000000000000000000000000000000000000000000000000000000000000000000000000000000000000000000000000000000000000000000000000000000000000000000000000000000000000000000000000000000000000000000000000000000000000000000000000000000000000000000000000000000000000000000000000000000000000000000000000000000000000000000000000000000000000000000000000000000000000000000000000000000000000000000000000000000000000000000000000000000000000000000000000000000000000000000000000000000000000000000000000000000000000000000000000000000000000000000000000000000000000000000000000000000000000000000000000000000000000000000000000000000000000000000000000000000000000000000000000000000000000000000000000000000000000000000000000000000000000000000000000000000000000000000000000000000000000000000000000000000000000000000000000000000000000000000000000000000000000000000000000000000000000000000000000000000000000000000000000000000000000000000000000000000000000000000000000000000000000000000000000000000000000000000000000000000000000000000000000000000000000000000000000000000000000000000000000000000000000000000000000000000000000000000000000000000000000000000000000000000000000000000000000000000000000000000000000000000000000000000000000000000000000000000000000000000000000000000000000000000000000000000000000000000000000000000000000000000000000000000000000000000000000000000000000000000000000000000000000000000000000000000000000000000000000000000000000000000000000000000000000000000000000000000000000000000000000000000000000000000000000000000000000000000000000000000000000000000000000000000000000000000000000000000000000000000000000000000000000000000000000000000000000000000000000000000000000000000000000000000000000000000000000000000000000000000000000000000000000000000000000000000000000000000000000000000000000000000000000000000000000000000000000000000000000000000000000000000000000000000000000000000000000000000000000000000000000000000000000000000000000000000000000000000000000000000000000000000000000000000000000000000000000000000000000000000000000000000000000000000000000000000000000000000000000000000000000000000000000000000000000000000000000000000000000000000000000000000000000000000000000000000000000000000000000000000000000000000000000000000000000000000000000000000000000000000000000000000000000000000000000000000000000000000000000000000000000000000000000000000000000000000000000000000000000000000000000000000000000000000000000000000000000000000000000000000000000000000000000000000000000000000000000000000000000000000000000000000000000000000000000000000000000000000000000000000000000000000000000000000000000000000000000000000000000000000000000000000000000000000000000000000000000000000000000000000000000000000000000000000000000000000000000000000000000000000000000000000000000000000000000000000000000000000000000000000000000000000000000000000000000000000000000000000000000000000000000000000000000000000000000000000000000000000000000000000000000000000000000000000000000000000000000000000000000000000000000000000000000000000000000000000000000000000000000000000000000000000000000000000000000000000000000000000000000000000000000000000000000000000000000000000000000000000000000000000000000000000000000000000000000000000000000000000000000000000000000000000000000000000000000000000000000000000000000000000000000000000000000000000000000000000000000000000000000000000000000000000000000000000000000000000000000000000000000000000000000000000000000000000000000000000000000000000000000000000000000000000000000000000000000000000000000000000000000000000000000000000000000000000000000000000000000000000000000000000000000000000000000000000000000000000000000000000000000000000000000000000000000000000000000000000000000000000000000000000000000000000000000000000000000000000000000000000000000000000000000000000000000000000000000000000000000000000000000000000000000000000000000000000000000000000000000000000000000000000000000000000000000000000000000000000000000000000000000000000000000000000000000000000000000000000000000000000000000000000000000000000000000000000000000000000000000000000000000000000000000000000000000000000000000000000000000000000000000000000000000000000000000000000000000000000000000000000000000000000000000000000000000000000000000000000000000000000000000000000000000000000000000000000000000000000000000000000000000000000000000000000000000000000000000000000000000000000000000000000000000000000000000000000000000000000000000000000000000000000000000000000000000000000000000000000000000000000000000000000000000000000000000000000000000000000000000000000000000000000000000000000000000000000000000000000000000000000000000000000000000000000000000000000000000000000000000000000000000000000000000000000000000000000000000000000000000000000000000000000000000000000000000000000000000000000000000000000000000000000000000000000000000000000000000000000000000000000000000000000000000000000000000000000000000000000000000000000000000000000000000000000000000000000000000000000000000000000000000000000000000000000000000000000000000000000000000000000000000000000000000000000000000000000000000000000000000000000000000000000000000000000000000000000000000000000000000000000000000000000000000000000000000000000000000000000000000000000000000000000000000000000000000000000000000000000000000000000000000000000000000000000000000000000000000000000000000000000000000000000000000000000000000000000000000000000000000000000000000000000000000000000000000000000000000000000000000000000000000000000000000000000000000000000000000000000000000000000000000000000000000000000000000000000000000000000000000000000000000000000000000000000000000000000000000000000000000000000000000000000000000000000000000000000000000000000000000000000000000000000000000000000000000000000000000000000000000000000000000000000000000000000000000000000000000000000000000000000000000000000000000000000000000000000000000000000000000000000000000000000000000000000000000000000000000000000000000000000000000000000000000000000000000000000000000000000000000000000000000000000000000000000000000000000000000000000000000000000000000000000000000000000000000000000000000000000000000000000000000000000000000000000000000000000000000000000000000000000000000000000000000000000000000000000000000000000000000000000000000000000000000000000000000000000000000000000000000000000000000000000000000000000000000000000000000000000000000000000000000000000000000000000000000000000000000000000000000000000000000000000000000000000000000000000000000000000000000000000000000000000000000000000000000000000000000000000000000000000000000000000000000000000000000000000000000000000000000000000000000000000000000000000000000000000000000000000000000000000000000000000000000000000000000000000000000000000000000000000000000000000000000000000000000000000000000000000000000000000000000000000000000000000000000000000000000000000000000000000000000000000000000000000000000000000000000000000000000000000000000000000000000000000000000000000000000000000000000000000000000000000000000000000000000000000000000000000000000000000000000000000000000000000000000000000000000000000000000000000000000000000000000000000000000000000000000000000000000000000000000000000000000000000000000000000000000000000000000000000000000000000000000000000000000000000000000000000000000000000000000000000000000000000000000000000000000000000000000000000000000000000000000000000000000000000000000000000000000000000000000000000000000000000000000000000000000000000000000000000000000000000000000000000000000000000000000000000000000000000000000000000000000000000000000000000000000000000000000000000000000000000000000000000000000000000000000000000000000000000000000000000000000000000000000000000000000000000000000000000000000000000000000000000000000000000000000000000000000000000000000000000000000000000000000000000000000000000000000000000000000000000000000000000000000000000000000000000000000000000000000000000000000000000000000000000000000000000000000000000000000000000000000000000000000000000000000000000000000000000000000000000000000000000000000000000000000000000000000000000000000000000000000000000000000000000000000000000000000000000000000000000000000000000000000000000000000000000000000000000000000000000000000000000000000000000000000000000000000000000000000000000000000000000000000000000000000000000000000000000000000000000000000000000000000000000000000000000000000000000000000000000000000000000000000000000000000000000000000000000000000000000000000000000000000000000000000000000000000000000000000000000000000000000000000000000000000000000000000000000000000000000000000000000000000000000000000000000000000000000000000000000000000000000000000000000000000000000000000000000000000000000000000000000000000000000000000000000000000000000000000000000000000000000000000000000000000000000000000000000000000000000000000000000000000000000000000000000000000000000000000000000000000000000000000000000000000000000000000000000000000000000000000000000000000000000000000000000000000000000000000000000000000000000000000000000000000000000000000000000000000000000000000000000000000000000000000000000000000000000000000000000000000000000000000000000000000000000000000000000000000000000000000000000000000000000000000000000000000000000000000000000000000000000000000000000000000000000000000000000000000000000000000000000000000000000000000000000000000000000000000000000000000000000000000000000000000000000000000000000000000000000000000000000000000000000000000000000000000000000000000000000000000000000000000000000000000000000000000000000000000000000000000000000000000000000000000000000000000000000000000000000000000000000000000000000000000000000000000000000000000000000000000000000000000000000000000000000000000000000000000000000000000000000000000000000000000000000000000000000000000000000000000000000000000000000000000000000000000000000000000000000000000000000000000000000000000000000000000000000000000000000000000000000000000000000000000000000000000000000000000000000000000000000000000000000000000000000000000000000000000000000000000000000000000000000000000000000000000000000000000000000000000000000000000000000000000000000000000000000000000000000000000000000000000000000000000000000000000000000000000000000000000000000000000000000000000000000000000000000000000000000000000000000000000000000000000000000000000000000000000000000000000000000000000000000000000000000000000000000000000000000000000000000000000000000000000000000000000000000000000000000000000000000000000000000000000000000000000000000000000000000000000000000000000000000000000000000000000000000000000000000000000000000000000000000000000000000000000000000000000000000000000000000000000000000000000000000000000000000000000000000000000000000000000000000000000000000000000000000000000000000000000000000000000000000000000000000000000000000000000000000000000000000000000000)
GO
GO
INSERT INTO [dbo].[torneo_imagen] ([id_torneo_imagen], [id_torneo], [imagen]) VALUES (N'3', N'16', 0xFFD8FFE000104A46494600010101006000600000FFDB0043000201010201010202020202020202030503030303030604040305070607070706070708090B0908080A0807070A0D0A0A0B0C0C0C0C07090E0F0D0C0E0B0C0C0CFFDB004301020202030303060303060C0807080C0C0C0C0C0C0C0C0C0C0C0C0C0C0C0C0C0C0C0C0C0C0C0C0C0C0C0C0C0C0C0C0C0C0C0C0C0C0C0C0C0C0C0C0C0C0C0C0C0CFFC00011080009000903012200021101031101FFC4001F0000010501010101010100000000000000000102030405060708090A0BFFC400B5100002010303020403050504040000017D01020300041105122131410613516107227114328191A1082342B1C11552D1F02433627282090A161718191A25262728292A3435363738393A434445464748494A535455565758595A636465666768696A737475767778797A838485868788898A92939495969798999AA2A3A4A5A6A7A8A9AAB2B3B4B5B6B7B8B9BAC2C3C4C5C6C7C8C9CAD2D3D4D5D6D7D8D9DAE1E2E3E4E5E6E7E8E9EAF1F2F3F4F5F6F7F8F9FAFFC4001F0100030101010101010101010000000000000102030405060708090A0BFFC400B51100020102040403040705040400010277000102031104052131061241510761711322328108144291A1B1C109233352F0156272D10A162434E125F11718191A262728292A35363738393A434445464748494A535455565758595A636465666768696A737475767778797A82838485868788898A92939495969798999AA2A3A4A5A6A7A8A9AAB2B3B4B5B6B7B8B9BAC2C3C4C5C6C7C8C9CAD2D3D4D5D6D7D8D9DAE2E3E4E5E6E7E8E9EAF2F3F4F5F6F7F8F9FAFFDA000C03010002110311003F00FC000DB4E470474357FF00E12DD57FE825A87FE043FF008D67D7EB05007FFFD900000000000000000000000000000000000000000000000000000000000000000000000000000000000000000000000000000000000000000000000000000000000000000000000000000000000000000000000000000000000000000000000000000000000000000000000000000000000000000000000000000000000000000000000000000000000000000000000000000000000000000000000000000000000000000000000000000000000000000000000000000000000000000000000000000000000000000000000000000000000000000000000000000000000000000000000000000000000000000000000000000000000000000000000000000000000000000000000000000000000000000000000000000000000000000000000000000000000000000000000000000000000000000000000000000000000000000000000000000000000000000000000000000000000000000000000000000000000000000000000000000000000000000000000000000000000000000000000000000000000000000000000000000000000000000000000000000000000000000000000000000000000000000000000000000000000000000000000000000000000000000000000000000000000000000000000000000000000000000000000000000000000000000000000000000000000000000000000000000000000000000000000000000000000000000000000000000000000000000000000000000000000000000000000000000000000000000000000000000000000000000000000000000000000000000000000000000000000000000000000000000000000000000000000000000000000000000000000000000000000000000000000000000000000000000000000000000000000000000000000000000000000000000000000000000000000000000000000000000000000000000000000000000000000000000000000000000000000000000000000000000000000000000000000000000000000000000000000000000000000000000000000000000000000000000000000000000000000000000000000000000000000000000000000000000000000000000000000000000000000000000000000000000000000000000000000000000000000000000000000000000000000000000000000000000000000000000000000000000000000000000000000000000000000000000000000000000000000000000000000000000000000000000000000000000000000000000000000000000000000000000000000000000000000000000000000000000000000000000000000000000000000000000000000000000000000000000000000000000000000000000000000000000000000000000000000000000000000000000000000000000000000000000000000000000000000000000000000000000000000000000000000000000000000000000000000000000000000000000000000000000000000000000000000000000000000000000000000000000000000000000000000000000000000000000000000000000000000000000000000000000000000000000000000000000000000000000000000000000000000000000000000000000000000000000000000000000000000000000000000000000000000000000000000000000000000000000000000000000000000000000000000000000000000000000000000000000000000000000000000000000000000000000000000000000000000000000000000000000000000000000000000000000000000000000000000000000000000000000000000000000000000000000000000000000000000000000000000000000000000000000000000000000000000000000000000000000000000000000000000000000000000000000000000000000000000000000000000000000000000000000000000000000000000000000000000000000000000000000000000000000000000000000000000000000000000000000000000000000000000000000000000000000000000000000000000000000000000000000000000000000000000000000000000000000000000000000000000000000000000000000000000000000000000000000000000000000000000000000000000000000000000000000000000000000000000000000000000000000000000000000000000000000000000000000000000000000000000000000000000000000000000000000000000000000000000000000000000000000000000000000000000000000000000000000000000000000000000000000000000000000000000000000000000000000000000000000000000000000000000000000000000000000000000000000000000000000000000000000000000000000000000000000000000000000000000000000000000000000000000000000000000000000000000000000000000000000000000000000000000000000000000000000000000000000000000000000000000000000000000000000000000000000000000000000000000000000000000000000000000000000000000000000000000000000000000000000000000000000000000000000000000000000000000000000000000000000000000000000000000000000000000000000000000000000000000000000000000000000000000000000000000000000000000000000000000000000000000000000000000000000000000000000000000000000000000000000000000000000000000000000000000000000000000000000000000000000000000000000000000000000000000000000000000000000000000000000000000000000000000000000000000000000000000000000000000000000000000000000000000000000000000000000000000000000000000000000000000000000000000000000000000000000000000000000000000000000000000000000000000000000000000000000000000000000000000000000000000000000000000000000000000000000000000000000000000000000000000000000000000000000000000000000000000000000000000000000000000000000000000000000000000000000000000000000000000000000000000000000000000000000000000000000000000000000000000000000000000000000000000000000000000000000000000000000000000000000000000000000000000000000000000000000000000000000000000000000000000000000000000000000000000000000000000000000000000000000000000000000000000000000000000000000000000000000000000000000000000000000000000000000000000000000000000000000000000000000000000000000000000000000000000000000000000000000000000000000000000000000000000000000000000000000000000000000000000000000000000000000000000000000000000000000000000000000000000000000000000000000000000000000000000000000000000000000000000000000000000000000000000000000000000000000000000000000000000000000000000000000000000000000000000000000000000000000000000000000000000000000000000000000000000000000000000000000000000000000000000000000000000000000000000000000000000000000000000000000000000000000000000000000000000000000000000000000000000000000000000000000000000000000000000000000000000000000000000000000000000000000000000000000000000000000000000000000000000000000000000000000000000000000000000000000000000000000000000000000000000000000000000000000000000000000000000000000000000000000000000000000000000000000000000000000000000000000000000000000000000000000000000000000000000000000000000000000000000000000000000000000000000000000000000000000000000000000000000000000000000000000000000000000000000000000000000000000000000000000000000000000000000000000000000000000000000000000000000000000000000000000000000000000000000000000000000000000000000000000000000000000000000000000000000000000000000000000000000000000000000000000000000000000000000000000000000000000000000000000000000000000000000000000000000000000000000000000000000000000000000000000000000000000000000000000000000000000000000000000000000000000000000000000000000000000000000000000000000000000000000000000000000000000000000000000000000000000000000000000000000000000000000000000000000000000000000000000000000000000000000000000000000000000000000000000000000000000000000000000000000000000000000000000000000000000000000000000000000000000000000000000000000000000000000000000000000000000000000000000000000000000000000000000000000000000000000000000000000000000000000000000000000000000000000000000000000000000000000000000000000000000000000000000000000000000000000000000000000000000000000000000000000000000000000000000000000000000000000000000000000000000000000000000000000000000000000000000000000000000000000000000000000000000000000000000000000000000000000000000000000000000000000000000000000000000000000000000000000000000000000000000000000000000000000000000000000000000000000000000000000000000000000000000000000000000000000000000000000000000000000000000000000000000000000000000000000000000000000000000000000000000000000000000000000000000000000000000000000000000000000000000000000000000000000000000000000000000000000000000000000000000000000000000000000000000000000000000000000000000000000000000000000000000000000000000000000000000000000000000000000000000000000000000000000000000000000000000000000000000000000000000000000000000000000000000000000000000000000000000000000000000000000000000000000000000000000000000000000000000000000000000000000000000000000000000000000000000000000000000000000000000000000000000000000000000000000000000000000000000000000000000000000000000000000000000000000000000000000000000000000000000000000000000000000000000000000000000000000000000000000000000000000000000000000000000000000000000000000000000000000000000000000000000000000000000000000000000000000000000000000000000000000000000000000000000000000000000000000000000000000000000000000000000000000000000000000000000000000000000000000000000000000000000000000000000000000000000000000000000000000000000000000000000000000000000000000000000000000000000000000000000000000000000000000000000000000000000000000000000000000000000000000000000000000000000000000000000000000000000000000000000000000000000000000000000000000000000000000000000000000000000000000000000000000000000000000000000000000000000000000000000000000000000000000000000000000000000000000000000000000000000000000000000000000000000000000000000000000000000000000000000000000000000000000000000000000000000000000000000000000000000000000000000000000000000000000000000000000000000000000000000000000000000000000000000000000000000000000000000000000000000000000000000000000000000000000000000000000000000000000000000000000000000000000000000000000000000000000000000000000000000000000000000000000000000000000000000000000000000000000000000000000000000000000000000000000000000000000000000000000000000000000000000000000000000000000000000000000000000000000000000000000000000000000000000000000000000000000000000000000000000000000000000000000000000000000000000000000000000000000000000000000000000000000000000000000000000000000000000000000000000000000000000000000000000000000000000000000000000000000000000000000000000000000000000000000000000000000000000000000000000000000000000000000000000000000000000000000000000000000000000000000000000000000000000000000000000000000000000000000000000000000000000000000000000000000000000000000000000000000000000000000000000000000000000000000000000000000000000000000000000000000000000000000000000000000000000000000000000000000000000000000000000000000000000000000000000000000000000000000000000000000000000000000000000000000000000000000000000000000000000000000000000000000000000000000000000000000000000000000000000000000000000000000000000000000000000000000000000000000000000000000000000000000000000000000000000000000000000000000000000000000000000000000000000000000000000000000000000000000000000000000000000000000000000000000000000000000000000000000000000000000000000000000000000000000000000000000000000000000000000000000000000000000000000000000000000000000000000000000000000000000000000000000000000000000000000000000000000000000000000000000000000000000000000000000000000000000000000000000000000000000000000000000000000000000000000000000000000000000000000000000000000000000000000000000000000000000000000000000000000000000000000000000000000000000000000000000000000000000000000000000000000000000000000000000000000000000000000000000000000000000000000000000000000000000000000000000000000000000000000000000000000000000000000000000000000000000000000000000000000000000000000000000000000000000000000000000000000000000000000000000000000000000000000000000000000000000000000000000000000000000000000000000000000000000000000000000000000000000000000000000000000000000000000000000000000000000000000000000000000000000000000000000000000000000000000000000000000000000000000000000000000000000000000000000000000000000000000000000000000000000000000000000000000000000000000000000000000000000000000000000000000000000000000000000000000000000000000000000000000000000000000000000000000000000000000000000000000000000000000000000000000000000000000000000000000000000000000000000000000000000000000000000000000000000000000000000000000000000000000000000000000000000000000000000000000000000000000000000000000000000000000000000000000000000000000000000000000000000000000000000000000000000000000000000000000000000000000000000000000000000000000000000000000000000000000000000000000000000000000000000000000000000000000000000000000000000000000000000000000000000000000000000000000000000000000000000000000000000000000000000000000000000000000000000000000000000000000000000000000000000000000000000000000000000000000000000000000000000000000000000000000000000000000000000000000000000000000000000000000000000000000000000000000000000000000000000000000000000000000000000000000000000000000000000000000000000000000000000000000000000000000000000000000000000000000000000000000000000000000000000000000000000000000000000000000000000000000000000000000000000000000000000000000000000000000000000000000000000000000000000000000000000000000000000000000000000000000000000000000000000000000000000000000000000000000000000000000000000000000000000000000000000000000000000000000000000000000000000000000000000000000000000000000000000000000000000000000000000000000000000000000000000000000000000000000000000000000000000000000000000000000000000000000000000000000000000000000000000000000000000000000000000000000000000000000000000000000000000000000000000000000000000000000000000000000000000000000000000000000000000000000000000000000000000000000000000000000000000000000000000000000000000000000000000000000000000000000000000000000000000000000000000000000000000000000000000000000000000000000000000000000000000000000000000000000000000000000000000000000000000000000000000000000000000000000000000000000000000000000000000000000000000000000000000000000000000000000000000000000000000000000000000000000000000000000000000000000000000000000000000000000000000000000000000000000000000000000000000000000000000000000000000000000000000000000000000000000000000000000000000000000000000000000000000000000000000000000000000000000000000000000000000000000000000000000000000000000000000000000000000000000000000000000000000000000000000000000000000000000000000000000000000000000000000000000000000000000000000000000000000000000000000000000000000000000000000000000000000000000000000000000000000000000000000000000000000000000000000000000000000000000000000000000000000000000000000000000000000000000000000000000000000000000000000000000000000000000000000000000000000000000000000000000000000000000000000000000000000000000000000000000000000000000000000000000000000000000000000000000000000000000000000000000000000000000000000000000000000000000000000000000000000000000000000000000000000000000000000000000000000000000000000000000000000000000000000000000000000000000000000000000000000000000000000000000000000000000000000000000000000000000000000000000000000000000000000000000000000000000000000000000000000000000000000000000000000000000000000000000000000000000000000000000000000000000000000000000000000000000000000000000000000000000000000000000000000000000000000000000000000000000000000000000000000000000000000000000000000000000000000000000000000000000000000000000000000000000000000000000000000000000000000000000000000000000000000000000000000000000000000000000000000000000000000000000000000000000000000000000000000000000000000000000000000000000000000000000000000000000000000000000000000000000000000000000000000000000000000000)
GO
GO
INSERT INTO [dbo].[torneo_imagen] ([id_torneo_imagen], [id_torneo], [imagen]) VALUES (N'7', N'20', 0x0000000000000000000000000000000000000000000000000000000000000000000000000000000000000000000000000000000000000000000000000000000000000000000000000000000000000000000000000000000000000000000000000000000000000000000000000000000000000000000000000000000000000000000000000000000000000000000000000000000000000000000000000000000000000000000000000000000000000000000000000000000000000000000000000000000000000000000000000000000000000000000000000000000000000000000000000000000000000000000000000000000000000000000000000000000000000000000000000000000000000000000000000000000000000000000000000000000000000000000000000000000000000000000000000000000000000000000000000000000000000000000000000000000000000000000000000000000000000000000000000000000000000000000000000000000000000000000000000000000000000000000000000000000000000000000000000000000000000000000000000000000000000000000000000000000000000000000000000000000000000000000000000000000000000000000000000000000000000000000000000000000000000000000000000000000000000000000000000000000000000000000000000000000000000000000000000000000000000000000000000000000000000000000000000000000000000000000000000000000000000000000000000000000000000000000000000000000000000000000000000000000000000000000000000000000000000000000000000000000000000000000000000000000000000000000000000000000000000000000000000000000000000000000000000000000000000000000000000000000000000000000000000000000000000000000000000000000000000000000000000000000000000000000000000000000000000000000000000000000000000000000000000000000000000000000000000000000000000000000000000000000000000000000000000000000000000000000000000000000000000000000000000000000000000000000000000000000000000000000000000000000000000000000000000000000000000000000000000000000000000000000000000000000000000000000000000000000000000000000000000000000000000000000000000000000000000000000000000000000000000000000000000000000000000000000000000000000000000000000000000000000000000000000000000000000000000000000000000000000000000000000000000000000000000000000000000000000000000000000000000000000000000000000000000000000000000000000000000000000000000000000000000000000000000000000000000000000000000000000000000000000000000000000000000000000000000000000000000000000000000000000000000000000000000000000000000000000000000000000000000000000000000000000000000000000000000000000000000000000000000000000000000000000000000000000000000000000000000000000000000000000000000000000000000000000000000000000000000000000000000000000000000000000000000000000000000000000000000000000000000000000000000000000000000000000000000000000000000000000000000000000000000000000000000000000000000000000000000000000000000000000000000000000000000000000000000000000000000000000000000000000000000000000000000000000000000000000000000000000000000000000000000000000000000000000000000000000000000000000000000000000000000000000000000000000000000000000000000000000000000000000000000000000000000000000000000000000000000000000000000000000000000000000000000000000000000000000000000000000000000000000000000000000000000000000000000000000000000000000000000000000000000000000000000000000000000000000000000000000000000000000000000000000000000000000000000000000000000000000000000000000000000000000000000000000000000000000000000000000000000000000000000000000000000000000000000000000000000000000000000000000000000000000000000000000000000000000000000000000000000000000000000000000000000000000000000000000000000000000000000000000000000000000000000000000000000000000000000000000000000000000000000000000000000000000000000000000000000000000000000000000000000000000000000000000000000000000000000000000000000000000000000000000000000000000000000000000000000000000000000000000000000000000000000000000000000000000000000000000000000000000000000000000000000000000000000000000000000000000000000000000000000000000000000000000000000000000000000000000000000000000000000000000000000000000000000000000000000000000000000000000000000000000000000000000000000000000000000000000000000000000000000000000000000000000000000000000000000000000000000000000000000000000000000000000000000000000000000000000000000000000000000000000000000000000000000000000000000000000000000000000000000000000000000000000000000000000000000000000000000000000000000000000000000000000000000000000000000000000000000000000000000000000000000000000000000000000000000000000000000000000000000000000000000000000000000000000000000000000000000000000000000000000000000000000000000000000000000000000000000000000000000000000000000000000000000000000000000000000000000000000000000000000000000000000000000000000000000000000000000000000000000000000000000000000000000000000000000000000000000000000000000000000000000000000000000000000000000000000000000000000000000000000000000000000000000000000000000000000000000000000000000000000000000000000000000000000000000000000000000000000000000000000000000000000000000000000000000000000000000000000000000000000000000000000000000000000000000000000000000000000000000000000000000000000000000000000000000000000000000000000000000000000000000000000000000000000000000000000000000000000000000000000000000000000000000000000000000000000000000000000000000000000000000000000000000000000000000000000000000000000000000000000000000000000000000000000000000000000000000000000000000000000000000000000000000000000000000000000000000000000000000000000000000000000000000000000000000000000000000000000000000000000000000000000000000000000000000000000000000000000000000000000000000000000000000000000000000000000000000000000000000000000000000000000000000000000000000000000000000000000000000000000000000000000000000000000000000000000000000000000000000000000000000000000000000000000000000000000000000000000000000000000000000000000000000000000000000000000000000000000000000000000000000000000000000000000000000000000000000000000000000000000000000000000000000000000000000000000000000000000000000000000000000000000000000000000000000000000000000000000000000000000000000000000000000000000000000000000000000000000000000000000000000000000000000000000000000000000000000000000000000000000000000000000000000000000000000000000000000000000000000000000000000000000000000000000000000000000000000000000000000000000000000000000000000000000000000000000000000000000000000000000000000000000000000000000000000000000000000000000000000000000000000000000000000000000000000000000000000000000000000000000000000000000000000000000000000000000000000000000000000000000000000000000000000000000000000000000000000000000000000000000000000000000000000000000000000000000000000000000000000000000000000000000000000000000000000000000000000000000000000000000000000000000000000000000000000000000000000000000000000000000000000000000000000000000000000000000000000000000000000000000000000000000000000000000000000000000000000000000000000000000000000000000000000000000000000000000000000000000000000000000000000000000000000000000000000000000000000000000000000000000000000000000000000000000000000000000000000000000000000000000000000000000000000000000000000000000000000000000000000000000000000000000000000000000000000000000000000000000000000000000000000000000000000000000000000000000000000000000000000000000000000000000000000000000000000000000000000000000000000000000000000000000000000000000000000000000000000000000000000000000000000000000000000000000000000000000000000000000000000000000000000000000000000000000000000000000000000000000000000000000000000000000000000000000000000000000000000000000000000000000000000000000000000000000000000000000000000000000000000000000000000000000000000000000000000000000000000000000000000000000000000000000000000000000000000000000000000000000000000000000000000000000000000000000000000000000000000000000000000000000000000000000000000000000000000000000000000000000000000000000000000000000000000000000000000000000000000000000000000000000000000000000000000000000000000000000000000000000000000000000000000000000000000000000000000000000000000000000000000000000000000000000000000000000000000000000000000000000000000000000000000000000000000000000000000000000000000000000000000000000000000000000000000000000000000000000000000000000000000000000000000000000000000000000000000000000000000000000000000000000000000000000000000000000000000000000000000000000000000000000000000000000000000000000000000000000000000000000000000000000000000000000000000000000000000000000000000000000000000000000000000000000000000000000000000000000000000000000000000000000000000000000000000000000000000000000000000000000000000000000000000000000000000000000000000000000000000000000000000000000000000000000000000000000000000000000000000000000000000000000000000000000000000000000000000000000000000000000000000000000000000000000000000000000000000000000000000000000000000000000000000000000000000000000000000000000000000000000000000000000000000000000000000000000000000000000000000000000000000000000000000000000000000000000000000000000000000000000000000000000000000000000000000000000000000000000000000000000000000000000000000000000000000000000000000000000000000000000000000000000000000000000000000000000000000000000000000000000000000000000000000000000000000000000000000000000000000000000000000000000000000000000000000000000000000000000000000000000000000000000000000000000000000000000000000000000000000000000000000000000000000000000000000000000000000000000000000000000000000000000000000000000000000000000000000000000000000000000000000000000000000000000000000000000000000000000000000000000000000000000000000000000000000000000000000000000000000000000000000000000000000000000000000000000000000000000000000000000000000000000000000000000000000000000000000000000000000000000000000000000000000000000000000000000000000000000000000000000000000000000000000000000000000000000000000000000000000000000000000000000000000000000000000000000000000000000000000000000000000000000000000000000000000000000000000000000000000000000000000000000000000000000000000000000000000000000000000000000000000000000000000000000000000000000000000000000000000000000000000000000000000000000000000000000000000000000000000000000000000000000000000000000000000000000000000000000000000000000000000000000000000000000000000000000000000000000000000000000000000000000000000000000000000000000000000000000000000000000000000000000000000000000000000000000000000000000000000000000000000000000000000000000000000000000000000000000000000000000000000000000000000000000000000000000000000000000000000000000000000000000000000000000000000000000000000000000000000000000000000000000000000000000000000000000000000000000000000000000000000000000000000000000000000000000000000000000000000000000000000000000000000000000000000000000000000000000000000000000000000000000000000000000000000000000000000000000000000000000000000000000000000000000000000000000000000000000000000000000000000000000000000000000000000000000000000000000000000000000000000000000000000000000000000000000000000000000000000000000000000000000000000000000000000000000000000000000000000000000000000000000000000000000000000000000000000000000000000000000000000000000000000000000000000000000000000000000000000000000000000000000000000000000000000000000000000000000000000000000000000000000000000000000000000000000000000000000000000000000000000000000000000000000000000000000000000000000000000000000000000000000000000000000000000000000000000000000000000000000000000000000000000000000000000000000000000000000000000000000000000000000000000000000000000000000000000000000000000000000000000000000000000000000000000000000000000000000000000000000000000000000000000000000000000000000000000000000000000000000000000000000000000000000000000000000000000000000000000000000000000000000000000000000000000000000000000000000000000000000000000000000000000000000000000000000000000000000000000000000000000000000000000000000000000000000000000000000000000000000000000000000000000000000000000000000000000000000000000000000000000000000000000000000000000000000000000000000000000000000000000000000000000000000000000000000000000000000000000000000000000000000000000000000000000000000000000000000000000000000000000000000000000000000000000000000000000000000000000000000000000000000000000000000000000000000000000000000000000000000000000000000000000000000000000000000000000000000000000000000000000000000000000000000000000000000000000000000000000000000000000000000000000000000000000000000000000000000000000000000000000000000000000000000000000000000000000000000000000000000000000000000000000000000000000000000000000000000000000000000000000000000000000000000000000000000000000000000000000000000000000000000000000000000000000000000000000000000000000000000000000000000000000000000000000000000000000000000000000000000000000000000000000000000000000000000000000000000000000000000000000000000000000000000000000000000000000000000000000000000000000000000000000000000000000000000000000000000000000000000000000000000000000000000000000000000000000000000000000000000000000000000000000000000000000000000000000000000000000000000000000000000000000000000000000000000000000000000000000000000000000000000000000000000000000000000000000000000000000000000000000000000000000000000000000000000000000000000000000000000000000000000000000000000000000000000000000000000000000000000000000000000000000000000000000000000000000000000000000000000000000000000000000000000000000000000000000000000000000000000000000000000000000000000000000000000000000000000000000000000000000000000000000000000000000000000000000000000000000000000000000000000000000000000000000000000000000000000000000000000000000000000000000000000000000000000000000000000000000000000000000000000000000000000000000000000000000000000000000000000000000000000000000000000000000000000000000000000000000000000000000000000000000000000000000000000000000000000000000000000000000000000000000000000000000000000000000000000000000000000000000000000000000000000000000000000000000000000000000000000000000000000000000000000000000000000000000000000000000000000000000000000000000000000000000000000000000000000000000000000000000000000000000000000000000000000000000000000000000000000000000000000000000000000000000000000000000000000000000000000000000000000000000000000000000000000000000000000000000000000000000000000000000000000000000000000000000000000000000000000000000000000000000000000000000000000000000000000000000000000000000000000000000000000000000000000000000000000000000000000000000000000000000000000000000000000000000000000000000000000000000000000000000000000000000000000000000000000000000000000000000000000000000000000000000000000000000000000000000000000000000000000000000000000000000000000000000000000000000000000000000000000000000000000000000000000000000000000000000000000000000000000000000000000000000000000000000000000000000000000000000000000000000000000000000000000000000000000000000000000000000000000000000000000000000000000000000000000000000000000000000000000000000000000000000000000000000000000000000000000000000000000000000000000000000000000000000000000000000000000000000000000000000000000000000000000000000000000000000000000000000000000000000000000000000000000000000000000000000000000000000000000000000000000000000000000000000000000000000000000000000000000000000000000000000000000000000000000000000000000000000000000000000000000000000000000000000000000000000000000000000000000000000000000000000000000000000000000000000000000000000000000000000000000000000000000000000000000000000000000000000000000000000000000000000000000000000000000000000000000000000000000000000000000000000000000000000000000000000000000000000000000000000000000000000000000000000000000000000000000000000000000000000000000000000000000000000000000000000000000000000000000000000000000000000000000000000000000000000000000000000000000000000000000000000000000000000000000000000000000000000000000000000000000000000000000000000000000000000000000000000000000000000000000000000000000000000000000000000000000000000000000000000000000000000000000000000000000000000000000000000000000000000000000000000000000000000000000000000000000000000000000000000000000000000000000000000000000000000000000000000000000000000000000000000000000000000000000000000000000000000000000000000000000000000000)
GO
GO
INSERT INTO [dbo].[torneo_imagen] ([id_torneo_imagen], [id_torneo], [imagen]) VALUES (N'8', N'21', 0xFFD8FFE000104A46494600010101006000600000FFDB0043000201010201010202020202020202030503030303030604040305070607070706070708090B0908080A0807070A0D0A0A0B0C0C0C0C07090E0F0D0C0E0B0C0C0CFFDB004301020202030303060303060C0807080C0C0C0C0C0C0C0C0C0C0C0C0C0C0C0C0C0C0C0C0C0C0C0C0C0C0C0C0C0C0C0C0C0C0C0C0C0C0C0C0C0C0C0C0C0C0C0C0C0CFFC00011080009000903012200021101031101FFC4001F0000010501010101010100000000000000000102030405060708090A0BFFC400B5100002010303020403050504040000017D01020300041105122131410613516107227114328191A1082342B1C11552D1F02433627282090A161718191A25262728292A3435363738393A434445464748494A535455565758595A636465666768696A737475767778797A838485868788898A92939495969798999AA2A3A4A5A6A7A8A9AAB2B3B4B5B6B7B8B9BAC2C3C4C5C6C7C8C9CAD2D3D4D5D6D7D8D9DAE1E2E3E4E5E6E7E8E9EAF1F2F3F4F5F6F7F8F9FAFFC4001F0100030101010101010101010000000000000102030405060708090A0BFFC400B51100020102040403040705040400010277000102031104052131061241510761711322328108144291A1B1C109233352F0156272D10A162434E125F11718191A262728292A35363738393A434445464748494A535455565758595A636465666768696A737475767778797A82838485868788898A92939495969798999AA2A3A4A5A6A7A8A9AAB2B3B4B5B6B7B8B9BAC2C3C4C5C6C7C8C9CAD2D3D4D5D6D7D8D9DAE2E3E4E5E6E7E8E9EAF2F3F4F5F6F7F8F9FAFFDA000C03010002110311003F00FC000DB4E470474357FF00E12DD57FE825A87FE043FF008D67D7EB05007FFFD900000000000000000000000000000000000000000000000000000000000000000000000000000000000000000000000000000000000000000000000000000000000000000000000000000000000000000000000000000000000000000000000000000000000000000000000000000000000000000000000000000000000000000000000000000000000000000000000000000000000000000000000000000000000000000000000000000000000000000000000000000000000000000000000000000000000000000000000000000000000000000000000000000000000000000000000000000000000000000000000000000000000000000000000000000000000000000000000000000000000000000000000000000000000000000000000000000000000000000000000000000000000000000000000000000000000000000000000000000000000000000000000000000000000000000000000000000000000000000000000000000000000000000000000000000000000000000000000000000000000000000000000000000000000000000000000000000000000000000000000000000000000000000000000000000000000000000000000000000000000000000000000000000000000000000000000000000000000000000000000000000000000000000000000000000000000000000000000000000000000000000000000000000000000000000000000000000000000000000000000000000000000000000000000000000000000000000000000000000000000000000000000000000000000000000000000000000000000000000000000000000000000000000000000000000000000000000000000000000000000000000000000000000000000000000000000000000000000000000000000000000000000000000000000000000000000000000000000000000000000000000000000000000000000000000000000000000000000000000000000000000000000000000000000000000000000000000000000000000000000000000000000000000000000000000000000000000000000000000000000000000000000000000000000000000000000000000000000000000000000000000000000000000000000000000000000000000000000000000000000000000000000000000000000000000000000000000000000000000000000000000000000000000000000000000000000000000000000000000000000000000000000000000000000000000000000000000000000000000000000000000000000000000000000000000000000000000000000000000000000000000000000000000000000000000000000000000000000000000000000000000000000000000000000000000000000000000000000000000000000000000000000000000000000000000000000000000000000000000000000000000000000000000000000000000000000000000000000000000000000000000000000000000000000000000000000000000000000000000000000000000000000000000000000000000000000000000000000000000000000000000000000000000000000000000000000000000000000000000000000000000000000000000000000000000000000000000000000000000000000000000000000000000000000000000000000000000000000000000000000000000000000000000000000000000000000000000000000000000000000000000000000000000000000000000000000000000000000000000000000000000000000000000000000000000000000000000000000000000000000000000000000000000000000000000000000000000000000000000000000000000000000000000000000000000000000000000000000000000000000000000000000000000000000000000000000000000000000000000000000000000000000000000000000000000000000000000000000000000000000000000000000000000000000000000000000000000000000000000000000000000000000000000000000000000000000000000000000000000000000000000000000000000000000000000000000000000000000000000000000000000000000000000000000000000000000000000000000000000000000000000000000000000000000000000000000000000000000000000000000000000000000000000000000000000000000000000000000000000000000000000000000000000000000000000000000000000000000000000000000000000000000000000000000000000000000000000000000000000000000000000000000000000000000000000000000000000000000000000000000000000000000000000000000000000000000000000000000000000000000000000000000000000000000000000000000000000000000000000000000000000000000000000000000000000000000000000000000000000000000000000000000000000000000000000000000000000000000000000000000000000000000000000000000000000000000000000000000000000000000000000000000000000000000000000000000000000000000000000000000000000000000000000000000000000000000000000000000000000000000000000000000000000000000000000000000000000000000000000000000000000000000000000000000000000000000000000000000000000000000000000000000000000000000000000000000000000000000000000000000000000000000000000000000000000000000000000000000000000000000000000000000000000000000000000000000000000000000000000000000000000000000000000000000000000000000000000000000000000000000000000000000000000000000000000000000000000000000000000000000000000000000000000000000000000000000000000000000000000000000000000000000000000000000000000000000000000000000000000000000000000000000000000000000000000000000000000000000000000000000000000000000000000000000000000000000000000000000000000000000000000000000000000000000000000000000000000000000000000000000000000000000000000000000000000000000000000000000000000000000000000000000000000000000000000000000000000000000000000000000000000000000000000000000000000000000000000000000000000000000000000000000000000000000000000000000000000000000000000000000000000000000000000000000000000000000000000000000000000000000000000000000000000000000000000000000000000000000000000000000000000000000000000000000000000000000000000000000000000000000000000000000000000000000000000000000000000000000000000000000000000000000000000000000000000000000000000000000000000000000000000000000000000000000000000000000000000000000000000000000000000000000000000000000000000000000000000000000000000000000000000000000000000000000000000000000000000000000000000000000000000000000000000000000000000000000000000000000000000000000000000000000000000000000000000000000000000000000000000000000000000000000000000000000000000000000000000000000000000000000000000000000000000000000000000000000000000000000000000000000000000000000000000000000000000000000000000000000000000000000000000000000000000000000000000000000000000000000000000000000000000000000000000000000000000000000000000000000000000000000000000000000000000000000000000000000000000000000000000000000000000000000000000000000000000000000000000000000000000000000000000000000000000000000000000000000000000000000000000000000000000000000000000000000000000000000000000000000000000000000000000000000000000000000000000000000000000000000000000000000000000000000000000000000000000000000000000000000000000000000000000000000000000000000000000000000000000000000000000000000000000000000000000000000000000000000000000000000000000000000000000000000000000000000000000000000000000000000000000000000000000000000000000000000000000000000000000000000000000000000000000000000000000000000000000000000000000000000000000000000000000000000000000000000000000000000000000000000000000000000000000000000000000000000000000000000000000000000000000000000000000000000000000000000000000000000000000000000000000000000000000000000000000000000000000000000000000000000000000000000000000000000000000000000000000000000000000000000000000000000000000000000000000000000000000000000000000000000000000000000000000000000000000000000000000000000000000000000000000000000000000000000000000000000000000000000000000000000000000000000000000000000000000000000000000000000000000000000000000000000000000000000000000000000000000000000000000000000000000000000000000000000000000000000000000000000000000000000000000000000000000000000000000000000000000000000000000000000000000000000000000000000000000000000000000000000000000000000000000000000000000000000000000000000000000000000000000000000000000000000000000000000000000000000000000000000000000000000000000000000000000000000000000000000000000000000000000000000000000000000000000000000000000000000000000000000000000000000000000000000000000000000000000000000000000000000000000000000000000000000000000000000000000000000000000000000000000000000000000000000000000000000000000000000000000000000000000000000000000000000000000000000000000000000000000000000000000000000000000000000000000000000000000000000000000000000000000000000000000000000000000000000000000000000000000000000000000000000000000000000000000000000000000000000000000000000000000000000000000000000000000000000000000000000000000000000000000000000000000000000000000000000000000000000000000000000000000000000000000000000000000000000000000000000000000000000000000000000000000000000000000000000000000000000000000000000000000000000000000000000000000000000000000000000000000000000000000000000000000000000000000000000000000000000000000000000000000000000000000000000000000000000000000000000000000000000000000000000000000000000000000000000000000000000000000000000000000000000000000000000000000000000000000000000000000000000000000000000000000000000000000000000000000000000000000000000000000000000000000000000000000000000000000000000000000000000000000000000000000000000000000000000000000000000000000000000000000000000000000000000000000000000000000000000000000000000000000000000000000000000000000000000000000000000000000000000000000000000000000000000000000000000000000000000000000000000000000000000000000000000000000000000000000000000000000000000000000000000000000000000000000000000000000000000000000000000000000000000000000000000000000000000000000000000000000000000000000000000000000000000000000000000000000000000000000000000000000000000000000000000000000000000000000000000000000000000000000000000000000000000000000000000000000000000000000000000000000000000000000000000000000000000000000000000000000000000000000000000000000000000000000000000000000000000000000000000000000000000000000000000000000000000000000000000000000000000000000000000000000000000000000000000000000000000000000000000000000000000000000000000000000000000000000000000000000000000000000000000000000000000000000000000000000000000000000000000000000000000000000000000000000000000000000000000000000000000000000000000000000000000000000000000000000000000000000000000000000000000000000000000000000000000000000000000000000000000000000000000000000000000000000000000000000000000000000000000000000000000000000000000000000000000000000000000000000000000000000000000000000000000000000000000000000000000000000000000000000000000000000000000000000000000000000000000000000000000000000000000000000000000000000000000000000000000000000000000000000000000000000000000000000000000000000000000000000000000000000000000000000000000000000000000000000000000000000000000000000000000000000000000000000000000000000000000000000000000000000000000000000000000000000000000000000000000000000000000000000000000000000000000000000000000000000000000000000000000000000000000000000000000000000000000000000000000000000000000000000000000000000000000000000000000000000000000000000000000000000000000000000000000000000000000000000000000000000000000000000000000000000000000000000000000000000000000000000000000000000000000000000000000000000000000000000000000000000000000000000000000000000000000000000000000000000000000000000000000000000000000000000000000000000000000000000000000000000000000000000000000000000000000000000000000000000000000000000000000000000000000000000000000000000000000000000000000000000000000000000000000000000000000000000000000000000000000000000000000000000000000000000000000000000000000000000000000000000000000000000000000000000000000000000000000000000000000000000000000000000000000000000000000000000000000000000000000000000000000000000000000000000000000000000000000000000000000000000000000000000000000000000000000000000000000000000000000000000000000000000000000000000000000000000000000000000000000000000000000000000000000000000000000000000000000000000000000000000000000000000000000000000000000000000000000000000000000000000000000000000000000000000000000000000000000000000000000000000000000000000000000000000000000000000000000000000000000000000000000000000000000000000000000000000000000000000000000000000000000000000000000000000000000000000000000000000000000000000000000000000000000000000000000000000000000000000000000000000000000000000000000000000000000000000000000000000000000000000000000000000000000000000000000000000000000000000000000000000000000000000000000000000000000000000000000000000000000000000000000000000000000000000000000000000000000000000000000000000000000000000000000000000000000000000000000000000000000000000000000000000000000000000000000000000000000000000000000000000000000000000000000000000000000000000000000000000000000000000000000000000000000000000000000000000000000000000000000000000000000000000000000000000000000000000000000000000000000000000000000000000000000000000000000000000000000000000000000000000000000000000000000000000000000000000000000000000000000000000000000000000000000000000000000000000000000000000000000000000000000000000000000000000000000000000000000000000000000000000000000000000000000000000000000000000000000000000000000000000000000000000000000000000000000000000000000000000000000000000000000000000000000000000000000000000000000000000000000000000000000000000000000000000000000000000000000000000000000000000000000000000000000000000000000000000000000000000000000000000000000000000000000000000000000000000000000000000000000000000000000000000000000000000000000000000000000000000000000000000000000000000000000000000000000000000000000000000000000000000000000000000000000000000000000000000000000000000000000000000000000000000000000000000000000000000000000000000000000000000000000000000000000000000000000000000000000000000000000000000000000000000000000000000000000000000000000000000000000000000000000000000000000000000000000000000000000000000000000000000000000000000000000000000000000000000000000000000000000000000000000000000000000000000000000000000000000000000000000000000000000000000000000000000000000000000000000000000000000000000000000000000000000000000000000000000000000000000000000000000000000000000000000000000000000000000000000000000000000000000000000000000000000000000000000000000000000000000000000000000000000000000000000000000000000000000000000000000000000000000000000000000000000000000000000000000000000000000000000000000000000000000000000000000000000000000000000000000000000000000000000000000000000000000000000000000000000000000000000000000000000000000000000000000000000000000000000000000000000000000000000000000000000000000000000000000000000000000000000000000000000000000000000000000000000000000000000000000000000000000000000000000000000000000000000000000000000000000000000000000000000000000000000000000000000000000000000000000000000000000000000000000000000000000000000000000000000000000000000000000000000000000000000000000000000000000000000000000000000000000000000000000000000000000000000000000000000000000000000000000000000000000000000000000000000000000000000000000000000000000000000000000000000000000000000000000000000000000000000000000000000000000000000000000000000000000000000000000000000000000000000000000000000000000000000000000000000000000000000000000000000000000000000000000000000000000000000000000000000000000000000000000000000000000000000000000000000000000000000000000000000000000000000000000000000000000000000000000000000000000000000000000000000000000000000000000000000000000000000000000000000000000000000000)
GO
GO
INSERT INTO [dbo].[torneo_imagen] ([id_torneo_imagen], [id_torneo], [imagen]) VALUES (N'9', N'22', 0x0000000000000000000000000000000000000000000000000000000000000000000000000000000000000000000000000000000000000000000000000000000000000000000000000000000000000000000000000000000000000000000000000000000000000000000000000000000000000000000000000000000000000000000000000000000000000000000000000000000000000000000000000000000000000000000000000000000000000000000000000000000000000000000000000000000000000000000000000000000000000000000000000000000000000000000000000000000000000000000000000000000000000000000000000000000000000000000000000000000000000000000000000000000000000000000000000000000000000000000000000000000000000000000000000000000000000000000000000000000000000000000000000000000000000000000000000000000000000000000000000000000000000000000000000000000000000000000000000000000000000000000000000000000000000000000000000000000000000000000000000000000000000000000000000000000000000000000000000000000000000000000000000000000000000000000000000000000000000000000000000000000000000000000000000000000000000000000000000000000000000000000000000000000000000000000000000000000000000000000000000000000000000000000000000000000000000000000000000000000000000000000000000000000000000000000000000000000000000000000000000000000000000000000000000000000000000000000000000000000000000000000000000000000000000000000000000000000000000000000000000000000000000000000000000000000000000000000000000000000000000000000000000000000000000000000000000000000000000000000000000000000000000000000000000000000000000000000000000000000000000000000000000000000000000000000000000000000000000000000000000000000000000000000000000000000000000000000000000000000000000000000000000000000000000000000000000000000000000000000000000000000000000000000000000000000000000000000000000000000000000000000000000000000000000000000000000000000000000000000000000000000000000000000000000000000000000000000000000000000000000000000000000000000000000000000000000000000000000000000000000000000000000000000000000000000000000000000000000000000000000000000000000000000000000000000000000000000000000000000000000000000000000000000000000000000000000000000000000000000000000000000000000000000000000000000000000000000000000000000000000000000000000000000000000000000000000000000000000000000000000000000000000000000000000000000000000000000000000000000000000000000000000000000000000000000000000000000000000000000000000000000000000000000000000000000000000000000000000000000000000000000000000000000000000000000000000000000000000000000000000000000000000000000000000000000000000000000000000000000000000000000000000000000000000000000000000000000000000000000000000000000000000000000000000000000000000000000000000000000000000000000000000000000000000000000000000000000000000000000000000000000000000000000000000000000000000000000000000000000000000000000000000000000000000000000000000000000000000000000000000000000000000000000000000000000000000000000000000000000000000000000000000000000000000000000000000000000000000000000000000000000000000000000000000000000000000000000000000000000000000000000000000000000000000000000000000000000000000000000000000000000000000000000000000000000000000000000000000000000000000000000000000000000000000000000000000000000000000000000000000000000000000000000000000000000000000000000000000000000000000000000000000000000000000000000000000000000000000000000000000000000000000000000000000000000000000000000000000000000000000000000000000000000000000000000000000000000000000000000000000000000000000000000000000000000000000000000000000000000000000000000000000000000000000000000000000000000000000000000000000000000000000000000000000000000000000000000000000000000000000000000000000000000000000000000000000000000000000000000000000000000000000000000000000000000000000000000000000000000000000000000000000000000000000000000000000000000000000000000000000000000000000000000000000000000000000000000000000000000000000000000000000000000000000000000000000000000000000000000000000000000000000000000000000000000000000000000000000000000000000000000000000000000000000000000000000000000000000000000000000000000000000000000000000000000000000000000000000000000000000000000000000000000000000000000000000000000000000000000000000000000000000000000000000000000000000000000000000000000000000000000000000000000000000000000000000000000000000000000000000000000000000000000000000000000000000000000000000000000000000000000000000000000000000000000000000000000000000000000000000000000000000000000000000000000000000000000000000000000000000000000000000000000000000000000000000000000000000000000000000000000000000000000000000000000000000000000000000000000000000000000000000000000000000000000000000000000000000000000000000000000000000000000000000000000000000000000000000000000000000000000000000000000000000000000000000000000000000000000000000000000000000000000000000000000000000000000000000000000000000000000000000000000000000000000000000000000000000000000000000000000000000000000000000000000000000000000000000000000000000000000000000000000000000000000000000000000000000000000000000000000000000000000000000000000000000000000000000000000000000000000000000000000000000000000000000000000000000000000000000000000000000000000000000000000000000000000000000000000000000000000000000000000000000000000000000000000000000000000000000000000000000000000000000000000000000000000000000000000000000000000000000000000000000000000000000000000000000000000000000000000000000000000000000000000000000000000000000000000000000000000000000000000000000000000000000000000000000000000000000000000000000000000000000000000000000000000000000000000000000000000000000000000000000000000000000000000000000000000000000000000000000000000000000000000000000000000000000000000000000000000000000000000000000000000000000000000000000000000000000000000000000000000000000000000000000000000000000000000000000000000000000000000000000000000000000000000000000000000000000000000000000000000000000000000000000000000000000000000000000000000000000000000000000000000000000000000000000000000000000000000000000000000000000000000000000000000000000000000000000000000000000000000000000000000000000000000000000000000000000000000000000000000000000000000000000000000000000000000000000000000000000000000000000000000000000000000000000000000000000000000000000000000000000000000000000000000000000000000000000000000000000000000000000000000000000000000000000000000000000000000000000000000000000000000000000000000000000000000000000000000000000000000000000000000000000000000000000000000000000000000000000000000000000000000000000000000000000000000000000000000000000000000000000000000000000000000000000000000000000000000000000000000000000000000000000000000000000000000000000000000000000000000000000000000000000000000000000000000000000000000000000000000000000000000000000000000000000000000000000000000000000000000000000000000000000000000000000000000000000000000000000000000000000000000000000000000000000000000000000000000000000000000000000000000000000000000000000000000000000000000000000000000000000000000000000000000000000000000000000000000000000000000000000000000000000000000000000000000000000000000000000000000000000000000000000000000000000000000000000000000000000000000000000000000000000000000000000000000000000000000000000000000000000000000000000000000000000000000000000000000000000000000000000000000000000000000000000000000000000000000000000000000000000000000000000000000000000000000000000000000000000000000000000000000000000000000000000000000000000000000000000000000000000000000000000000000000000000000000000000000000000000000000000000000000000000000000000000000000000000000000000000000000000000000000000000000000000000000000000000000000000000000000000000000000000000000000000000000000000000000000000000000000000000000000000000000000000000000000000000000000000000000000000000000000000000000000000000000000000000000000000000000000000000000000000000000000000000000000000000000000000000000000000000000000000000000000000000000000000000000000000000000000000000000000000000000000000000000000000000000000000000000000000000000000000000000000000000000000000000000000000000000000000000000000000000000000000000000000000000000000000000000000000000000000000000000000000000000000000000000000000000000000000000000000000000000000000000000000000000000000000000000000000000000000000000000000000000000000000000000000000000000000000000000000000000000000000000000000000000000000000000000000000000000000000000000000000000000000000000000000000000000000000000000000000000000000000000000000000000000000000000000000000000000000000000000000000000000000000000000000000000000000000000000000000000000000000000000000000000000000000000000000000000000000000000000000000000000000000000000000000000000000000000000000000000000000000000000000000000000000000000000000000000000000000000000000000000000000000000000000000000000000000000000000000000000000000000000000000000000000000000000000000000000000000000000000000000000000000000000000000000000000000000000000000000000000000000000000000000000000000000000000000000000000000000000000000000000000000000000000000000000000000000000000000000000000000000000000000000000000000000000000000000000000000000000000000000000000000000000000000000000000000000000000000000000000000000000000000000000000000000000000000000000000000000000000000000000000000000000000000000000000000000000000000000000000000000000000000000000000000000000000000000000000000000000000000000000000000000000000000000000000000000000000000000000000000000000000000000000000000000000000000000000000000000000000000000000000000000000000000000000000000000000000000000000000000000000000000000000000000000000000000000000000000000000000000000000000000000000000000000000000000000000000000000000000000000000000000000000000000000000000000000000000000000000000000000000000000000000000000000000000000000000000000000000000000000000000000000000000000000000000000000000000000000000000000000000000000000000000000000000000000000000000000000000000000000000000000000000000000000000000000000000000000000000000000000000000000000000000000000000000000000000000000000000000000000000000000000000000000000000000000000000000000000000000000000000000000000000000000000000000000000000000000000000000000000000000000000000000000000000000000000000000000000000000000000000000000000000000000000000000000000000000000000000000000000000000000000000000000000000000000000000000000000000000000000000000000000000000000000000000000000000000000000000000000000000000000000000000000000000000000000000000000000000000000000000000000000000000000000000000000000000000000000000000000000000000000000000000000000000000000000000000000000000000000000000000000000000000000000000000000000000000000000000000000000000000000000000000000000000000000000000000000000000000000000000000000000000000000000000000000000000000000000000000000000000000000000000000000000000000000000000000000000000000000000000000000000000000000000000000000000000000000000000000000000000000000000000000000000000000000000000000000000000000000000000000000000000000000000000000000000000000000000000000000000000000000000000000000000000000000000000000000000000000000000000000000000000000000000000000000000000000000000000000000000000000000000000000000000000000000000000000000000000000000000000000000000000000000000000000000000000000000000000000000000000000000000000000000000000000000000000000000000000000000000000000000000000000000000000000000000000000000000000000000000000000000000000000000000000000000000000000000000000000000000000000000000000000000000000000000000000000000000000000000000000000000000000000000000000000000000000000000000000000000000000000000000000000000000000000000000000000000000000000000000000000000000000000000000000000000000000000000000000000000000000000000000000000000000000000000000000000000000000000000000000000000000000000000000000000000000000000000000000000000000000000000000000000000000000000000000000000000000000000000000000000000000000000000000000000000000000000000000000000000000000000000000000000000000000000000000000000000000000000000000000000000000000000000000000000000000000000000000000000000000000000000000000000000000000000000000000000000000000000000000000000000000000000000000000000000000000000000000000000000000000000000000000000000000000000000000000000000000000000000000000000000000000000000000000000000000000000000000000000000000000000000000000000000000000000000000000000000000000000000000000000000000000000000000000000000000000000000000000000000000000000000000000000000000000000000000000000000000000000000000000000000000000000000000000000000000000000000000000000000000000000000000000000000000000000000000000000000000000000000000000000000000000000000000000000000000000000000000000000000000000000000000000000000000000000000000000000000000000000000000000000000000000000000000000000000000000000000000000000000000000000000000000000000000000000000000000000000000000000000000000000000000000000000000000000000000000000000000000000000000000000000000000000000000000000000000000000000000000000000000000000000000000000000000000000000000000000000000000000000000000000000000000000000000000000000000000000000000000000000000000000000000000000000000000000000000000000000000000000000000000000000000000000000000000000000000000000000000000000000000000000000000000000000000000000000000000000000000000000000000000000000000000000000000000000000000000000000000000000000000000000000000000000000000000000000000000000000000000000000000000000000000000000000000000000000000000000000000000000000000000000000000000000000000000000000000000000000000000000000000000000000000000000000000000000000000000000000000000000000000000000000000000000000000000000000000000000000000000000000000000000000000000000000000000000000000000000000000000000000000000000000000000000000000000000000000000000000000000000000000000000000000000000000000000000000000000000000000000000000000000000000000000000000000000000000000000000000000000000000000000000000000000000000000000000000000000000000000000000000000000000000000000000000000000000000000000000000000000000000000000000000000000000000000000000000000000000000000000000000000000000000000000000000000000000000000000000000000000000000000000000000000000000000000000000000000000000000000000000000000000000000000000000000000000000000000000000000000000000000000000000000000000000000000000000000000000000000000000000000000000000000000000000000000000000000000000000000000000000000000000000000000000000000000000000000000000000000000000000000000000000000000000000000000000000000000000000000000000000000000000000000000000000000000000000000000000000000000000000000000000000000000000000000000000000000000000000000000000000000000000000000000000000000000000000000000000000000000000000000000000000000000000000000000000000000000000000000000000000000000000000000000000000000000000000000000000000000000000000000000000000000000000000000000000000000000000000000000000000000000000000000000000000000000000000000000000000000000000000000000000000000000000000000000000000000000000000000000000000000000000000000000000000000000000000000000000000000000000000000000000000000000000000000000000000000000000000000000000000000000000000000000000000000000000000000000000000000000000000000000000000000000000000000000000000000000000000000000000000000000000000000000000000000000000000000000000000000000000000000000000000000000000000000000000000000000000000000000000000000000000000000000000000000000000000000000000000000000000000000000000000000000000000000000000000000000000000000000000000000000000000000000000000000000000000000000000000000000000000000000000000000000000000000000000000000000000000000000000000000000000000000000000000000000000000000000000000000000000000000000000000000000000000000000000000000000000000000000000000000000000000000000000000000000000000000000000000000000000000000000000000000000000000000000000000000000000000000000000000000000000000000000000000000000000000000000000000000000000000000000000000000000000000000000000000000000000000000000000000000000000000000000000000000000000000000000000000000000000000000000000000000000000000000000000000000000000000000000000000000000000000000000000000000000000000000000000000000000000000000000000000000000000000000000000000000000000000000000)
GO
GO
INSERT INTO [dbo].[torneo_imagen] ([id_torneo_imagen], [id_torneo], [imagen]) VALUES (N'10', N'23', 0x0000000000000000000000000000000000000000000000000000000000000000000000000000000000000000000000000000000000000000000000000000000000000000000000000000000000000000000000000000000000000000000000000000000000000000000000000000000000000000000000000000000000000000000000000000000000000000000000000000000000000000000000000000000000000000000000000000000000000000000000000000000000000000000000000000000000000000000000000000000000000000000000000000000000000000000000000000000000000000000000000000000000000000000000000000000000000000000000000000000000000000000000000000000000000000000000000000000000000000000000000000000000000000000000000000000000000000000000000000000000000000000000000000000000000000000000000000000000000000000000000000000000000000000000000000000000000000000000000000000000000000000000000000000000000000000000000000000000000000000000000000000000000000000000000000000000000000000000000000000000000000000000000000000000000000000000000000000000000000000000000000000000000000000000000000000000000000000000000000000000000000000000000000000000000000000000000000000000000000000000000000000000000000000000000000000000000000000000000000000000000000000000000000000000000000000000000000000000000000000000000000000000000000000000000000000000000000000000000000000000000000000000000000000000000000000000000000000000000000000000000000000000000000000000000000000000000000000000000000000000000000000000000000000000000000000000000000000000000000000000000000000000000000000000000000000000000000000000000000000000000000000000000000000000000000000000000000000000000000000000000000000000000000000000000000000000000000000000000000000000000000000000000000000000000000000000000000000000000000000000000000000000000000000000000000000000000000000000000000000000000000000000000000000000000000000000000000000000000000000000000000000000000000000000000000000000000000000000000000000000000000000000000000000000000000000000000000000000000000000000000000000000000000000000000000000000000000000000000000000000000000000000000000000000000000000000000000000000000000000000000000000000000000000000000000000000000000000000000000000000000000000000000000000000000000000000000000000000000000000000000000000000000000000000000000000000000000000000000000000000000000000000000000000000000000000000000000000000000000000000000000000000000000000000000000000000000000000000000000000000000000000000000000000000000000000000000000000000000000000000000000000000000000000000000000000000000000000000000000000000000000000000000000000000000000000000000000000000000000000000000000000000000000000000000000000000000000000000000000000000000000000000000000000000000000000000000000000000000000000000000000000000000000000000000000000000000000000000000000000000000000000000000000000000000000000000000000000000000000000000000000000000000000000000000000000000000000000000000000000000000000000000000000000000000000000000000000000000000000000000000000000000000000000000000000000000000000000000000000000000000000000000000000000000000000000000000000000000000000000000000000000000000000000000000000000000000000000000000000000000000000000000000000000000000000000000000000000000000000000000000000000000000000000000000000000000000000000000000000000000000000000000000000000000000000000000000000000000000000000000000000000000000000000000000000000000000000000000000000000000000000000000000000000000000000000000000000000000000000000000000000000000000000000000000000000000000000000000000000000000000000000000000000000000000000000000000000000000000000000000000000000000000000000000000000000000000000000000000000000000000000000000000000000000000000000000000000000000000000000000000000000000000000000000000000000000000000000000000000000000000000000000000000000000000000000000000000000000000000000000000000000000000000000000000000000000000000000000000000000000000000000000000000000000000000000000000000000000000000000000000000000000000000000000000000000000000000000000000000000000000000000000000000000000000000000000000000000000000000000000000000000000000000000000000000000000000000000000000000000000000000000000000000000000000000000000000000000000000000000000000000000000000000000000000000000000000000000000000000000000000000000000000000000000000000000000000000000000000000000000000000000000000000000000000000000000000000000000000000000000000000000000000000000000000000000000000000000000000000000000000000000000000000000000000000000000000000000000000000000000000000000000000000000000000000000000000000000000000000000000000000000000000000000000000000000000000000000000000000000000000000000000000000000000000000000000000000000000000000000000000000000000000000000000000000000000000000000000000000000000000000000000000000000000000000000000000000000000000000000000000000000000000000000000000000000000000000000000000000000000000000000000000000000000000000000000000000000000000000000000000000000000000000000000000000000000000000000000000000000000000000000000000000000000000000000000000000000000000000000000000000000000000000000000000000000000000000000000000000000000000000000000000000000000000000000000000000000000000000000000000000000000000000000000000000000000000000000000000000000000000000000000000000000000000000000000000000000000000000000000000000000000000000000000000000000000000000000000000000000000000000000000000000000000000000000000000000000000000000000000000000000000000000000000000000000000000000000000000000000000000000000000000000000000000000000000000000000000000000000000000000000000000000000000000000000000000000000000000000000000000000000000000000000000000000000000000000000000000000000000000000000000000000000000000000000000000000000000000000000000000000000000000000000000000000000000000000000000000000000000000000000000000000000000000000000000000000000000000000000000000000000000000000000000000000000000000000000000000000000000000000000000000000000000000000000000000000000000000000000000000000000000000000000000000000000000000000000000000000000000000000000000000000000000000000000000000000000000000000000000000000000000000000000000000000000000000000000000000000000000000000000000000000000000000000000000000000000000000000000000000000000000000000000000000000000000000000000000000000000000000000000000000000000000000000000000000000000000000000000000000000000000000000000000000000000000000000000000000000000000000000000000000000000000000000000000000000000000000000000000000000000000000000000000000000000000000000000000000000000000000000000000000000000000000000000000000000000000000000000000000000000000000000000000000000000000000000000000000000000000000000000000000000000000000000000000000000000000000000000000000000000000000000000000000000000000000000000000000000000000000000000000000000000000000000000000000000000000000000000000000000000000000000000000000000000000000000000000000000000000000000000000000000000000000000000000000000000000000000000000000000000000000000000000000000000000000000000000000000000000000000000000000000000000000000000000000000000000000000000000000000000000000000000000000000000000000000000000000000000000000000000000000000000000000000000000000000000000000000000000000000000000000000000000000000000000000000000000000000000000000000000000000000000000000000000000000000000000000000000000000000000000000000000000000000000000000000000000000000000000000000000000000000000000000000000000000000000000000000000000000000000000000000000000000000000000000000000000000000000000000000000000000000000000000000000000000000000000000000000000000000000000000000000000000000000000000000000000000000000000000000000000000000000000000000000000000000000000000000000000000000000000000000000000000000000000000000000000000000000000000000000000000000000000000000000000000000000000000000000000000000000000000000000000000000000000000000000000000000000000000000000000000000000000000000000000000000000000000000000000000000000000000000000000000000000000000000000000000000000000000000000000000000000000000000000000000000000000000000000000000000000000000000000000000000000000000000000000000000000000000000000000000000000000000000000000000000000000000000000000000000000000000000000000000000000000000000000000000000000000000000000000000000000000000000000000000000000000000000000000000000000000000000000000000000000000000000000000000000000000000000000000000000000000000000000000000000000000000000000000000000000000000000000000000000000000000000000000000000000000000000000000000000000000000000000000000000000000000000000000000000000000000000000000000000000000000000000000000000000000000000000000000000000000000000000000000000000000000000000000000000000000000000000000000000000000000000000000000000000000000000000000000000000000000000000000000000000000000000000000000000000000000000000000000000000000000000000000000000000000000000000000000000000000000000000000000000000000000000000000000000000000000000000000000000000000000000000000000000000000000000000000000000000000000000000000000000000000000000000000000000000000000000000000000000000000000000000000000000000000000000000000000000000000000000000000000000000000000000000000000000000000000000000000000000000000000000000000000000000000000000000000000000000000000000000000000000000000000000000000000000000000000000000000000000000000000000000000000000000000000000000000000000000000000000000000000000000000000000000000000000000000000000000000000000000000000000000000000000000000000000000000000000000000000000000000000000000000000000000000000000000000000000000000000000000000000000000000000000000000000000000000000000000000000000000000000000000000000000000000000000000000000000000000000000000000000000000000000000000000000000000000000000000000000000000000000000000000000000000000000000000000000000000000000000000000000000000000000000000000000000000000000000000000000000000000000000000000000000000000000000000000000000000000000000000000000000000000000000000000000000000000000000000000000000000000000000000000000000000000000000000000000000000000000000000000000000000000000000000000000000000000000000000000000000000000000000000000000000000000000000000000000000000000000000000000000000000000000000000000000000000000000000000000000000000000000000000000000000000000000000000000000000000000000000000000000000000000000000000000000000000000000000000000000000000000000000000000000000000000000000000000000000000000000000000000000000000000000000000000000000000000000000000000000000000000000000000000000000000000000000000000000000000000000000000000000000000000000000000000000000000000000000000000000000000000000000000000000000000000000000000000000000000000000000000000000000000000000000000000000000000000000000000000000000000000000000000000000000000000000000000000000000000000000000000000000000000000000000000000000000000000000000000000000000000000000000000000000000000000000000000000000000000000000000000000000000000000000000000000000000000000000000000000000000000000000000000000000000000000000000000000000000000000000000000000000000000000000000000000000000000000000000000000000000000000000000000000000000000000000000000000000000000000000000000000000000000000000000000000000000000000000000000000000000000000000000000000000000000000000000000000000000000000000000000000000000000000000000000000000000000000000000000000000000000000000000000000000000000000000000000000000000000000000000000000000000000000000000000000000000000000000000000000000000000000000000000000000000000000000000000000000000000000000000000000000000000000000000000000000000000000000000000000000000000000000000000000000000000000000000000000000000000000000000000000000000000000000000000000000000000000000000000000000000000000000000000000000000000000000000000000000000000000000000000000000000000000000000000000000000000000000000000000000000000000000000000000000000000000000000000000000000000000000000000000000000000000000000000000000000000000000000000000000000000000000000000000000000000000000000000000000000000000000000000000000000000000000000000000000000000000000000000000000000000000000000000000000000000000000000000000000000000000000000000000000000000000000000000000000000000000000000000000000000000000000000000000000000000000000000000000000000000000000000000000000000000000000000000000000000000000000000000000000000000000000000000000000000000000000000000000000000000000000000000000000000000000000000000000000000000000000000000000000000000000000000000000000000000000000000000000000000000000000000000000000000000000000000000000000000000000000000000000000000000000000000000000000000000000000000000000000000000000000000000000000000000000000000000000000000000000000000000000000000000000000000000000000000000000000000000000000000000000000000000000000000000000000000000000000000000000000000000000000000000000000000000000000000000000000000000000000000000000000000000000000000000000000000000000000000000000000000000000000000000000000000000000000000000000000000000000000000000000000000000000000000000000000000000000000000000000000000000000000000000000000000000000000000000000000000000000000000000000000000000000000000000000000000000000000000000000000000000000000000000000000000000000000000000000000000000000000000000000000000000000000000000000000000000000000000000000000000000000000000000000000000000000000000000000000000000000000000000000000000000000000000000000000000000000000000000000000000000000000000000000000000000000000000000000000000000000000000000000000000000000000000000000000000000000000000000000000000000000000000000000000000000000000000000000000000000000000000000000000000000000000000000000000000000000000000000000000000000000000000000000000000000000000000000000000000000000000000000000000000000000000000000000000000000000000000000000000000000000000000000000000000000000000000000000000000000000000000000000000000000000000000000000000000000000000000000000000000000000000000000000000000000000000000000000000000000000000000000000000000000000000000000000000000000000000000000000000000000000000000000000000000000000000000000000000000000000000000000000000000000000000000000000000000000000000000000000000000000000000000000000000000000000000000000000000000000000000000000000000000000000000000000000000000000000000000000000000000000000000000000000000000000000000000000000000000000000000000000000000000000000000000000000000000000000000000000000000000000000000000000000000000000000000000000000000000000000000000000000000000000000000000000000000000000000000000000000000000000000000000000000000000000000000000000000000000000000000000000000000000000000000000000000000000000000000000000000000000000000000000000000000000000000000000000000000000000000000000000000000000000000000000000000000000000000000000000000000000000000000000000000000000000000000000000000000000000000000000000000000000000000000000000000000000000000000000000000000000000000000000000000000000000000000000000000000000000000000000000000000000000000000000000000000000000000000000000000000000000000000000000000000000000000000000000000000000000000000000000000000000000000000000000000000000000000000000000000000000000000000000000000000000000000000000000000000000000000000000000000000000000000000000000000000000000000000000000000000000000000000000000000000000000000000000000000000000000000000000000000000000000000000000000000000000000000000000000000000000000000000000000000000000000000000000000000000000000000000000000000000000000000000000000000000000000000000000000000000000000000000000000000000000000000000000000000000000000000000000000000000000000000000000000000000000000000000000000000000000000000000000000000000000000000000000000000000000000000000000000000000000000000000000000000000000000000000000000000000000000000000000000000000000000000000000000000000000000000000000000000000000000000000000000000000000000000000000000000000000000000000000000000000000000000000000000000000000000000000000000000000000000000000000000000000000000000000000000000000000000000000000000000000000000000000000000000000000000000000000000000000000000000000000000000000000000000000000000000000000000000000000000000000000000000000000000000000000000000000000000000000000000000000000000000000000000000000000000000000000000000000000000000000000000000000000000000000000000000000000000000000000000000000000000000000000000000000000000000000000000000000000000000000000)
GO
GO
SET IDENTITY_INSERT [dbo].[torneo_imagen] OFF
GO

-- ----------------------------
-- Indexes structure for table academia
-- ----------------------------

-- ----------------------------
-- Primary Key structure for table academia
-- ----------------------------
ALTER TABLE [dbo].[academia] ADD PRIMARY KEY ([id_academia])
GO

-- ----------------------------
-- Indexes structure for table alumno
-- ----------------------------

-- ----------------------------
-- Primary Key structure for table alumno
-- ----------------------------
ALTER TABLE [dbo].[alumno] ADD PRIMARY KEY ([id_alumno])
GO

-- ----------------------------
-- Indexes structure for table alumno_imagen
-- ----------------------------

-- ----------------------------
-- Primary Key structure for table alumno_imagen
-- ----------------------------
ALTER TABLE [dbo].[alumno_imagen] ADD PRIMARY KEY ([id_alumnoimagen])
GO

-- ----------------------------
-- Indexes structure for table alumnoxfaja
-- ----------------------------

-- ----------------------------
-- Primary Key structure for table alumnoxfaja
-- ----------------------------
ALTER TABLE [dbo].[alumnoxfaja] ADD PRIMARY KEY ([id_alumnoxfaja])
GO

-- ----------------------------
-- Indexes structure for table asistencia_clase
-- ----------------------------

-- ----------------------------
-- Primary Key structure for table asistencia_clase
-- ----------------------------
ALTER TABLE [dbo].[asistencia_clase] ADD PRIMARY KEY ([id_asistencia])
GO

-- ----------------------------
-- Indexes structure for table categoria
-- ----------------------------

-- ----------------------------
-- Primary Key structure for table categoria
-- ----------------------------
ALTER TABLE [dbo].[categoria] ADD PRIMARY KEY ([id_categoria])
GO

-- ----------------------------
-- Indexes structure for table categoria_torneo
-- ----------------------------

-- ----------------------------
-- Primary Key structure for table categoria_torneo
-- ----------------------------
ALTER TABLE [dbo].[categoria_torneo] ADD PRIMARY KEY ([id_categoria_torneo])
GO

-- ----------------------------
-- Indexes structure for table ciudad
-- ----------------------------

-- ----------------------------
-- Primary Key structure for table ciudad
-- ----------------------------
ALTER TABLE [dbo].[ciudad] ADD PRIMARY KEY ([id_ciudad])
GO

-- ----------------------------
-- Indexes structure for table clase
-- ----------------------------

-- ----------------------------
-- Primary Key structure for table clase
-- ----------------------------
ALTER TABLE [dbo].[clase] ADD PRIMARY KEY ([id_clase])
GO

-- ----------------------------
-- Indexes structure for table detalle_pago_clase
-- ----------------------------

-- ----------------------------
-- Primary Key structure for table detalle_pago_clase
-- ----------------------------
ALTER TABLE [dbo].[detalle_pago_clase] ADD PRIMARY KEY ([id_detalle])
GO

-- ----------------------------
-- Indexes structure for table direccion
-- ----------------------------

-- ----------------------------
-- Primary Key structure for table direccion
-- ----------------------------
ALTER TABLE [dbo].[direccion] ADD PRIMARY KEY ([id_direccion])
GO

-- ----------------------------
-- Indexes structure for table estado
-- ----------------------------

-- ----------------------------
-- Primary Key structure for table estado
-- ----------------------------
ALTER TABLE [dbo].[estado] ADD PRIMARY KEY ([id_estado])
GO

-- ----------------------------
-- Indexes structure for table faja
-- ----------------------------

-- ----------------------------
-- Primary Key structure for table faja
-- ----------------------------
ALTER TABLE [dbo].[faja] ADD PRIMARY KEY ([id_faja])
GO

-- ----------------------------
-- Indexes structure for table forma_pago
-- ----------------------------

-- ----------------------------
-- Primary Key structure for table forma_pago
-- ----------------------------
ALTER TABLE [dbo].[forma_pago] ADD PRIMARY KEY ([id_forma_pago])
GO

-- ----------------------------
-- Indexes structure for table horario
-- ----------------------------

-- ----------------------------
-- Primary Key structure for table horario
-- ----------------------------
ALTER TABLE [dbo].[horario] ADD PRIMARY KEY ([id_horario])
GO

-- ----------------------------
-- Indexes structure for table inscripcion
-- ----------------------------

-- ----------------------------
-- Primary Key structure for table inscripcion
-- ----------------------------
ALTER TABLE [dbo].[inscripcion] ADD PRIMARY KEY ([id_inscripcion])
GO

-- ----------------------------
-- Indexes structure for table inscripcion_clase
-- ----------------------------

-- ----------------------------
-- Primary Key structure for table inscripcion_clase
-- ----------------------------
ALTER TABLE [dbo].[inscripcion_clase] ADD PRIMARY KEY ([id_inscripcion])
GO

-- ----------------------------
-- Indexes structure for table lucha
-- ----------------------------

-- ----------------------------
-- Primary Key structure for table lucha
-- ----------------------------
ALTER TABLE [dbo].[lucha] ADD PRIMARY KEY ([id_lucha])
GO

-- ----------------------------
-- Indexes structure for table pago_clase
-- ----------------------------

-- ----------------------------
-- Primary Key structure for table pago_clase
-- ----------------------------
ALTER TABLE [dbo].[pago_clase] ADD PRIMARY KEY ([id_pago_clase])
GO

-- ----------------------------
-- Indexes structure for table pais
-- ----------------------------

-- ----------------------------
-- Primary Key structure for table pais
-- ----------------------------
ALTER TABLE [dbo].[pais] ADD PRIMARY KEY ([id_pais])
GO

-- ----------------------------
-- Indexes structure for table parametro
-- ----------------------------

-- ----------------------------
-- Primary Key structure for table parametro
-- ----------------------------
ALTER TABLE [dbo].[parametro] ADD PRIMARY KEY ([id_parametro])
GO

-- ----------------------------
-- Indexes structure for table participante
-- ----------------------------

-- ----------------------------
-- Primary Key structure for table participante
-- ----------------------------
ALTER TABLE [dbo].[participante] ADD PRIMARY KEY ([id_participante])
GO

-- ----------------------------
-- Indexes structure for table profesor
-- ----------------------------

-- ----------------------------
-- Primary Key structure for table profesor
-- ----------------------------
ALTER TABLE [dbo].[profesor] ADD PRIMARY KEY ([id_profesor])
GO

-- ----------------------------
-- Indexes structure for table profesor_imagen
-- ----------------------------

-- ----------------------------
-- Primary Key structure for table profesor_imagen
-- ----------------------------
ALTER TABLE [dbo].[profesor_imagen] ADD PRIMARY KEY ([id_profesorimagen])
GO

-- ----------------------------
-- Indexes structure for table provincia
-- ----------------------------

-- ----------------------------
-- Primary Key structure for table provincia
-- ----------------------------
ALTER TABLE [dbo].[provincia] ADD PRIMARY KEY ([id_provincia])
GO

-- ----------------------------
-- Indexes structure for table resultado
-- ----------------------------

-- ----------------------------
-- Primary Key structure for table resultado
-- ----------------------------
ALTER TABLE [dbo].[resultado] ADD PRIMARY KEY ([id_resultado])
GO

-- ----------------------------
-- Indexes structure for table sede
-- ----------------------------

-- ----------------------------
-- Primary Key structure for table sede
-- ----------------------------
ALTER TABLE [dbo].[sede] ADD PRIMARY KEY ([id_sede])
GO

-- ----------------------------
-- Indexes structure for table seguridad_grupo
-- ----------------------------

-- ----------------------------
-- Primary Key structure for table seguridad_grupo
-- ----------------------------
ALTER TABLE [dbo].[seguridad_grupo] ADD PRIMARY KEY ([id_grupo])
GO

-- ----------------------------
-- Indexes structure for table seguridad_grupoxopcion
-- ----------------------------

-- ----------------------------
-- Primary Key structure for table seguridad_grupoxopcion
-- ----------------------------
ALTER TABLE [dbo].[seguridad_grupoxopcion] ADD PRIMARY KEY ([id_grupoxopcion])
GO

-- ----------------------------
-- Indexes structure for table seguridad_opcion
-- ----------------------------

-- ----------------------------
-- Primary Key structure for table seguridad_opcion
-- ----------------------------
ALTER TABLE [dbo].[seguridad_opcion] ADD PRIMARY KEY ([clave_opcion])
GO

-- ----------------------------
-- Indexes structure for table seguridad_usuario
-- ----------------------------

-- ----------------------------
-- Primary Key structure for table seguridad_usuario
-- ----------------------------
ALTER TABLE [dbo].[seguridad_usuario] ADD PRIMARY KEY ([id_usuario])
GO

-- ----------------------------
-- Indexes structure for table seguridad_usuarioxgrupo
-- ----------------------------

-- ----------------------------
-- Primary Key structure for table seguridad_usuarioxgrupo
-- ----------------------------
ALTER TABLE [dbo].[seguridad_usuarioxgrupo] ADD PRIMARY KEY ([id_usuarioxgrupo])
GO

-- ----------------------------
-- Indexes structure for table tipo_clase
-- ----------------------------

-- ----------------------------
-- Primary Key structure for table tipo_clase
-- ----------------------------
ALTER TABLE [dbo].[tipo_clase] ADD PRIMARY KEY ([id_tipo_clase])
GO

-- ----------------------------
-- Indexes structure for table torneo
-- ----------------------------

-- ----------------------------
-- Primary Key structure for table torneo
-- ----------------------------
ALTER TABLE [dbo].[torneo] ADD PRIMARY KEY ([id_torneo])
GO

-- ----------------------------
-- Indexes structure for table torneo_imagen
-- ----------------------------

-- ----------------------------
-- Primary Key structure for table torneo_imagen
-- ----------------------------
ALTER TABLE [dbo].[torneo_imagen] ADD PRIMARY KEY ([id_torneo_imagen])
GO

-- ----------------------------
-- Foreign Key structure for table [dbo].[academia]
-- ----------------------------
ALTER TABLE [dbo].[academia] ADD FOREIGN KEY ([id_direccion]) REFERENCES [dbo].[direccion] ([id_direccion]) ON DELETE NO ACTION ON UPDATE NO ACTION
GO

-- ----------------------------
-- Foreign Key structure for table [dbo].[alumno]
-- ----------------------------
ALTER TABLE [dbo].[alumno] ADD FOREIGN KEY ([id_direccion]) REFERENCES [dbo].[direccion] ([id_direccion]) ON DELETE NO ACTION ON UPDATE NO ACTION
GO
ALTER TABLE [dbo].[alumno] ADD FOREIGN KEY ([id_usuario]) REFERENCES [dbo].[seguridad_usuario] ([id_usuario]) ON DELETE NO ACTION ON UPDATE NO ACTION
GO

-- ----------------------------
-- Foreign Key structure for table [dbo].[alumno_imagen]
-- ----------------------------
ALTER TABLE [dbo].[alumno_imagen] ADD FOREIGN KEY ([id_alumno]) REFERENCES [dbo].[alumno] ([id_alumno]) ON DELETE CASCADE ON UPDATE NO ACTION
GO

-- ----------------------------
-- Foreign Key structure for table [dbo].[alumnoxfaja]
-- ----------------------------
ALTER TABLE [dbo].[alumnoxfaja] ADD FOREIGN KEY ([id_alumno]) REFERENCES [dbo].[alumno] ([id_alumno]) ON DELETE NO ACTION ON UPDATE NO ACTION
GO
ALTER TABLE [dbo].[alumnoxfaja] ADD FOREIGN KEY ([id_faja]) REFERENCES [dbo].[faja] ([id_faja]) ON DELETE NO ACTION ON UPDATE NO ACTION
GO

-- ----------------------------
-- Foreign Key structure for table [dbo].[asistencia_clase]
-- ----------------------------
ALTER TABLE [dbo].[asistencia_clase] ADD FOREIGN KEY ([id_alumno]) REFERENCES [dbo].[alumno] ([id_alumno]) ON DELETE NO ACTION ON UPDATE NO ACTION
GO
ALTER TABLE [dbo].[asistencia_clase] ADD FOREIGN KEY ([id_tipo_clase]) REFERENCES [dbo].[tipo_clase] ([id_tipo_clase]) ON DELETE NO ACTION ON UPDATE NO ACTION
GO

-- ----------------------------
-- Foreign Key structure for table [dbo].[categoria]
-- ----------------------------
ALTER TABLE [dbo].[categoria] ADD FOREIGN KEY ([id_tipo_clase]) REFERENCES [dbo].[tipo_clase] ([id_tipo_clase]) ON DELETE NO ACTION ON UPDATE NO ACTION
GO

-- ----------------------------
-- Foreign Key structure for table [dbo].[categoria_torneo]
-- ----------------------------
ALTER TABLE [dbo].[categoria_torneo] ADD FOREIGN KEY ([id_categoria]) REFERENCES [dbo].[categoria] ([id_categoria]) ON DELETE NO ACTION ON UPDATE NO ACTION
GO

-- ----------------------------
-- Foreign Key structure for table [dbo].[ciudad]
-- ----------------------------
ALTER TABLE [dbo].[ciudad] ADD FOREIGN KEY ([id_provincia]) REFERENCES [dbo].[provincia] ([id_provincia]) ON DELETE NO ACTION ON UPDATE NO ACTION
GO

-- ----------------------------
-- Foreign Key structure for table [dbo].[clase]
-- ----------------------------
ALTER TABLE [dbo].[clase] ADD FOREIGN KEY ([id_ubicacion]) REFERENCES [dbo].[academia] ([id_academia]) ON DELETE NO ACTION ON UPDATE NO ACTION
GO
ALTER TABLE [dbo].[clase] ADD FOREIGN KEY ([id_tipo_clase]) REFERENCES [dbo].[tipo_clase] ([id_tipo_clase]) ON DELETE NO ACTION ON UPDATE NO ACTION
GO

-- ----------------------------
-- Foreign Key structure for table [dbo].[detalle_pago_clase]
-- ----------------------------
ALTER TABLE [dbo].[detalle_pago_clase] ADD FOREIGN KEY ([id_forma_pago]) REFERENCES [dbo].[forma_pago] ([id_forma_pago]) ON DELETE NO ACTION ON UPDATE NO ACTION
GO
ALTER TABLE [dbo].[detalle_pago_clase] ADD FOREIGN KEY ([id_pago_clase]) REFERENCES [dbo].[pago_clase] ([id_pago_clase]) ON DELETE NO ACTION ON UPDATE NO ACTION
GO

-- ----------------------------
-- Foreign Key structure for table [dbo].[direccion]
-- ----------------------------
ALTER TABLE [dbo].[direccion] ADD FOREIGN KEY ([id_ciudad]) REFERENCES [dbo].[ciudad] ([id_ciudad]) ON DELETE NO ACTION ON UPDATE NO ACTION
GO

-- ----------------------------
-- Foreign Key structure for table [dbo].[faja]
-- ----------------------------
ALTER TABLE [dbo].[faja] ADD FOREIGN KEY ([id_tipo_clase]) REFERENCES [dbo].[tipo_clase] ([id_tipo_clase]) ON DELETE NO ACTION ON UPDATE NO ACTION
GO

-- ----------------------------
-- Foreign Key structure for table [dbo].[horario]
-- ----------------------------
ALTER TABLE [dbo].[horario] ADD FOREIGN KEY ([id_clase]) REFERENCES [dbo].[clase] ([id_clase]) ON DELETE NO ACTION ON UPDATE NO ACTION
GO

-- ----------------------------
-- Foreign Key structure for table [dbo].[inscripcion]
-- ----------------------------
ALTER TABLE [dbo].[inscripcion] ADD FOREIGN KEY ([id_categoria]) REFERENCES [dbo].[categoria] ([id_categoria]) ON DELETE NO ACTION ON UPDATE NO ACTION
GO
ALTER TABLE [dbo].[inscripcion] ADD FOREIGN KEY ([id_participante]) REFERENCES [dbo].[participante] ([id_participante]) ON DELETE NO ACTION ON UPDATE NO ACTION
GO
ALTER TABLE [dbo].[inscripcion] ADD FOREIGN KEY ([id_torneo]) REFERENCES [dbo].[torneo] ([id_torneo]) ON DELETE NO ACTION ON UPDATE NO ACTION
GO
ALTER TABLE [dbo].[inscripcion] ADD FOREIGN KEY ([id_faja]) REFERENCES [dbo].[faja] ([id_faja]) ON DELETE NO ACTION ON UPDATE NO ACTION
GO

-- ----------------------------
-- Foreign Key structure for table [dbo].[inscripcion_clase]
-- ----------------------------
ALTER TABLE [dbo].[inscripcion_clase] ADD FOREIGN KEY ([id_alumno]) REFERENCES [dbo].[alumno] ([id_alumno]) ON DELETE NO ACTION ON UPDATE NO ACTION
GO

-- ----------------------------
-- Foreign Key structure for table [dbo].[lucha]
-- ----------------------------
ALTER TABLE [dbo].[lucha] ADD FOREIGN KEY ([id_participante1]) REFERENCES [dbo].[participante] ([id_participante]) ON DELETE NO ACTION ON UPDATE NO ACTION
GO
ALTER TABLE [dbo].[lucha] ADD FOREIGN KEY ([id_participante2]) REFERENCES [dbo].[participante] ([id_participante]) ON DELETE NO ACTION ON UPDATE NO ACTION
GO
ALTER TABLE [dbo].[lucha] ADD FOREIGN KEY ([id_resultado]) REFERENCES [dbo].[resultado] ([id_resultado]) ON DELETE NO ACTION ON UPDATE NO ACTION
GO
ALTER TABLE [dbo].[lucha] ADD FOREIGN KEY ([id_torneo]) REFERENCES [dbo].[torneo] ([id_torneo]) ON DELETE NO ACTION ON UPDATE NO ACTION
GO

-- ----------------------------
-- Foreign Key structure for table [dbo].[pago_clase]
-- ----------------------------
ALTER TABLE [dbo].[pago_clase] ADD FOREIGN KEY ([id_alumno]) REFERENCES [dbo].[alumno] ([id_alumno]) ON DELETE NO ACTION ON UPDATE NO ACTION
GO
ALTER TABLE [dbo].[pago_clase] ADD FOREIGN KEY ([id_clase]) REFERENCES [dbo].[clase] ([id_clase]) ON DELETE NO ACTION ON UPDATE NO ACTION
GO

-- ----------------------------
-- Foreign Key structure for table [dbo].[participante]
-- ----------------------------
ALTER TABLE [dbo].[participante] ADD FOREIGN KEY ([id_alumno]) REFERENCES [dbo].[alumno] ([id_alumno]) ON DELETE NO ACTION ON UPDATE NO ACTION
GO

-- ----------------------------
-- Foreign Key structure for table [dbo].[profesor]
-- ----------------------------
ALTER TABLE [dbo].[profesor] ADD FOREIGN KEY ([id_direccion]) REFERENCES [dbo].[direccion] ([id_direccion]) ON DELETE NO ACTION ON UPDATE NO ACTION
GO
ALTER TABLE [dbo].[profesor] ADD FOREIGN KEY ([id_usuario]) REFERENCES [dbo].[seguridad_usuario] ([id_usuario]) ON DELETE NO ACTION ON UPDATE NO ACTION
GO

-- ----------------------------
-- Foreign Key structure for table [dbo].[profesor_imagen]
-- ----------------------------
ALTER TABLE [dbo].[profesor_imagen] ADD FOREIGN KEY ([id_profesor]) REFERENCES [dbo].[profesor] ([id_profesor]) ON DELETE CASCADE ON UPDATE NO ACTION
GO

-- ----------------------------
-- Foreign Key structure for table [dbo].[provincia]
-- ----------------------------
ALTER TABLE [dbo].[provincia] ADD FOREIGN KEY ([id_pais]) REFERENCES [dbo].[pais] ([id_pais]) ON DELETE NO ACTION ON UPDATE NO ACTION
GO

-- ----------------------------
-- Foreign Key structure for table [dbo].[sede]
-- ----------------------------
ALTER TABLE [dbo].[sede] ADD FOREIGN KEY ([id_direccion]) REFERENCES [dbo].[direccion] ([id_direccion]) ON DELETE NO ACTION ON UPDATE NO ACTION
GO

-- ----------------------------
-- Foreign Key structure for table [dbo].[seguridad_grupoxopcion]
-- ----------------------------
ALTER TABLE [dbo].[seguridad_grupoxopcion] ADD FOREIGN KEY ([clave_opcion]) REFERENCES [dbo].[seguridad_opcion] ([clave_opcion]) ON DELETE CASCADE ON UPDATE NO ACTION
GO
ALTER TABLE [dbo].[seguridad_grupoxopcion] ADD FOREIGN KEY ([id_grupo]) REFERENCES [dbo].[seguridad_grupo] ([id_grupo]) ON DELETE CASCADE ON UPDATE NO ACTION
GO

-- ----------------------------
-- Foreign Key structure for table [dbo].[seguridad_usuarioxgrupo]
-- ----------------------------
ALTER TABLE [dbo].[seguridad_usuarioxgrupo] ADD FOREIGN KEY ([id_grupo]) REFERENCES [dbo].[seguridad_grupo] ([id_grupo]) ON DELETE CASCADE ON UPDATE NO ACTION
GO
ALTER TABLE [dbo].[seguridad_usuarioxgrupo] ADD FOREIGN KEY ([id_usuario]) REFERENCES [dbo].[seguridad_usuario] ([id_usuario]) ON DELETE CASCADE ON UPDATE NO ACTION
GO

-- ----------------------------
-- Foreign Key structure for table [dbo].[torneo]
-- ----------------------------
ALTER TABLE [dbo].[torneo] ADD FOREIGN KEY ([id_estado]) REFERENCES [dbo].[estado] ([id_estado]) ON DELETE NO ACTION ON UPDATE NO ACTION
GO
ALTER TABLE [dbo].[torneo] ADD FOREIGN KEY ([id_sede]) REFERENCES [dbo].[sede] ([id_sede]) ON DELETE NO ACTION ON UPDATE NO ACTION
GO
ALTER TABLE [dbo].[torneo] ADD FOREIGN KEY ([id_tipo_clase]) REFERENCES [dbo].[tipo_clase] ([id_tipo_clase]) ON DELETE NO ACTION ON UPDATE NO ACTION
GO

-- ----------------------------
-- Foreign Key structure for table [dbo].[torneo_imagen]
-- ----------------------------
ALTER TABLE [dbo].[torneo_imagen] ADD FOREIGN KEY ([id_torneo]) REFERENCES [dbo].[torneo] ([id_torneo]) ON DELETE NO ACTION ON UPDATE NO ACTION
GO
